+ cd 00
+ ./hexcompile
+ cd 01
+ ../00/hexcompile
+ ./out00
+ cd 02
+ ../01/out00
+ ./out01
+ cd 03
+ ../02/out01
+ ./out02
+ cd 04
+ ../03/out02
+ ./out03
+ cd 04a
+ ../04/out03
+ ./out04
+ TCCDIR=tcc-0.9.27
+ TCC=tcc-0.9.27/tcc
+ TCC0=tcc-0.9.27/tcc0
+ TCCINST=tcc-bootstrap
+ cd 05
+ ../04a/out04 main.b in04
+ ../04/out03 in04 out04
+ ./out04
Preprocessing...
Including stdio.h
Including stdc_common.h
Including stdarg.h
Turning preprocessing tokens into tokens...
Parsing...
Parsed read
Parsed write
Parsed _Exit
Parsed kill
Parsed getpid
Parsed fork
Parsed execve
Parsed gettimeofday
Parsed getcwd
Parsed wait4
Parsed abort
Parsed clock_gettime
Parsed access
Parsed __assert_failed
Parsed _clamp_long_to_int
Parsed _clamp_long_to_short
Parsed _clamp_ulong_to_uint
Parsed _clamp_ulong_to_ushort
Parsed mmap
Parsed munmap
Parsed mprotect
Parsed _mremap
Parsed malloc
Parsed free
Parsed strlen
Parsed memcpy
Parsed isspace
Parsed isdigit
Parsed _isdigit_in_base
Parsed memset
Parsed strtoul
Parsed strtol
Parsed strtoll
Parsed strtoull
Parsed _strtol_clamped
Parsed _normalize_float
Parsed _Float_to_double
Parsed _int_pow10
Parsed strtod
Parsed strtof
Parsed strtold
Parsed strerror
Parsed exit
Parsed _main
Parsed _stbsp__lead_sign
Parsed _stbsp__strlen_limited
Parsed __vsprintfcb
Parsed sprintf
Parsed stbsp__clamp_callback
Parsed stbsp__count_clamp_callback
Parsed vsnprintf
Parsed snprintf
Parsed vsprintf
Parsed _stbsp__real_to_parts
Parsed stbsp__raise_to_power10
Parsed _stbsp__real_to_str
Parsed lseek
Parsed fwrite
Parsed fread
Parsed __fprintf_callback
Parsed vfprintf
Parsed fprintf
Parsed vprintf
Parsed printf
Parsed open
Parsed close
Parsed _fopen_flags_from_mode
Parsed _FILE_from_fd
Parsed fopen
Parsed fdopen
Parsed fclose
Parsed fflush
Parsed freopen
Parsed unlink
Parsed rmdir
Parsed remove
Parsed rename
Parsed tmpnam
Parsed tmpfile
Parsed getc
Parsed fgetc
Parsed fgets
Parsed putc
Parsed fputc
Parsed fputs
Parsed getchar
Parsed gets
Parsed putchar
Parsed puts
Parsed ungetc
Parsed fgetpos
Parsed fsetpos
Parsed fseek
Parsed ftell
Parsed rewind
Parsed clearerr
Parsed feof
Parsed ferror
Parsed setbuf
Parsed setvbuf
Parsed _str_next_char
Parsed _file_next_char
Parsed _str_peek_char
Parsed _file_peek_char
Parsed _bad_scanf
Parsed _parse_escape_sequence
Parsed _vscanf
Parsed fscanf
Parsed sscanf
Parsed scanf
Parsed perror
Parsed main
First codegen pass...
Generating code for read
Generating code for write
Generating code for _Exit
Generating code for kill
Generating code for getpid
Generating code for fork
Generating code for execve
Generating code for gettimeofday
Generating code for getcwd
Generating code for wait4
Generating code for abort
Generating code for clock_gettime
Generating code for access
Generating code for __assert_failed
Generating code for _clamp_long_to_int
Generating code for _clamp_long_to_short
Generating code for _clamp_ulong_to_uint
Generating code for _clamp_ulong_to_ushort
Generating code for mmap
Generating code for munmap
Generating code for mprotect
Generating code for _mremap
Generating code for malloc
Generating code for free
Generating code for strlen
Generating code for memcpy
Generating code for isspace
Generating code for isdigit
Generating code for _isdigit_in_base
Generating code for memset
Generating code for strtoul
Generating code for strtol
Generating code for strtoll
Generating code for strtoull
Generating code for _strtol_clamped
Generating code for _normalize_float
Generating code for _Float_to_double
Generating code for _int_pow10
Generating code for strtod
Generating code for strtof
Generating code for strtold
Generating code for strerror
Generating code for exit
Generating code for _main
Generating code for _stbsp__lead_sign
Generating code for _stbsp__strlen_limited
Generating code for __vsprintfcb
Generating code for sprintf
Generating code for stbsp__clamp_callback
Generating code for stbsp__count_clamp_callback
Generating code for vsnprintf
Generating code for snprintf
Generating code for vsprintf
Generating code for _stbsp__real_to_parts
Generating code for stbsp__raise_to_power10
Generating code for _stbsp__real_to_str
Generating code for lseek
Generating code for fwrite
Generating code for fread
Generating code for __fprintf_callback
Generating code for vfprintf
Generating code for fprintf
Generating code for vprintf
Generating code for printf
Generating code for open
Generating code for close
Generating code for _fopen_flags_from_mode
Generating code for _FILE_from_fd
Generating code for fopen
Generating code for fdopen
Generating code for fclose
Generating code for fflush
Generating code for freopen
Generating code for unlink
Generating code for rmdir
Generating code for remove
Generating code for rename
Generating code for tmpnam
Generating code for tmpfile
Generating code for getc
Generating code for fgetc
Generating code for fgets
Generating code for putc
Generating code for fputc
Generating code for fputs
Generating code for getchar
Generating code for gets
Generating code for putchar
Generating code for puts
Generating code for ungetc
Generating code for fgetpos
Generating code for fsetpos
Generating code for fseek
Generating code for ftell
Generating code for rewind
Generating code for clearerr
Generating code for feof
Generating code for ferror
Generating code for setbuf
Generating code for setvbuf
Generating code for _str_next_char
Generating code for _file_next_char
Generating code for _str_peek_char
Generating code for _file_peek_char
Generating code for _bad_scanf
Generating code for _parse_escape_sequence
Generating code for _vscanf
Generating code for fscanf
Generating code for sscanf
Generating code for scanf
Generating code for perror
Generating code for main
Second codegen pass...
Generating code for read
Generating code for write
Generating code for _Exit
Generating code for kill
Generating code for getpid
Generating code for fork
Generating code for execve
Generating code for gettimeofday
Generating code for getcwd
Generating code for wait4
Generating code for abort
Generating code for clock_gettime
Generating code for access
Generating code for __assert_failed
Generating code for _clamp_long_to_int
Generating code for _clamp_long_to_short
Generating code for _clamp_ulong_to_uint
Generating code for _clamp_ulong_to_ushort
Generating code for mmap
Generating code for munmap
Generating code for mprotect
Generating code for _mremap
Generating code for malloc
Generating code for free
Generating code for strlen
Generating code for memcpy
Generating code for isspace
Generating code for isdigit
Generating code for _isdigit_in_base
Generating code for memset
Generating code for strtoul
Generating code for strtol
Generating code for strtoll
Generating code for strtoull
Generating code for _strtol_clamped
Generating code for _normalize_float
Generating code for _Float_to_double
Generating code for _int_pow10
Generating code for strtod
Generating code for strtof
Generating code for strtold
Generating code for strerror
Generating code for exit
Generating code for _main
Generating code for _stbsp__lead_sign
Generating code for _stbsp__strlen_limited
Generating code for __vsprintfcb
Generating code for sprintf
Generating code for stbsp__clamp_callback
Generating code for stbsp__count_clamp_callback
Generating code for vsnprintf
Generating code for snprintf
Generating code for vsprintf
Generating code for _stbsp__real_to_parts
Generating code for stbsp__raise_to_power10
Generating code for _stbsp__real_to_str
Generating code for lseek
Generating code for fwrite
Generating code for fread
Generating code for __fprintf_callback
Generating code for vfprintf
Generating code for fprintf
Generating code for vprintf
Generating code for printf
Generating code for open
Generating code for close
Generating code for _fopen_flags_from_mode
Generating code for _FILE_from_fd
Generating code for fopen
Generating code for fdopen
Generating code for fclose
Generating code for fflush
Generating code for freopen
Generating code for unlink
Generating code for rmdir
Generating code for remove
Generating code for rename
Generating code for tmpnam
Generating code for tmpfile
Generating code for getc
Generating code for fgetc
Generating code for fgets
Generating code for putc
Generating code for fputc
Generating code for fputs
Generating code for getchar
Generating code for gets
Generating code for putchar
Generating code for puts
Generating code for ungetc
Generating code for fgetpos
Generating code for fsetpos
Generating code for fseek
Generating code for ftell
Generating code for rewind
Generating code for clearerr
Generating code for feof
Generating code for ferror
Generating code for setbuf
Generating code for setvbuf
Generating code for _str_next_char
Generating code for _file_next_char
Generating code for _str_peek_char
Generating code for _file_peek_char
Generating code for _bad_scanf
Generating code for _parse_escape_sequence
Generating code for _vscanf
Generating code for fscanf
Generating code for sscanf
Generating code for scanf
Generating code for perror
Generating code for main
+ cd tcc-0.9.27
+ ../out04 tcc.c tcc0
Preprocessing...
Including tcc.h
Including config.h
Including stdlib.h
Including stdc_common.h
Including stdio.h
Including stdc_common.h
Including stdarg.h
Including stdarg.h
Including string.h
Including stdc_common.h
Including errno.h
Including stdc_common.h
Including math.h
Including stdc_common.h
Including float.h
Including setjmp.h
Including stdc_common.h
Including time.h
Including stdc_common.h
Including libtcc.h
Including elf.h
Including inttypes.h
Including stdint.h
Including stdc_common.h
Including stab.h
Including stab.def
Including x86_64-gen.c
Including x86_64-link.c
Including tcctok.h
Including libtcc.c
Including tcc.h
Including tccpp.c
Including tcc.h
Including tcctok.h
Including tccgen.c
Including tcc.h
Including tccelf.c
Including tcc.h
Including tccrun.c
Including tcc.h
Including x86_64-gen.c
Including tcc.h
Including assert.h
Including stdc_common.h
Including x86_64-link.c
Including tcc.h
Including i386-asm.c
Including tcc.h
Including x86_64-asm.h
Including x86_64-asm.h
Including tccasm.c
Including tcc.h
Including tcctools.c
Including tcc.h
Turning preprocessing tokens into tokens...
Parsing...
Parsed read
Parsed write
Parsed _Exit
Parsed kill
Parsed getpid
Parsed fork
Parsed execve
Parsed gettimeofday
Parsed getcwd
Parsed wait4
Parsed abort
Parsed clock_gettime
Parsed access
Parsed __assert_failed
Parsed _clamp_long_to_int
Parsed _clamp_long_to_short
Parsed _clamp_ulong_to_uint
Parsed _clamp_ulong_to_ushort
Parsed mmap
Parsed munmap
Parsed mprotect
Parsed _mremap
Parsed malloc
Parsed free
Parsed strlen
Parsed memcpy
Parsed isspace
Parsed isdigit
Parsed _isdigit_in_base
Parsed memset
Parsed strtoul
Parsed strtol
Parsed strtoll
Parsed strtoull
Parsed _strtol_clamped
Parsed _normalize_float
Parsed _Float_to_double
Parsed _int_pow10
Parsed strtod
Parsed strtof
Parsed strtold
Parsed strerror
Parsed exit
Parsed _main
Parsed execvp
Parsed getenv
Parsed atof
Parsed atoi
Parsed atol
Parsed rand
Parsed srand
Parsed calloc
Parsed realloc
Parsed atexit
Parsed system
Parsed bsearch
Parsed qsort
Parsed abs
Parsed labs
Parsed div
Parsed ldiv
Parsed _stbsp__lead_sign
Parsed _stbsp__strlen_limited
Parsed __vsprintfcb
Parsed sprintf
Parsed stbsp__clamp_callback
Parsed stbsp__count_clamp_callback
Parsed vsnprintf
Parsed snprintf
Parsed vsprintf
Parsed _stbsp__real_to_parts
Parsed stbsp__raise_to_power10
Parsed _stbsp__real_to_str
Parsed lseek
Parsed fwrite
Parsed fread
Parsed __fprintf_callback
Parsed vfprintf
Parsed fprintf
Parsed vprintf
Parsed printf
Parsed open
Parsed close
Parsed _fopen_flags_from_mode
Parsed _FILE_from_fd
Parsed fopen
Parsed fdopen
Parsed fclose
Parsed fflush
Parsed freopen
Parsed unlink
Parsed rmdir
Parsed remove
Parsed rename
Parsed tmpnam
Parsed tmpfile
Parsed getc
Parsed fgetc
Parsed fgets
Parsed putc
Parsed fputc
Parsed fputs
Parsed getchar
Parsed gets
Parsed putchar
Parsed puts
Parsed ungetc
Parsed fgetpos
Parsed fsetpos
Parsed fseek
Parsed ftell
Parsed rewind
Parsed clearerr
Parsed feof
Parsed ferror
Parsed setbuf
Parsed setvbuf
Parsed _str_next_char
Parsed _file_next_char
Parsed _str_peek_char
Parsed _file_peek_char
Parsed _bad_scanf
Parsed _parse_escape_sequence
Parsed _vscanf
Parsed fscanf
Parsed sscanf
Parsed scanf
Parsed perror
Parsed memmove
Parsed strcpy
Parsed strncpy
Parsed strcat
Parsed strncat
Parsed memcmp
Parsed strcmp
Parsed strcoll
Parsed strncmp
Parsed strxfrm
Parsed memchr
Parsed strchr
Parsed strcspn
Parsed strpbrk
Parsed strrchr
Parsed strspn
Parsed strstr
Parsed strtok
Parsed frexp
Parsed ldexp
Parsed floor
Parsed ceil
Parsed fabs
Parsed fmod
Parsed _sin_taylor
Parsed _cos_taylor
Parsed sin
Parsed cos
Parsed tan
Parsed sqrt
Parsed _acos_newton
Parsed _asin_newton
Parsed acos
Parsed asin
Parsed atan
Parsed atan2
Parsed _exp_taylor
Parsed exp
Parsed log
Parsed log10
Parsed modf
Parsed _dpowi
Parsed pow
Parsed cosh
Parsed sinh
Parsed tanh
Parsed setjmp
Parsed __longjmp
Parsed clock
Parsed difftime
Parsed time
Parsed _gmtime_r
Parsed mktime
Parsed gmtime
Parsed localtime
Parsed asctime
Parsed ctime
Parsed strftime
Parsed is_space
Parsed isid
Parsed isnum
Parsed isoct
Parsed toup
Parsed read16le
Parsed write16le
Parsed read32le
Parsed write32le
Parsed add32le
Parsed read64le
Parsed write64le
Parsed add64le
Parsed skip
Parsed expect
Parsed tal_new
Parsed tal_delete
Parsed tal_free_impl
Parsed tal_realloc_impl
Parsed cstr_realloc
Parsed cstr_ccat
Parsed cstr_cat
Parsed cstr_wccat
Parsed cstr_new
Parsed cstr_free
Parsed cstr_reset
Parsed add_char
Parsed tok_alloc_new
Parsed tok_alloc
Parsed get_tok_str
Parsed handle_eob
Parsed inp
Parsed handle_stray_noerror
Parsed handle_stray
Parsed handle_stray1
Parsed minp
Parsed parse_line_comment
Parsed parse_comment
Parsed set_idnum
Parsed skip_spaces
Parsed check_space
Parsed parse_pp_string
Parsed preprocess_skip
Parsed tok_str_new
Parsed tok_str_alloc
Parsed tok_str_dup
Parsed tok_str_free_str
Parsed tok_str_free
Parsed tok_str_realloc
Parsed tok_str_add
Parsed begin_macro
Parsed end_macro
Parsed tok_str_add2
Parsed tok_str_add_tok
Parsed TOK_GET
Parsed macro_is_equal
Parsed define_push
Parsed define_undef
Parsed define_find
Parsed free_defines
Parsed label_find
Parsed label_push
Parsed label_pop
Parsed maybe_run_test
Parsed expr_preprocess
Parsed parse_define
Parsed search_cached_include
Parsed pragma_parse
Parsed preprocess
Parsed parse_escape_string
Parsed parse_string
Parsed bn_lshift
Parsed bn_zero
Parsed parse_number
Parsed next_nomacro1
Parsed next_nomacro_spc
Parsed next_nomacro
Parsed macro_arg_subst
Parsed paste_tokens
Parsed macro_twosharps
Parsed next_argstream
Parsed macro_subst_tok
Parsed macro_subst
Parsed next
Parsed unget_tok
Parsed preprocess_start
Parsed preprocess_end
Parsed tccpp_new
Parsed tccpp_delete
Parsed tok_print
Parsed pp_line
Parsed define_print
Parsed pp_debug_defines
Parsed pp_debug_builtins
Parsed pp_need_space
Parsed pp_check_he0xE
Parsed tcc_preprocess
Parsed is_float
Parsed ieee_finite
Parsed test_lvalue
Parsed check_vstack
Parsed tcc_debug_start
Parsed tcc_debug_end
Parsed tcc_debug_line
Parsed tcc_debug_funcstart
Parsed tcc_debug_funcend
Parsed tccgen_compile
Parsed elfsym
Parsed update_storage
Parsed put_extern_sym2
Parsed put_extern_sym
Parsed greloca
Parsed __sym_malloc
Parsed sym_malloc
Parsed sym_free
Parsed sym_push2
Parsed sym_find2
Parsed struct_find
Parsed sym_find
Parsed sym_push
Parsed global_identifier_push
Parsed sym_pop
Parsed vsetc
Parsed vswap
Parsed vpop
Parsed vpush
Parsed vpushi
Parsed vpushs
Parsed vpush64
Parsed vpushll
Parsed vset
Parsed vseti
Parsed vpushv
Parsed vdup
Parsed vrotb
Parsed vrote
Parsed vrott
Parsed vpushsym
Parsed get_sym_ref
Parsed vpush_ref
Parsed external_global_sym
Parsed patch_type
Parsed patch_storage
Parsed external_sym
Parsed vpush_global_sym
Parsed save_regs
Parsed save_reg
Parsed save_reg_upstack
Parsed get_reg
Parsed move_reg
Parsed gaddrof
Parsed incr_bf_adr
Parsed load_packed_bf
Parsed store_packed_bf
Parsed adjust_bf
Parsed gv
Parsed gv2
Parsed rc_fret
Parsed reg_fret
Parsed gv_dup
Parsed gvtst
Parsed gen_opic_sdiv
Parsed gen_opic_lt
Parsed gen_opic
Parsed gen_opif
Parsed pointed_size
Parsed vla_runtime_pointed_size
Parsed is_null_pointer
Parsed is_integer_btype
Parsed check_comparison_pointer_types
Parsed gen_op
Parsed gen_cvt_itof1
Parsed gen_cvt_ftoi1
Parsed force_charshort_cast
Parsed gen_cast_s
Parsed negate_ld
Parsed gen_cast
Parsed type_size
Parsed vla_runtime_type_size
Parsed vla_sp_restore
Parsed vla_sp_restore_root
Parsed pointed_type
Parsed mk_pointer
Parsed is_compatible_func
Parsed compare_types
Parsed is_compatible_types
Parsed is_compatible_unqualified_types
Parsed type_to_str
Parsed gen_assign_cast
Parsed vstore
Parsed inc
Parsed parse_mult_str
Parsed exact_log2p1
Parsed parse_attribute
Parsed find_field
Parsed struct_add_offset
Parsed struct_layout
Parsed struct_decl
Parsed sym_to_attr
Parsed parse_btype_qualify
Parsed parse_btype
Parsed convert_parameter_type
Parsed parse_asm_str
Parsed asm_label_instr
Parsed post_type
Parsed type_decl
Parsed lvalue_type
Parsed indir
Parsed gfunc_param_typed
Parsed expr_type
Parsed parse_expr_type
Parsed parse_type
Parsed parse_builtin_params
Parsed unary
Parsed expr_prod
Parsed expr_sum
Parsed expr_shift
Parsed expr_cmp
Parsed expr_cmpeq
Parsed expr_and
Parsed expr_xor
Parsed expr_or
Parsed expr_land
Parsed expr_lor
Parsed condition_3way
Parsed expr_cond
Parsed expr_eq
Parsed gexpr
Parsed expr_const1
Parsed expr_const64
Parsed expr_const
Parsed is_label
Parsed gfunc_return
Parsed case_cmp
Parsed gcase
Parsed block
Parsed skip_or_save_block
Parsed parse_init_elem
Parsed init_putz
Parsed decl_designator
Parsed init_putv
Parsed decl_initializer
Parsed decl_initializer_alloc
Parsed gen_function
Parsed gen_inline_functions
Parsed free_inline_functions
Parsed decl0
Parsed decl
Parsed tccelf_new
Parsed tccelf_stab_new
Parsed free_section
Parsed tccelf_delete
Parsed tccelf_begin_file
Parsed tccelf_end_file
Parsed new_section
Parsed new_symtab
Parsed section_realloc
Parsed section_add
Parsed section_ptr_add
Parsed section_reserve
Parsed find_section
Parsed put_elf_str
Parsed elf_hash
Parsed rebuild_hash
Parsed put_elf_sym
Parsed find_elf_sym
Parsed get_elf_sym_addr
Parsed tcc_get_symbol
Parsed set_elf_sym
Parsed put_elf_reloca
Parsed put_elf_reloc
Parsed squeeze_multi_relocs
Parsed put_stabs
Parsed put_stabs_r
Parsed put_stabn
Parsed put_stabd
Parsed get_sym_attr
Parsed sort_syms
Parsed relocate_syms
Parsed relocate_section
Parsed relocate_rel
Parsed prepare_dynamic_rel
Parsed build_got
Parsed put_got_entry
Parsed build_got_entries
Parsed put_dt
Parsed add_init_array_defines
Parsed tcc_add_support
Parsed tcc_add_bcheck
Parsed tcc_add_runtime
Parsed tcc_add_linker_symbols
Parsed resolve_common_syms
Parsed tcc_output_binary
Parsed fill_got_entry
Parsed fill_got
Parsed fill_local_got_entries
Parsed bind_exe_dynsyms
Parsed bind_libs_dynsyms
Parsed export_global_syms
Parsed alloc_sec_names
Parsed layout_sections
Parsed fill_unloadable_phdr
Parsed fill_dynamic
Parsed final_sections_reloc
Parsed tcc_output_elf
Parsed tcc_write_elf_file
Parsed tidy_section_headers
Parsed elf_output_file
Parsed tcc_output_file
Parsed load_data
Parsed tcc_object_type
Parsed tcc_load_object_file
Parsed get_be32
Parsed get_be64
Parsed tcc_load_alacarte
Parsed tcc_load_archive
Parsed tcc_load_dll
Parsed ld_next
Parsed ld_add_file
Parsed new_undef_syms
Parsed ld_add_file_list
Parsed tcc_load_ldscript
Parsed g
Parsed o
Parsed gen_le16
Parsed gen_le32
Parsed gen_le64
Parsed orex
Parsed gsym_addr
Parsed gsym
Parsed is64_type
Parsed oad
Parsed gen_addr32
Parsed gen_addr64
Parsed gen_addrpc32
Parsed gen_gotpcrel
Parsed gen_modrm_impl
Parsed gen_modrm
Parsed gen_modrm64
Parsed load
Parsed store
Parsed gcall_or_jmp
Parsed gadd_sp
Parsed classify_x86_64_merge
Parsed classify_x86_64_inner
Parsed classify_x86_64_arg
Parsed classify_x86_64_va_arg
Parsed gfunc_sret
Parsed arg_prepare_reg
Parsed gfunc_call
Parsed push_arg_reg
Parsed gfunc_prolog
Parsed gfunc_epilog
Parsed gjmp
Parsed gjmp_addr
Parsed gtst_addr
Parsed gtst
Parsed gen_opi
Parsed gen_opl
Parsed gen_opf
Parsed gen_cvt_itof
Parsed gen_cvt_ftof
Parsed gen_cvt_ftoi
Parsed ggoto
Parsed gen_vla_sp_save
Parsed gen_vla_sp_restore
Parsed gen_vla_alloc
Parsed code_reloc
Parsed gotplt_entry_type
Parsed create_plt_entry
Parsed relocate_plt
Parsed relocate_init
Parsed relocate
Parsed get_reg_shift
Parsed asm_parse_numeric_reg
Parsed asm_parse_reg
Parsed parse_operand
Parsed gen_expr32
Parsed gen_expr64
Parsed gen_disp32
Parsed asm_modrm
Parsed asm_rex
Parsed maybe_print_stats
Parsed asm_opcode
Parsed constraint_priority
Parsed skip_constraint_modifiers
Parsed asm_parse_regvar
Parsed asm_compute_constraints
Parsed subst_asm_operand
Parsed asm_gen_code
Parsed asm_clobber
Parsed asm_get_local_label_name
Parsed asm_label_find
Parsed asm_label_push
Parsed get_asm_sym
Parsed asm_section_sym
Parsed asm_expr_unary
Parsed asm_expr_prod
Parsed asm_expr_logic
Parsed asm_expr_sum
Parsed asm_expr_cmp
Parsed asm_expr
Parsed asm_int_expr
Parsed asm_new_label1
Parsed asm_new_label
Parsed set_symbol
Parsed use_section1
Parsed use_section
Parsed push_section
Parsed pop_section
Parsed asm_parse_directive
Parsed tcc_assemble_internal
Parsed tcc_assemble
Parsed tcc_assemble_inline
Parsed find_constraint
Parsed subst_asm_operands
Parsed parse_asm_operands
Parsed asm_instr
Parsed asm_global_instr
Parsed pstrcpy
Parsed pstrcat
Parsed pstrncpy
Parsed tcc_basename
Parsed tcc_fileextension
Parsed tcc_free
Parsed tcc_malloc
Parsed tcc_mallocz
Parsed tcc_realloc
Parsed tcc_strdup
Parsed tcc_memcheck
Parsed dynarray_add
Parsed dynarray_reset
Parsed tcc_split_path
Parsed strcat_vprintf
Parsed strcat_printf
Parsed error1
Parsed tcc_set_error_func
Parsed tcc_error_noabort
Parsed tcc_error
Parsed tcc_warning
Parsed tcc_open_bf
Parsed tcc_close
Parsed tcc_open
Parsed tcc_compile
Parsed tcc_compile_string
Parsed tcc_define_symbol
Parsed tcc_undefine_symbol
Parsed tcc_cleanup
Parsed tcc_new
Parsed tcc_delete
Parsed tcc_set_output_type
Parsed tcc_add_include_path
Parsed tcc_add_sysinclude_path
Parsed tcc_add_file_internal
Parsed tcc_add_file
Parsed tcc_add_library_path
Parsed tcc_add_library_internal
Parsed tcc_add_dll
Parsed tcc_add_crt
Parsed tcc_add_library
Parsed tcc_add_library_err
Parsed tcc_add_pragma_libs
Parsed tcc_add_symbol
Parsed tcc_set_lib_path
Parsed no_flag
Parsed set_flag
Parsed strstart
Parsed link_option
Parsed skip_linker_arg
Parsed copy_linker_arg
Parsed tcc_set_linker
Parsed _init_options
Parsed parse_option_D
Parsed args_parser_add_file
Parsed args_parser_make_argv
Parsed args_parser_listfile
Parsed tcc_parse_args
Parsed tcc_set_options
Parsed tcc_print_stats
Parsed le2belong
Parsed contains_any
Parsed ar_usage
Parsed tcc_tool_ar
Parsed tcc_tool_cross
Parsed gen_makedeps
Parsed print_dirs
Parsed print_search_dirs
Parsed set_environment
Parsed default_outputfile
Parsed getclock_ms
Parsed main
Parsed __libc_start_main
First codegen pass...
Generating code for read
Generating code for write
Generating code for _Exit
Generating code for kill
Generating code for getpid
Generating code for fork
Generating code for execve
Generating code for gettimeofday
Generating code for getcwd
Generating code for wait4
Generating code for abort
Generating code for clock_gettime
Generating code for access
Generating code for __assert_failed
Generating code for _clamp_long_to_int
Generating code for _clamp_long_to_short
Generating code for _clamp_ulong_to_uint
Generating code for _clamp_ulong_to_ushort
Generating code for mmap
Generating code for munmap
Generating code for mprotect
Generating code for _mremap
Generating code for malloc
Generating code for free
Generating code for strlen
Generating code for memcpy
Generating code for isspace
Generating code for isdigit
Generating code for _isdigit_in_base
Generating code for memset
Generating code for strtoul
Generating code for strtol
Generating code for strtoll
Generating code for strtoull
Generating code for _strtol_clamped
Generating code for _normalize_float
Generating code for _Float_to_double
Generating code for _int_pow10
Generating code for strtod
Generating code for strtof
Generating code for strtold
Generating code for strerror
Generating code for exit
Generating code for _main
Generating code for execvp
Generating code for getenv
Generating code for atof
Generating code for atoi
Generating code for atol
Generating code for rand
Generating code for srand
Generating code for calloc
Generating code for realloc
Generating code for atexit
Generating code for system
Generating code for bsearch
Generating code for qsort
Generating code for abs
Generating code for labs
Generating code for div
Generating code for ldiv
Generating code for _stbsp__lead_sign
Generating code for _stbsp__strlen_limited
Generating code for __vsprintfcb
Generating code for sprintf
Generating code for stbsp__clamp_callback
Generating code for stbsp__count_clamp_callback
Generating code for vsnprintf
Generating code for snprintf
Generating code for vsprintf
Generating code for _stbsp__real_to_parts
Generating code for stbsp__raise_to_power10
Generating code for _stbsp__real_to_str
Generating code for lseek
Generating code for fwrite
Generating code for fread
Generating code for __fprintf_callback
Generating code for vfprintf
Generating code for fprintf
Generating code for vprintf
Generating code for printf
Generating code for open
Generating code for close
Generating code for _fopen_flags_from_mode
Generating code for _FILE_from_fd
Generating code for fopen
Generating code for fdopen
Generating code for fclose
Generating code for fflush
Generating code for freopen
Generating code for unlink
Generating code for rmdir
Generating code for remove
Generating code for rename
Generating code for tmpnam
Generating code for tmpfile
Generating code for getc
Generating code for fgetc
Generating code for fgets
Generating code for putc
Generating code for fputc
Generating code for fputs
Generating code for getchar
Generating code for gets
Generating code for putchar
Generating code for puts
Generating code for ungetc
Generating code for fgetpos
Generating code for fsetpos
Generating code for fseek
Generating code for ftell
Generating code for rewind
Generating code for clearerr
Generating code for feof
Generating code for ferror
Generating code for setbuf
Generating code for setvbuf
Generating code for _str_next_char
Generating code for _file_next_char
Generating code for _str_peek_char
Generating code for _file_peek_char
Generating code for _bad_scanf
Generating code for _parse_escape_sequence
Generating code for _vscanf
Generating code for fscanf
Generating code for sscanf
Generating code for scanf
Generating code for perror
Generating code for memmove
Generating code for strcpy
Generating code for strncpy
Generating code for strcat
Generating code for strncat
Generating code for memcmp
Generating code for strcmp
Generating code for strcoll
Generating code for strncmp
Generating code for strxfrm
Generating code for memchr
Generating code for strchr
Generating code for strcspn
Generating code for strpbrk
Generating code for strrchr
Generating code for strspn
Generating code for strstr
Generating code for strtok
Generating code for frexp
Generating code for ldexp
Generating code for floor
Generating code for ceil
Generating code for fabs
Generating code for fmod
Generating code for _sin_taylor
Generating code for _cos_taylor
Generating code for sin
Generating code for cos
Generating code for tan
Generating code for sqrt
Generating code for _acos_newton
Generating code for _asin_newton
Generating code for acos
Generating code for asin
Generating code for atan
Generating code for atan2
Generating code for _exp_taylor
Generating code for exp
Generating code for log
Generating code for log10
Generating code for modf
Generating code for _dpowi
Generating code for pow
Generating code for cosh
Generating code for sinh
Generating code for tanh
Generating code for setjmp
Generating code for __longjmp
Generating code for clock
Generating code for difftime
Generating code for time
Generating code for _gmtime_r
Generating code for mktime
Generating code for gmtime
Generating code for localtime
Generating code for asctime
Generating code for ctime
Generating code for strftime
Generating code for is_space
Generating code for isid
Generating code for isnum
Generating code for isoct
Generating code for toup
Generating code for read16le
Generating code for write16le
Generating code for read32le
Generating code for write32le
Generating code for add32le
Generating code for read64le
Generating code for write64le
Generating code for add64le
Generating code for skip
Generating code for expect
Generating code for tal_new
Generating code for tal_delete
Generating code for tal_free_impl
Generating code for tal_realloc_impl
Generating code for cstr_realloc
Generating code for cstr_ccat
Generating code for cstr_cat
Generating code for cstr_wccat
Generating code for cstr_new
Generating code for cstr_free
Generating code for cstr_reset
Generating code for add_char
Generating code for tok_alloc_new
Generating code for tok_alloc
Generating code for get_tok_str
Generating code for handle_eob
Generating code for inp
Generating code for handle_stray_noerror
Generating code for handle_stray
Generating code for handle_stray1
Generating code for minp
Generating code for parse_line_comment
Generating code for parse_comment
Generating code for set_idnum
Generating code for skip_spaces
Generating code for check_space
Generating code for parse_pp_string
Generating code for preprocess_skip
Generating code for tok_str_new
Generating code for tok_str_alloc
Generating code for tok_str_dup
Generating code for tok_str_free_str
Generating code for tok_str_free
Generating code for tok_str_realloc
Generating code for tok_str_add
Generating code for begin_macro
Generating code for end_macro
Generating code for tok_str_add2
Generating code for tok_str_add_tok
Generating code for TOK_GET
Generating code for macro_is_equal
Generating code for define_push
Generating code for define_undef
Generating code for define_find
Generating code for free_defines
Generating code for label_find
Generating code for label_push
Generating code for label_pop
Generating code for maybe_run_test
Generating code for expr_preprocess
Generating code for parse_define
Generating code for search_cached_include
Generating code for pragma_parse
Generating code for preprocess
Generating code for parse_escape_string
Generating code for parse_string
Generating code for bn_lshift
Generating code for bn_zero
Generating code for parse_number
Generating code for next_nomacro1
Generating code for next_nomacro_spc
Generating code for next_nomacro
Generating code for macro_arg_subst
Generating code for paste_tokens
Generating code for macro_twosharps
Generating code for next_argstream
Generating code for macro_subst_tok
Generating code for macro_subst
Generating code for next
Generating code for unget_tok
Generating code for preprocess_start
Generating code for preprocess_end
Generating code for tccpp_new
Generating code for tccpp_delete
Generating code for tok_print
Generating code for pp_line
Generating code for define_print
Generating code for pp_debug_defines
Generating code for pp_debug_builtins
Generating code for pp_need_space
Generating code for pp_check_he0xE
Generating code for tcc_preprocess
Generating code for is_float
Generating code for ieee_finite
Generating code for test_lvalue
Generating code for check_vstack
Generating code for tcc_debug_start
Generating code for tcc_debug_end
Generating code for tcc_debug_line
Generating code for tcc_debug_funcstart
Generating code for tcc_debug_funcend
Generating code for tccgen_compile
Generating code for elfsym
Generating code for update_storage
Generating code for put_extern_sym2
Generating code for put_extern_sym
Generating code for greloca
Generating code for __sym_malloc
Generating code for sym_malloc
Generating code for sym_free
Generating code for sym_push2
Generating code for sym_find2
Generating code for struct_find
Generating code for sym_find
Generating code for sym_push
Generating code for global_identifier_push
Generating code for sym_pop
Generating code for vsetc
Generating code for vswap
Generating code for vpop
Generating code for vpush
Generating code for vpushi
Generating code for vpushs
Generating code for vpush64
Generating code for vpushll
Generating code for vset
Generating code for vseti
Generating code for vpushv
Generating code for vdup
Generating code for vrotb
Generating code for vrote
Generating code for vrott
Generating code for vpushsym
Generating code for get_sym_ref
Generating code for vpush_ref
Generating code for external_global_sym
Generating code for patch_type
Generating code for patch_storage
Generating code for external_sym
Generating code for vpush_global_sym
Generating code for save_regs
Generating code for save_reg
Generating code for save_reg_upstack
Generating code for get_reg
Generating code for move_reg
Generating code for gaddrof
Generating code for incr_bf_adr
Generating code for load_packed_bf
Generating code for store_packed_bf
Generating code for adjust_bf
Generating code for gv
Generating code for gv2
Generating code for rc_fret
Generating code for reg_fret
Generating code for gv_dup
Generating code for gvtst
Generating code for gen_opic_sdiv
Generating code for gen_opic_lt
Generating code for gen_opic
Generating code for gen_opif
Generating code for pointed_size
Generating code for vla_runtime_pointed_size
Generating code for is_null_pointer
Generating code for is_integer_btype
Generating code for check_comparison_pointer_types
Generating code for gen_op
Generating code for gen_cvt_itof1
Generating code for gen_cvt_ftoi1
Generating code for force_charshort_cast
Generating code for gen_cast_s
Generating code for negate_ld
Generating code for gen_cast
Generating code for type_size
Generating code for vla_runtime_type_size
Generating code for vla_sp_restore
Generating code for vla_sp_restore_root
Generating code for pointed_type
Generating code for mk_pointer
Generating code for is_compatible_func
Generating code for compare_types
Generating code for is_compatible_types
Generating code for is_compatible_unqualified_types
Generating code for type_to_str
Generating code for gen_assign_cast
Generating code for vstore
Generating code for inc
Generating code for parse_mult_str
Generating code for exact_log2p1
Generating code for parse_attribute
Generating code for find_field
Generating code for struct_add_offset
Generating code for struct_layout
Generating code for struct_decl
Generating code for sym_to_attr
Generating code for parse_btype_qualify
Generating code for parse_btype
Generating code for convert_parameter_type
Generating code for parse_asm_str
Generating code for asm_label_instr
Generating code for post_type
Generating code for type_decl
Generating code for lvalue_type
Generating code for indir
Generating code for gfunc_param_typed
Generating code for expr_type
Generating code for parse_expr_type
Generating code for parse_type
Generating code for parse_builtin_params
Generating code for unary
Generating code for expr_prod
Generating code for expr_sum
Generating code for expr_shift
Generating code for expr_cmp
Generating code for expr_cmpeq
Generating code for expr_and
Generating code for expr_xor
Generating code for expr_or
Generating code for expr_land
Generating code for expr_lor
Generating code for condition_3way
Generating code for expr_cond
Generating code for expr_eq
Generating code for gexpr
Generating code for expr_const1
Generating code for expr_const64
Generating code for expr_const
Generating code for is_label
Generating code for gfunc_return
Generating code for case_cmp
Generating code for gcase
Generating code for block
Generating code for skip_or_save_block
Generating code for parse_init_elem
Generating code for init_putz
Generating code for decl_designator
Generating code for init_putv
Generating code for decl_initializer
Generating code for decl_initializer_alloc
Generating code for gen_function
Generating code for gen_inline_functions
Generating code for free_inline_functions
Generating code for decl0
Generating code for decl
Generating code for tccelf_new
Generating code for tccelf_stab_new
Generating code for free_section
Generating code for tccelf_delete
Generating code for tccelf_begin_file
Generating code for tccelf_end_file
Generating code for new_section
Generating code for new_symtab
Generating code for section_realloc
Generating code for section_add
Generating code for section_ptr_add
Generating code for section_reserve
Generating code for find_section
Generating code for put_elf_str
Generating code for elf_hash
Generating code for rebuild_hash
Generating code for put_elf_sym
Generating code for find_elf_sym
Generating code for get_elf_sym_addr
Generating code for tcc_get_symbol
Generating code for set_elf_sym
Generating code for put_elf_reloca
Generating code for put_elf_reloc
Generating code for squeeze_multi_relocs
Generating code for put_stabs
Generating code for put_stabs_r
Generating code for put_stabn
Generating code for put_stabd
Generating code for get_sym_attr
Generating code for sort_syms
Generating code for relocate_syms
Generating code for relocate_section
Generating code for relocate_rel
Generating code for prepare_dynamic_rel
Generating code for build_got
Generating code for put_got_entry
Generating code for build_got_entries
Generating code for put_dt
Generating code for add_init_array_defines
Generating code for tcc_add_support
Generating code for tcc_add_bcheck
Generating code for tcc_add_runtime
Generating code for tcc_add_linker_symbols
Generating code for resolve_common_syms
Generating code for tcc_output_binary
Generating code for fill_got_entry
Generating code for fill_got
Generating code for fill_local_got_entries
Generating code for bind_exe_dynsyms
Generating code for bind_libs_dynsyms
Generating code for export_global_syms
Generating code for alloc_sec_names
Generating code for layout_sections
Generating code for fill_unloadable_phdr
Generating code for fill_dynamic
Generating code for final_sections_reloc
Generating code for tcc_output_elf
Generating code for tcc_write_elf_file
Generating code for tidy_section_headers
Generating code for elf_output_file
Generating code for tcc_output_file
Generating code for load_data
Generating code for tcc_object_type
Generating code for tcc_load_object_file
Generating code for get_be32
Generating code for get_be64
Generating code for tcc_load_alacarte
Generating code for tcc_load_archive
Generating code for tcc_load_dll
Generating code for ld_next
Generating code for ld_add_file
Generating code for new_undef_syms
Generating code for ld_add_file_list
Generating code for tcc_load_ldscript
Generating code for g
Generating code for o
Generating code for gen_le16
Generating code for gen_le32
Generating code for gen_le64
Generating code for orex
Generating code for gsym_addr
Generating code for gsym
Generating code for is64_type
Generating code for oad
Generating code for gen_addr32
Generating code for gen_addr64
Generating code for gen_addrpc32
Generating code for gen_gotpcrel
Generating code for gen_modrm_impl
Generating code for gen_modrm
Generating code for gen_modrm64
Generating code for load
Generating code for store
Generating code for gcall_or_jmp
Generating code for gadd_sp
Generating code for classify_x86_64_merge
Generating code for classify_x86_64_inner
Generating code for classify_x86_64_arg
Generating code for classify_x86_64_va_arg
Generating code for gfunc_sret
Generating code for arg_prepare_reg
Generating code for gfunc_call
Generating code for push_arg_reg
Generating code for gfunc_prolog
Generating code for gfunc_epilog
Generating code for gjmp
Generating code for gjmp_addr
Generating code for gtst_addr
Generating code for gtst
Generating code for gen_opi
Generating code for gen_opl
Generating code for gen_opf
Generating code for gen_cvt_itof
Generating code for gen_cvt_ftof
Generating code for gen_cvt_ftoi
Generating code for ggoto
Generating code for gen_vla_sp_save
Generating code for gen_vla_sp_restore
Generating code for gen_vla_alloc
Generating code for code_reloc
Generating code for gotplt_entry_type
Generating code for create_plt_entry
Generating code for relocate_plt
Generating code for relocate_init
Generating code for relocate
Generating code for get_reg_shift
Generating code for asm_parse_numeric_reg
Generating code for asm_parse_reg
Generating code for parse_operand
Generating code for gen_expr32
Generating code for gen_expr64
Generating code for gen_disp32
Generating code for asm_modrm
Generating code for asm_rex
Generating code for maybe_print_stats
Generating code for asm_opcode
Generating code for constraint_priority
Generating code for skip_constraint_modifiers
Generating code for asm_parse_regvar
Generating code for asm_compute_constraints
Generating code for subst_asm_operand
Generating code for asm_gen_code
Generating code for asm_clobber
Generating code for asm_get_local_label_name
Generating code for asm_label_find
Generating code for asm_label_push
Generating code for get_asm_sym
Generating code for asm_section_sym
Generating code for asm_expr_unary
Generating code for asm_expr_prod
Generating code for asm_expr_logic
Generating code for asm_expr_sum
Generating code for asm_expr_cmp
Generating code for asm_expr
Generating code for asm_int_expr
Generating code for asm_new_label1
Generating code for asm_new_label
Generating code for set_symbol
Generating code for use_section1
Generating code for use_section
Generating code for push_section
Generating code for pop_section
Generating code for asm_parse_directive
Generating code for tcc_assemble_internal
Generating code for tcc_assemble
Generating code for tcc_assemble_inline
Generating code for find_constraint
Generating code for subst_asm_operands
Generating code for parse_asm_operands
Generating code for asm_instr
Generating code for asm_global_instr
Generating code for pstrcpy
Generating code for pstrcat
Generating code for pstrncpy
Generating code for tcc_basename
Generating code for tcc_fileextension
Generating code for tcc_free
Generating code for tcc_malloc
Generating code for tcc_mallocz
Generating code for tcc_realloc
Generating code for tcc_strdup
Generating code for tcc_memcheck
Generating code for dynarray_add
Generating code for dynarray_reset
Generating code for tcc_split_path
Generating code for strcat_vprintf
Generating code for strcat_printf
Generating code for error1
Generating code for tcc_set_error_func
Generating code for tcc_error_noabort
Generating code for tcc_error
Generating code for tcc_warning
Generating code for tcc_open_bf
Generating code for tcc_close
Generating code for tcc_open
Generating code for tcc_compile
Generating code for tcc_compile_string
Generating code for tcc_define_symbol
Generating code for tcc_undefine_symbol
Generating code for tcc_cleanup
Generating code for tcc_new
Generating code for tcc_delete
Generating code for tcc_set_output_type
Generating code for tcc_add_include_path
Generating code for tcc_add_sysinclude_path
Generating code for tcc_add_file_internal
Generating code for tcc_add_file
Generating code for tcc_add_library_path
Generating code for tcc_add_library_internal
Generating code for tcc_add_dll
Generating code for tcc_add_crt
Generating code for tcc_add_library
Generating code for tcc_add_library_err
Generating code for tcc_add_pragma_libs
Generating code for tcc_add_symbol
Generating code for tcc_set_lib_path
Generating code for no_flag
Generating code for set_flag
Generating code for strstart
Generating code for link_option
Generating code for skip_linker_arg
Generating code for copy_linker_arg
Generating code for tcc_set_linker
Generating code for _init_options
Generating code for parse_option_D
Generating code for args_parser_add_file
Generating code for args_parser_make_argv
Generating code for args_parser_listfile
Generating code for tcc_parse_args
Generating code for tcc_set_options
Generating code for tcc_print_stats
Generating code for le2belong
Generating code for contains_any
Generating code for ar_usage
Generating code for tcc_tool_ar
Generating code for tcc_tool_cross
Generating code for gen_makedeps
Generating code for print_dirs
Generating code for print_search_dirs
Generating code for set_environment
Generating code for default_outputfile
Generating code for getclock_ms
Generating code for main
Generating code for __libc_start_main
Second codegen pass...
Generating code for read
Generating code for write
Generating code for _Exit
Generating code for kill
Generating code for getpid
Generating code for fork
Generating code for execve
Generating code for gettimeofday
Generating code for getcwd
Generating code for wait4
Generating code for abort
Generating code for clock_gettime
Generating code for access
Generating code for __assert_failed
Generating code for _clamp_long_to_int
Generating code for _clamp_long_to_short
Generating code for _clamp_ulong_to_uint
Generating code for _clamp_ulong_to_ushort
Generating code for mmap
Generating code for munmap
Generating code for mprotect
Generating code for _mremap
Generating code for malloc
Generating code for free
Generating code for strlen
Generating code for memcpy
Generating code for isspace
Generating code for isdigit
Generating code for _isdigit_in_base
Generating code for memset
Generating code for strtoul
Generating code for strtol
Generating code for strtoll
Generating code for strtoull
Generating code for _strtol_clamped
Generating code for _normalize_float
Generating code for _Float_to_double
Generating code for _int_pow10
Generating code for strtod
Generating code for strtof
Generating code for strtold
Generating code for strerror
Generating code for exit
Generating code for _main
Generating code for execvp
Generating code for getenv
Generating code for atof
Generating code for atoi
Generating code for atol
Generating code for rand
Generating code for srand
Generating code for calloc
Generating code for realloc
Generating code for atexit
Generating code for system
Generating code for bsearch
Generating code for qsort
Generating code for abs
Generating code for labs
Generating code for div
Generating code for ldiv
Generating code for _stbsp__lead_sign
Generating code for _stbsp__strlen_limited
Generating code for __vsprintfcb
Generating code for sprintf
Generating code for stbsp__clamp_callback
Generating code for stbsp__count_clamp_callback
Generating code for vsnprintf
Generating code for snprintf
Generating code for vsprintf
Generating code for _stbsp__real_to_parts
Generating code for stbsp__raise_to_power10
Generating code for _stbsp__real_to_str
Generating code for lseek
Generating code for fwrite
Generating code for fread
Generating code for __fprintf_callback
Generating code for vfprintf
Generating code for fprintf
Generating code for vprintf
Generating code for printf
Generating code for open
Generating code for close
Generating code for _fopen_flags_from_mode
Generating code for _FILE_from_fd
Generating code for fopen
Generating code for fdopen
Generating code for fclose
Generating code for fflush
Generating code for freopen
Generating code for unlink
Generating code for rmdir
Generating code for remove
Generating code for rename
Generating code for tmpnam
Generating code for tmpfile
Generating code for getc
Generating code for fgetc
Generating code for fgets
Generating code for putc
Generating code for fputc
Generating code for fputs
Generating code for getchar
Generating code for gets
Generating code for putchar
Generating code for puts
Generating code for ungetc
Generating code for fgetpos
Generating code for fsetpos
Generating code for fseek
Generating code for ftell
Generating code for rewind
Generating code for clearerr
Generating code for feof
Generating code for ferror
Generating code for setbuf
Generating code for setvbuf
Generating code for _str_next_char
Generating code for _file_next_char
Generating code for _str_peek_char
Generating code for _file_peek_char
Generating code for _bad_scanf
Generating code for _parse_escape_sequence
Generating code for _vscanf
Generating code for fscanf
Generating code for sscanf
Generating code for scanf
Generating code for perror
Generating code for memmove
Generating code for strcpy
Generating code for strncpy
Generating code for strcat
Generating code for strncat
Generating code for memcmp
Generating code for strcmp
Generating code for strcoll
Generating code for strncmp
Generating code for strxfrm
Generating code for memchr
Generating code for strchr
Generating code for strcspn
Generating code for strpbrk
Generating code for strrchr
Generating code for strspn
Generating code for strstr
Generating code for strtok
Generating code for frexp
Generating code for ldexp
Generating code for floor
Generating code for ceil
Generating code for fabs
Generating code for fmod
Generating code for _sin_taylor
Generating code for _cos_taylor
Generating code for sin
Generating code for cos
Generating code for tan
Generating code for sqrt
Generating code for _acos_newton
Generating code for _asin_newton
Generating code for acos
Generating code for asin
Generating code for atan
Generating code for atan2
Generating code for _exp_taylor
Generating code for exp
Generating code for log
Generating code for log10
Generating code for modf
Generating code for _dpowi
Generating code for pow
Generating code for cosh
Generating code for sinh
Generating code for tanh
Generating code for setjmp
Generating code for __longjmp
Generating code for clock
Generating code for difftime
Generating code for time
Generating code for _gmtime_r
Generating code for mktime
Generating code for gmtime
Generating code for localtime
Generating code for asctime
Generating code for ctime
Generating code for strftime
Generating code for is_space
Generating code for isid
Generating code for isnum
Generating code for isoct
Generating code for toup
Generating code for read16le
Generating code for write16le
Generating code for read32le
Generating code for write32le
Generating code for add32le
Generating code for read64le
Generating code for write64le
Generating code for add64le
Generating code for skip
Generating code for expect
Generating code for tal_new
Generating code for tal_delete
Generating code for tal_free_impl
Generating code for tal_realloc_impl
Generating code for cstr_realloc
Generating code for cstr_ccat
Generating code for cstr_cat
Generating code for cstr_wccat
Generating code for cstr_new
Generating code for cstr_free
Generating code for cstr_reset
Generating code for add_char
Generating code for tok_alloc_new
Generating code for tok_alloc
Generating code for get_tok_str
Generating code for handle_eob
Generating code for inp
Generating code for handle_stray_noerror
Generating code for handle_stray
Generating code for handle_stray1
Generating code for minp
Generating code for parse_line_comment
Generating code for parse_comment
Generating code for set_idnum
Generating code for skip_spaces
Generating code for check_space
Generating code for parse_pp_string
Generating code for preprocess_skip
Generating code for tok_str_new
Generating code for tok_str_alloc
Generating code for tok_str_dup
Generating code for tok_str_free_str
Generating code for tok_str_free
Generating code for tok_str_realloc
Generating code for tok_str_add
Generating code for begin_macro
Generating code for end_macro
Generating code for tok_str_add2
Generating code for tok_str_add_tok
Generating code for TOK_GET
Generating code for macro_is_equal
Generating code for define_push
Generating code for define_undef
Generating code for define_find
Generating code for free_defines
Generating code for label_find
Generating code for label_push
Generating code for label_pop
Generating code for maybe_run_test
Generating code for expr_preprocess
Generating code for parse_define
Generating code for search_cached_include
Generating code for pragma_parse
Generating code for preprocess
Generating code for parse_escape_string
Generating code for parse_string
Generating code for bn_lshift
Generating code for bn_zero
Generating code for parse_number
Generating code for next_nomacro1
Generating code for next_nomacro_spc
Generating code for next_nomacro
Generating code for macro_arg_subst
Generating code for paste_tokens
Generating code for macro_twosharps
Generating code for next_argstream
Generating code for macro_subst_tok
Generating code for macro_subst
Generating code for next
Generating code for unget_tok
Generating code for preprocess_start
Generating code for preprocess_end
Generating code for tccpp_new
Generating code for tccpp_delete
Generating code for tok_print
Generating code for pp_line
Generating code for define_print
Generating code for pp_debug_defines
Generating code for pp_debug_builtins
Generating code for pp_need_space
Generating code for pp_check_he0xE
Generating code for tcc_preprocess
Generating code for is_float
Generating code for ieee_finite
Generating code for test_lvalue
Generating code for check_vstack
Generating code for tcc_debug_start
Generating code for tcc_debug_end
Generating code for tcc_debug_line
Generating code for tcc_debug_funcstart
Generating code for tcc_debug_funcend
Generating code for tccgen_compile
Generating code for elfsym
Generating code for update_storage
Generating code for put_extern_sym2
Generating code for put_extern_sym
Generating code for greloca
Generating code for __sym_malloc
Generating code for sym_malloc
Generating code for sym_free
Generating code for sym_push2
Generating code for sym_find2
Generating code for struct_find
Generating code for sym_find
Generating code for sym_push
Generating code for global_identifier_push
Generating code for sym_pop
Generating code for vsetc
Generating code for vswap
Generating code for vpop
Generating code for vpush
Generating code for vpushi
Generating code for vpushs
Generating code for vpush64
Generating code for vpushll
Generating code for vset
Generating code for vseti
Generating code for vpushv
Generating code for vdup
Generating code for vrotb
Generating code for vrote
Generating code for vrott
Generating code for vpushsym
Generating code for get_sym_ref
Generating code for vpush_ref
Generating code for external_global_sym
Generating code for patch_type
Generating code for patch_storage
Generating code for external_sym
Generating code for vpush_global_sym
Generating code for save_regs
Generating code for save_reg
Generating code for save_reg_upstack
Generating code for get_reg
Generating code for move_reg
Generating code for gaddrof
Generating code for incr_bf_adr
Generating code for load_packed_bf
Generating code for store_packed_bf
Generating code for adjust_bf
Generating code for gv
Generating code for gv2
Generating code for rc_fret
Generating code for reg_fret
Generating code for gv_dup
Generating code for gvtst
Generating code for gen_opic_sdiv
Generating code for gen_opic_lt
Generating code for gen_opic
Generating code for gen_opif
Generating code for pointed_size
Generating code for vla_runtime_pointed_size
Generating code for is_null_pointer
Generating code for is_integer_btype
Generating code for check_comparison_pointer_types
Generating code for gen_op
Generating code for gen_cvt_itof1
Generating code for gen_cvt_ftoi1
Generating code for force_charshort_cast
Generating code for gen_cast_s
Generating code for negate_ld
Generating code for gen_cast
Generating code for type_size
Generating code for vla_runtime_type_size
Generating code for vla_sp_restore
Generating code for vla_sp_restore_root
Generating code for pointed_type
Generating code for mk_pointer
Generating code for is_compatible_func
Generating code for compare_types
Generating code for is_compatible_types
Generating code for is_compatible_unqualified_types
Generating code for type_to_str
Generating code for gen_assign_cast
Generating code for vstore
Generating code for inc
Generating code for parse_mult_str
Generating code for exact_log2p1
Generating code for parse_attribute
Generating code for find_field
Generating code for struct_add_offset
Generating code for struct_layout
Generating code for struct_decl
Generating code for sym_to_attr
Generating code for parse_btype_qualify
Generating code for parse_btype
Generating code for convert_parameter_type
Generating code for parse_asm_str
Generating code for asm_label_instr
Generating code for post_type
Generating code for type_decl
Generating code for lvalue_type
Generating code for indir
Generating code for gfunc_param_typed
Generating code for expr_type
Generating code for parse_expr_type
Generating code for parse_type
Generating code for parse_builtin_params
Generating code for unary
Generating code for expr_prod
Generating code for expr_sum
Generating code for expr_shift
Generating code for expr_cmp
Generating code for expr_cmpeq
Generating code for expr_and
Generating code for expr_xor
Generating code for expr_or
Generating code for expr_land
Generating code for expr_lor
Generating code for condition_3way
Generating code for expr_cond
Generating code for expr_eq
Generating code for gexpr
Generating code for expr_const1
Generating code for expr_const64
Generating code for expr_const
Generating code for is_label
Generating code for gfunc_return
Generating code for case_cmp
Generating code for gcase
Generating code for block
Generating code for skip_or_save_block
Generating code for parse_init_elem
Generating code for init_putz
Generating code for decl_designator
Generating code for init_putv
Generating code for decl_initializer
Generating code for decl_initializer_alloc
Generating code for gen_function
Generating code for gen_inline_functions
Generating code for free_inline_functions
Generating code for decl0
Generating code for decl
Generating code for tccelf_new
Generating code for tccelf_stab_new
Generating code for free_section
Generating code for tccelf_delete
Generating code for tccelf_begin_file
Generating code for tccelf_end_file
Generating code for new_section
Generating code for new_symtab
Generating code for section_realloc
Generating code for section_add
Generating code for section_ptr_add
Generating code for section_reserve
Generating code for find_section
Generating code for put_elf_str
Generating code for elf_hash
Generating code for rebuild_hash
Generating code for put_elf_sym
Generating code for find_elf_sym
Generating code for get_elf_sym_addr
Generating code for tcc_get_symbol
Generating code for set_elf_sym
Generating code for put_elf_reloca
Generating code for put_elf_reloc
Generating code for squeeze_multi_relocs
Generating code for put_stabs
Generating code for put_stabs_r
Generating code for put_stabn
Generating code for put_stabd
Generating code for get_sym_attr
Generating code for sort_syms
Generating code for relocate_syms
Generating code for relocate_section
Generating code for relocate_rel
Generating code for prepare_dynamic_rel
Generating code for build_got
Generating code for put_got_entry
Generating code for build_got_entries
Generating code for put_dt
Generating code for add_init_array_defines
Generating code for tcc_add_support
Generating code for tcc_add_bcheck
Generating code for tcc_add_runtime
Generating code for tcc_add_linker_symbols
Generating code for resolve_common_syms
Generating code for tcc_output_binary
Generating code for fill_got_entry
Generating code for fill_got
Generating code for fill_local_got_entries
Generating code for bind_exe_dynsyms
Generating code for bind_libs_dynsyms
Generating code for export_global_syms
Generating code for alloc_sec_names
Generating code for layout_sections
Generating code for fill_unloadable_phdr
Generating code for fill_dynamic
Generating code for final_sections_reloc
Generating code for tcc_output_elf
Generating code for tcc_write_elf_file
Generating code for tidy_section_headers
Generating code for elf_output_file
Generating code for tcc_output_file
Generating code for load_data
Generating code for tcc_object_type
Generating code for tcc_load_object_file
Generating code for get_be32
Generating code for get_be64
Generating code for tcc_load_alacarte
Generating code for tcc_load_archive
Generating code for tcc_load_dll
Generating code for ld_next
Generating code for ld_add_file
Generating code for new_undef_syms
Generating code for ld_add_file_list
Generating code for tcc_load_ldscript
Generating code for g
Generating code for o
Generating code for gen_le16
Generating code for gen_le32
Generating code for gen_le64
Generating code for orex
Generating code for gsym_addr
Generating code for gsym
Generating code for is64_type
Generating code for oad
Generating code for gen_addr32
Generating code for gen_addr64
Generating code for gen_addrpc32
Generating code for gen_gotpcrel
Generating code for gen_modrm_impl
Generating code for gen_modrm
Generating code for gen_modrm64
Generating code for load
Generating code for store
Generating code for gcall_or_jmp
Generating code for gadd_sp
Generating code for classify_x86_64_merge
Generating code for classify_x86_64_inner
Generating code for classify_x86_64_arg
Generating code for classify_x86_64_va_arg
Generating code for gfunc_sret
Generating code for arg_prepare_reg
Generating code for gfunc_call
Generating code for push_arg_reg
Generating code for gfunc_prolog
Generating code for gfunc_epilog
Generating code for gjmp
Generating code for gjmp_addr
Generating code for gtst_addr
Generating code for gtst
Generating code for gen_opi
Generating code for gen_opl
Generating code for gen_opf
Generating code for gen_cvt_itof
Generating code for gen_cvt_ftof
Generating code for gen_cvt_ftoi
Generating code for ggoto
Generating code for gen_vla_sp_save
Generating code for gen_vla_sp_restore
Generating code for gen_vla_alloc
Generating code for code_reloc
Generating code for gotplt_entry_type
Generating code for create_plt_entry
Generating code for relocate_plt
Generating code for relocate_init
Generating code for relocate
Generating code for get_reg_shift
Generating code for asm_parse_numeric_reg
Generating code for asm_parse_reg
Generating code for parse_operand
Generating code for gen_expr32
Generating code for gen_expr64
Generating code for gen_disp32
Generating code for asm_modrm
Generating code for asm_rex
Generating code for maybe_print_stats
Generating code for asm_opcode
Generating code for constraint_priority
Generating code for skip_constraint_modifiers
Generating code for asm_parse_regvar
Generating code for asm_compute_constraints
Generating code for subst_asm_operand
Generating code for asm_gen_code
Generating code for asm_clobber
Generating code for asm_get_local_label_name
Generating code for asm_label_find
Generating code for asm_label_push
Generating code for get_asm_sym
Generating code for asm_section_sym
Generating code for asm_expr_unary
Generating code for asm_expr_prod
Generating code for asm_expr_logic
Generating code for asm_expr_sum
Generating code for asm_expr_cmp
Generating code for asm_expr
Generating code for asm_int_expr
Generating code for asm_new_label1
Generating code for asm_new_label
Generating code for set_symbol
Generating code for use_section1
Generating code for use_section
Generating code for push_section
Generating code for pop_section
Generating code for asm_parse_directive
Generating code for tcc_assemble_internal
Generating code for tcc_assemble
Generating code for tcc_assemble_inline
Generating code for find_constraint
Generating code for subst_asm_operands
Generating code for parse_asm_operands
Generating code for asm_instr
Generating code for asm_global_instr
Generating code for pstrcpy
Generating code for pstrcat
Generating code for pstrncpy
Generating code for tcc_basename
Generating code for tcc_fileextension
Generating code for tcc_free
Generating code for tcc_malloc
Generating code for tcc_mallocz
Generating code for tcc_realloc
Generating code for tcc_strdup
Generating code for tcc_memcheck
Generating code for dynarray_add
Generating code for dynarray_reset
Generating code for tcc_split_path
Generating code for strcat_vprintf
Generating code for strcat_printf
Generating code for error1
Generating code for tcc_set_error_func
Generating code for tcc_error_noabort
Generating code for tcc_error
Generating code for tcc_warning
Generating code for tcc_open_bf
Generating code for tcc_close
Generating code for tcc_open
Generating code for tcc_compile
Generating code for tcc_compile_string
Generating code for tcc_define_symbol
Generating code for tcc_undefine_symbol
Generating code for tcc_cleanup
Generating code for tcc_new
Generating code for tcc_delete
Generating code for tcc_set_output_type
Generating code for tcc_add_include_path
Generating code for tcc_add_sysinclude_path
Generating code for tcc_add_file_internal
Generating code for tcc_add_file
Generating code for tcc_add_library_path
Generating code for tcc_add_library_internal
Generating code for tcc_add_dll
Generating code for tcc_add_crt
Generating code for tcc_add_library
Generating code for tcc_add_library_err
Generating code for tcc_add_pragma_libs
Generating code for tcc_add_symbol
Generating code for tcc_set_lib_path
Generating code for no_flag
Generating code for set_flag
Generating code for strstart
Generating code for link_option
Generating code for skip_linker_arg
Generating code for copy_linker_arg
Generating code for tcc_set_linker
Generating code for _init_options
Generating code for parse_option_D
Generating code for args_parser_add_file
Generating code for args_parser_make_argv
Generating code for args_parser_listfile
Generating code for tcc_parse_args
Generating code for tcc_set_options
Generating code for tcc_print_stats
Generating code for le2belong
Generating code for contains_any
Generating code for ar_usage
Generating code for tcc_tool_ar
Generating code for tcc_tool_cross
Generating code for gen_makedeps
Generating code for print_dirs
Generating code for print_search_dirs
Generating code for set_environment
Generating code for default_outputfile
Generating code for getclock_ms
Generating code for main
Generating code for __libc_start_main
+ tcc-0.9.27/tcc0 -c tcc-0.9.27/lib/alloca86_64-bt.S -o tcc-0.9.27/lib/alloca86_64-bt.o
+ tcc-0.9.27/tcc0 -c tcc-0.9.27/lib/alloca86_64.S -o tcc-0.9.27/lib/alloca86_64.o
+ tcc-0.9.27/tcc0 -c tcc-0.9.27/lib/va_list.c -o tcc-0.9.27/lib/va_list.o
+ tcc-0.9.27/tcc0 -c tcc-0.9.27/lib/libtcc1.c -o tcc-0.9.27/lib/libtcc1.o
+ tcc-0.9.27/tcc0 -ar tcc-0.9.27/lib/libtcc1.a tcc-0.9.27/lib/alloca86_64-bt.o tcc-0.9.27/lib/alloca86_64.o tcc-0.9.27/lib/libtcc1.o tcc-0.9.27/lib/va_list.o
+ ../busybox mkdir -p tcc-bootstrap/include
+ ../busybox cp -r tcc-0.9.27/include/float.h tcc-0.9.27/include/stdarg.h tcc-0.9.27/include/stdbool.h tcc-0.9.27/include/stddef.h tcc-0.9.27/include/varargs.h tcc-bootstrap/include/
+ ../busybox cp -r tcc-0.9.27/lib/libtcc1.a tcc-bootstrap/
+ ../busybox mkdir -p musl-bootstrap/include
+ ../busybox mkdir -p musl-bootstrap/bin
+ ../busybox mkdir -p musl-bootstrap/lib
+ ../busybox mkdir -p musl-0.6.0/lib
+ cd musl-0.6.0
+ ./build.sh
+ ../../busybox ln -sf ../arch/x86_64/bits include/bits
+ ../../busybox ash include/bits/alltypes.h.sh
+ ../tcc-0.9.27/tcc0 -Os -nostdinc -ffreestanding '-std=c99' '-D_XOPEN_SOURCE=700' -pipe -g -I./include -I./src/internal -I./arch/x86_64 -c -o src/conf/confstr.o src/conf/confstr.c
+ ../tcc-0.9.27/tcc0 -Os -nostdinc -ffreestanding '-std=c99' '-D_XOPEN_SOURCE=700' -pipe -g -I./include -I./src/internal -I./arch/x86_64 -c -o src/conf/fpathconf.o src/conf/fpathconf.c
+ ../tcc-0.9.27/tcc0 -Os -nostdinc -ffreestanding '-std=c99' '-D_XOPEN_SOURCE=700' -pipe -g -I./include -I./src/internal -I./arch/x86_64 -c -o src/conf/pathconf.o src/conf/pathconf.c
+ ../tcc-0.9.27/tcc0 -Os -nostdinc -ffreestanding '-std=c99' '-D_XOPEN_SOURCE=700' -pipe -g -I./include -I./src/internal -I./arch/x86_64 -c -o src/conf/sysconf.o src/conf/sysconf.c
+ ../tcc-0.9.27/tcc0 -Os -nostdinc -ffreestanding '-std=c99' '-D_XOPEN_SOURCE=700' -pipe -g -I./include -I./src/internal -I./arch/x86_64 -c -o src/ctype/__ctype_get_mb_cur_max.o src/ctype/__ctype_get_mb_cur_max.c
+ ../tcc-0.9.27/tcc0 -Os -nostdinc -ffreestanding '-std=c99' '-D_XOPEN_SOURCE=700' -pipe -g -I./include -I./src/internal -I./arch/x86_64 -c -o src/ctype/isalnum.o src/ctype/isalnum.c
+ ../tcc-0.9.27/tcc0 -Os -nostdinc -ffreestanding '-std=c99' '-D_XOPEN_SOURCE=700' -pipe -g -I./include -I./src/internal -I./arch/x86_64 -c -o src/ctype/isalpha.o src/ctype/isalpha.c
+ ../tcc-0.9.27/tcc0 -Os -nostdinc -ffreestanding '-std=c99' '-D_XOPEN_SOURCE=700' -pipe -g -I./include -I./src/internal -I./arch/x86_64 -c -o src/ctype/isascii.o src/ctype/isascii.c
+ ../tcc-0.9.27/tcc0 -Os -nostdinc -ffreestanding '-std=c99' '-D_XOPEN_SOURCE=700' -pipe -g -I./include -I./src/internal -I./arch/x86_64 -c -o src/ctype/isblank.o src/ctype/isblank.c
+ ../tcc-0.9.27/tcc0 -Os -nostdinc -ffreestanding '-std=c99' '-D_XOPEN_SOURCE=700' -pipe -g -I./include -I./src/internal -I./arch/x86_64 -c -o src/ctype/iscntrl.o src/ctype/iscntrl.c
+ ../tcc-0.9.27/tcc0 -Os -nostdinc -ffreestanding '-std=c99' '-D_XOPEN_SOURCE=700' -pipe -g -I./include -I./src/internal -I./arch/x86_64 -c -o src/ctype/isdigit.o src/ctype/isdigit.c
+ ../tcc-0.9.27/tcc0 -Os -nostdinc -ffreestanding '-std=c99' '-D_XOPEN_SOURCE=700' -pipe -g -I./include -I./src/internal -I./arch/x86_64 -c -o src/ctype/isgraph.o src/ctype/isgraph.c
+ ../tcc-0.9.27/tcc0 -Os -nostdinc -ffreestanding '-std=c99' '-D_XOPEN_SOURCE=700' -pipe -g -I./include -I./src/internal -I./arch/x86_64 -c -o src/ctype/islower.o src/ctype/islower.c
+ ../tcc-0.9.27/tcc0 -Os -nostdinc -ffreestanding '-std=c99' '-D_XOPEN_SOURCE=700' -pipe -g -I./include -I./src/internal -I./arch/x86_64 -c -o src/ctype/isprint.o src/ctype/isprint.c
+ ../tcc-0.9.27/tcc0 -Os -nostdinc -ffreestanding '-std=c99' '-D_XOPEN_SOURCE=700' -pipe -g -I./include -I./src/internal -I./arch/x86_64 -c -o src/ctype/ispunct.o src/ctype/ispunct.c
+ ../tcc-0.9.27/tcc0 -Os -nostdinc -ffreestanding '-std=c99' '-D_XOPEN_SOURCE=700' -pipe -g -I./include -I./src/internal -I./arch/x86_64 -c -o src/ctype/isspace.o src/ctype/isspace.c
+ ../tcc-0.9.27/tcc0 -Os -nostdinc -ffreestanding '-std=c99' '-D_XOPEN_SOURCE=700' -pipe -g -I./include -I./src/internal -I./arch/x86_64 -c -o src/ctype/isupper.o src/ctype/isupper.c
+ ../tcc-0.9.27/tcc0 -Os -nostdinc -ffreestanding '-std=c99' '-D_XOPEN_SOURCE=700' -pipe -g -I./include -I./src/internal -I./arch/x86_64 -c -o src/ctype/iswalnum.o src/ctype/iswalnum.c
+ ../tcc-0.9.27/tcc0 -Os -nostdinc -ffreestanding '-std=c99' '-D_XOPEN_SOURCE=700' -pipe -g -I./include -I./src/internal -I./arch/x86_64 -c -o src/ctype/iswalpha.o src/ctype/iswalpha.c
+ ../tcc-0.9.27/tcc0 -Os -nostdinc -ffreestanding '-std=c99' '-D_XOPEN_SOURCE=700' -pipe -g -I./include -I./src/internal -I./arch/x86_64 -c -o src/ctype/iswblank.o src/ctype/iswblank.c
+ ../tcc-0.9.27/tcc0 -Os -nostdinc -ffreestanding '-std=c99' '-D_XOPEN_SOURCE=700' -pipe -g -I./include -I./src/internal -I./arch/x86_64 -c -o src/ctype/iswcntrl.o src/ctype/iswcntrl.c
+ ../tcc-0.9.27/tcc0 -Os -nostdinc -ffreestanding '-std=c99' '-D_XOPEN_SOURCE=700' -pipe -g -I./include -I./src/internal -I./arch/x86_64 -c -o src/ctype/iswctype.o src/ctype/iswctype.c
+ ../tcc-0.9.27/tcc0 -Os -nostdinc -ffreestanding '-std=c99' '-D_XOPEN_SOURCE=700' -pipe -g -I./include -I./src/internal -I./arch/x86_64 -c -o src/ctype/iswdigit.o src/ctype/iswdigit.c
+ ../tcc-0.9.27/tcc0 -Os -nostdinc -ffreestanding '-std=c99' '-D_XOPEN_SOURCE=700' -pipe -g -I./include -I./src/internal -I./arch/x86_64 -c -o src/ctype/iswgraph.o src/ctype/iswgraph.c
+ ../tcc-0.9.27/tcc0 -Os -nostdinc -ffreestanding '-std=c99' '-D_XOPEN_SOURCE=700' -pipe -g -I./include -I./src/internal -I./arch/x86_64 -c -o src/ctype/iswlower.o src/ctype/iswlower.c
+ ../tcc-0.9.27/tcc0 -Os -nostdinc -ffreestanding '-std=c99' '-D_XOPEN_SOURCE=700' -pipe -g -I./include -I./src/internal -I./arch/x86_64 -c -o src/ctype/iswprint.o src/ctype/iswprint.c
+ ../tcc-0.9.27/tcc0 -Os -nostdinc -ffreestanding '-std=c99' '-D_XOPEN_SOURCE=700' -pipe -g -I./include -I./src/internal -I./arch/x86_64 -c -o src/ctype/iswpunct.o src/ctype/iswpunct.c
+ ../tcc-0.9.27/tcc0 -Os -nostdinc -ffreestanding '-std=c99' '-D_XOPEN_SOURCE=700' -pipe -g -I./include -I./src/internal -I./arch/x86_64 -c -o src/ctype/iswspace.o src/ctype/iswspace.c
+ ../tcc-0.9.27/tcc0 -Os -nostdinc -ffreestanding '-std=c99' '-D_XOPEN_SOURCE=700' -pipe -g -I./include -I./src/internal -I./arch/x86_64 -c -o src/ctype/iswupper.o src/ctype/iswupper.c
+ ../tcc-0.9.27/tcc0 -Os -nostdinc -ffreestanding '-std=c99' '-D_XOPEN_SOURCE=700' -pipe -g -I./include -I./src/internal -I./arch/x86_64 -c -o src/ctype/iswxdigit.o src/ctype/iswxdigit.c
+ ../tcc-0.9.27/tcc0 -Os -nostdinc -ffreestanding '-std=c99' '-D_XOPEN_SOURCE=700' -pipe -g -I./include -I./src/internal -I./arch/x86_64 -c -o src/ctype/isxdigit.o src/ctype/isxdigit.c
+ ../tcc-0.9.27/tcc0 -Os -nostdinc -ffreestanding '-std=c99' '-D_XOPEN_SOURCE=700' -pipe -g -I./include -I./src/internal -I./arch/x86_64 -c -o src/ctype/toascii.o src/ctype/toascii.c
+ ../tcc-0.9.27/tcc0 -Os -nostdinc -ffreestanding '-std=c99' '-D_XOPEN_SOURCE=700' -pipe -g -I./include -I./src/internal -I./arch/x86_64 -c -o src/ctype/tolower.o src/ctype/tolower.c
+ ../tcc-0.9.27/tcc0 -Os -nostdinc -ffreestanding '-std=c99' '-D_XOPEN_SOURCE=700' -pipe -g -I./include -I./src/internal -I./arch/x86_64 -c -o src/ctype/toupper.o src/ctype/toupper.c
+ ../tcc-0.9.27/tcc0 -Os -nostdinc -ffreestanding '-std=c99' '-D_XOPEN_SOURCE=700' -pipe -g -I./include -I./src/internal -I./arch/x86_64 -c -o src/ctype/towctrans.o src/ctype/towctrans.c
+ ../tcc-0.9.27/tcc0 -Os -nostdinc -ffreestanding '-std=c99' '-D_XOPEN_SOURCE=700' -pipe -g -I./include -I./src/internal -I./arch/x86_64 -c -o src/ctype/wcswidth.o src/ctype/wcswidth.c
+ ../tcc-0.9.27/tcc0 -Os -nostdinc -ffreestanding '-std=c99' '-D_XOPEN_SOURCE=700' -pipe -g -I./include -I./src/internal -I./arch/x86_64 -c -o src/ctype/wctrans.o src/ctype/wctrans.c
+ ../tcc-0.9.27/tcc0 -Os -nostdinc -ffreestanding '-std=c99' '-D_XOPEN_SOURCE=700' -pipe -g -I./include -I./src/internal -I./arch/x86_64 -c -o src/ctype/wcwidth.o src/ctype/wcwidth.c
+ ../tcc-0.9.27/tcc0 -Os -nostdinc -ffreestanding '-std=c99' '-D_XOPEN_SOURCE=700' -pipe -g -I./include -I./src/internal -I./arch/x86_64 -c -o src/dirent/__getdents.o src/dirent/__getdents.c
+ ../tcc-0.9.27/tcc0 -Os -nostdinc -ffreestanding '-std=c99' '-D_XOPEN_SOURCE=700' -pipe -g -I./include -I./src/internal -I./arch/x86_64 -c -o src/dirent/alphasort.o src/dirent/alphasort.c
+ ../tcc-0.9.27/tcc0 -Os -nostdinc -ffreestanding '-std=c99' '-D_XOPEN_SOURCE=700' -pipe -g -I./include -I./src/internal -I./arch/x86_64 -c -o src/dirent/closedir.o src/dirent/closedir.c
+ ../tcc-0.9.27/tcc0 -Os -nostdinc -ffreestanding '-std=c99' '-D_XOPEN_SOURCE=700' -pipe -g -I./include -I./src/internal -I./arch/x86_64 -c -o src/dirent/dirfd.o src/dirent/dirfd.c
+ ../tcc-0.9.27/tcc0 -Os -nostdinc -ffreestanding '-std=c99' '-D_XOPEN_SOURCE=700' -pipe -g -I./include -I./src/internal -I./arch/x86_64 -c -o src/dirent/fdopendir.o src/dirent/fdopendir.c
+ ../tcc-0.9.27/tcc0 -Os -nostdinc -ffreestanding '-std=c99' '-D_XOPEN_SOURCE=700' -pipe -g -I./include -I./src/internal -I./arch/x86_64 -c -o src/dirent/opendir.o src/dirent/opendir.c
+ ../tcc-0.9.27/tcc0 -Os -nostdinc -ffreestanding '-std=c99' '-D_XOPEN_SOURCE=700' -pipe -g -I./include -I./src/internal -I./arch/x86_64 -c -o src/dirent/readdir.o src/dirent/readdir.c
+ ../tcc-0.9.27/tcc0 -Os -nostdinc -ffreestanding '-std=c99' '-D_XOPEN_SOURCE=700' -pipe -g -I./include -I./src/internal -I./arch/x86_64 -c -o src/dirent/readdir_r.o src/dirent/readdir_r.c
+ ../tcc-0.9.27/tcc0 -Os -nostdinc -ffreestanding '-std=c99' '-D_XOPEN_SOURCE=700' -pipe -g -I./include -I./src/internal -I./arch/x86_64 -c -o src/dirent/rewinddir.o src/dirent/rewinddir.c
+ ../tcc-0.9.27/tcc0 -Os -nostdinc -ffreestanding '-std=c99' '-D_XOPEN_SOURCE=700' -pipe -g -I./include -I./src/internal -I./arch/x86_64 -c -o src/dirent/scandir.o src/dirent/scandir.c
+ ../tcc-0.9.27/tcc0 -Os -nostdinc -ffreestanding '-std=c99' '-D_XOPEN_SOURCE=700' -pipe -g -I./include -I./src/internal -I./arch/x86_64 -c -o src/dirent/seekdir.o src/dirent/seekdir.c
+ ../tcc-0.9.27/tcc0 -Os -nostdinc -ffreestanding '-std=c99' '-D_XOPEN_SOURCE=700' -pipe -g -I./include -I./src/internal -I./arch/x86_64 -c -o src/dirent/telldir.o src/dirent/telldir.c
+ ../tcc-0.9.27/tcc0 -Os -nostdinc -ffreestanding '-std=c99' '-D_XOPEN_SOURCE=700' -pipe -g -I./include -I./src/internal -I./arch/x86_64 -c -o src/env/__environ.o src/env/__environ.c
+ ../tcc-0.9.27/tcc0 -Os -nostdinc -ffreestanding '-std=c99' '-D_XOPEN_SOURCE=700' -pipe -g -I./include -I./src/internal -I./arch/x86_64 -c -o src/env/__libc_start_main.o src/env/__libc_start_main.c
+ ../tcc-0.9.27/tcc0 -Os -nostdinc -ffreestanding '-std=c99' '-D_XOPEN_SOURCE=700' -pipe -g -I./include -I./src/internal -I./arch/x86_64 -c -o src/env/clearenv.o src/env/clearenv.c
+ ../tcc-0.9.27/tcc0 -Os -nostdinc -ffreestanding '-std=c99' '-D_XOPEN_SOURCE=700' -pipe -g -I./include -I./src/internal -I./arch/x86_64 -c -o src/env/getenv.o src/env/getenv.c
+ ../tcc-0.9.27/tcc0 -Os -nostdinc -ffreestanding '-std=c99' '-D_XOPEN_SOURCE=700' -pipe -g -I./include -I./src/internal -I./arch/x86_64 -c -o src/env/putenv.o src/env/putenv.c
+ ../tcc-0.9.27/tcc0 -Os -nostdinc -ffreestanding '-std=c99' '-D_XOPEN_SOURCE=700' -pipe -g -I./include -I./src/internal -I./arch/x86_64 -c -o src/env/setenv.o src/env/setenv.c
+ ../tcc-0.9.27/tcc0 -Os -nostdinc -ffreestanding '-std=c99' '-D_XOPEN_SOURCE=700' -pipe -g -I./include -I./src/internal -I./arch/x86_64 -c -o src/env/unsetenv.o src/env/unsetenv.c
+ ../tcc-0.9.27/tcc0 -Os -nostdinc -ffreestanding '-std=c99' '-D_XOPEN_SOURCE=700' -pipe -g -I./include -I./src/internal -I./arch/x86_64 -c -o src/errno/__errno_location.o src/errno/__errno_location.c
+ ../tcc-0.9.27/tcc0 -Os -nostdinc -ffreestanding '-std=c99' '-D_XOPEN_SOURCE=700' -pipe -g -I./include -I./src/internal -I./arch/x86_64 -c -o src/errno/strerror.o src/errno/strerror.c
+ ../tcc-0.9.27/tcc0 -Os -nostdinc -ffreestanding '-std=c99' '-D_XOPEN_SOURCE=700' -pipe -g -I./include -I./src/internal -I./arch/x86_64 -c -o src/exit/_Exit.o src/exit/_Exit.c
+ ../tcc-0.9.27/tcc0 -Os -nostdinc -ffreestanding '-std=c99' '-D_XOPEN_SOURCE=700' -pipe -g -I./include -I./src/internal -I./arch/x86_64 -c -o src/exit/abort.o src/exit/abort.c
+ ../tcc-0.9.27/tcc0 -Os -nostdinc -ffreestanding '-std=c99' '-D_XOPEN_SOURCE=700' -pipe -g -I./include -I./src/internal -I./arch/x86_64 -c -o src/exit/assert.o src/exit/assert.c
+ ../tcc-0.9.27/tcc0 -Os -nostdinc -ffreestanding '-std=c99' '-D_XOPEN_SOURCE=700' -pipe -g -I./include -I./src/internal -I./arch/x86_64 -c -o src/exit/atexit.o src/exit/atexit.c
+ ../tcc-0.9.27/tcc0 -Os -nostdinc -ffreestanding '-std=c99' '-D_XOPEN_SOURCE=700' -pipe -g -I./include -I./src/internal -I./arch/x86_64 -c -o src/exit/exit.o src/exit/exit.c
+ ../tcc-0.9.27/tcc0 -Os -nostdinc -ffreestanding '-std=c99' '-D_XOPEN_SOURCE=700' -pipe -g -I./include -I./src/internal -I./arch/x86_64 -c -o src/fcntl/creat.o src/fcntl/creat.c
+ ../tcc-0.9.27/tcc0 -Os -nostdinc -ffreestanding '-std=c99' '-D_XOPEN_SOURCE=700' -pipe -g -I./include -I./src/internal -I./arch/x86_64 -c -o src/fcntl/fcntl.o src/fcntl/fcntl.c
+ ../tcc-0.9.27/tcc0 -Os -nostdinc -ffreestanding '-std=c99' '-D_XOPEN_SOURCE=700' -pipe -g -I./include -I./src/internal -I./arch/x86_64 -c -o src/fcntl/open.o src/fcntl/open.c
+ ../tcc-0.9.27/tcc0 -Os -nostdinc -ffreestanding '-std=c99' '-D_XOPEN_SOURCE=700' -pipe -g -I./include -I./src/internal -I./arch/x86_64 -c -o src/fcntl/openat.o src/fcntl/openat.c
+ ../tcc-0.9.27/tcc0 -Os -nostdinc -ffreestanding '-std=c99' '-D_XOPEN_SOURCE=700' -pipe -g -I./include -I./src/internal -I./arch/x86_64 -c -o src/internal/libc.o src/internal/libc.c
+ ../tcc-0.9.27/tcc0 -Os -nostdinc -ffreestanding '-std=c99' '-D_XOPEN_SOURCE=700' -pipe -g -I./include -I./src/internal -I./arch/x86_64 -c -o src/internal/syscall.o src/internal/syscall.c
+ ../tcc-0.9.27/tcc0 -Os -nostdinc -ffreestanding '-std=c99' '-D_XOPEN_SOURCE=700' -pipe -g -I./include -I./src/internal -I./arch/x86_64 -c -o src/ipc/ftok.o src/ipc/ftok.c
+ ../tcc-0.9.27/tcc0 -Os -nostdinc -ffreestanding '-std=c99' '-D_XOPEN_SOURCE=700' -pipe -g -I./include -I./src/internal -I./arch/x86_64 -c -o src/ipc/semctl.o src/ipc/semctl.c
+ ../tcc-0.9.27/tcc0 -Os -nostdinc -ffreestanding '-std=c99' '-D_XOPEN_SOURCE=700' -pipe -g -I./include -I./src/internal -I./arch/x86_64 -c -o src/ipc/semget.o src/ipc/semget.c
+ ../tcc-0.9.27/tcc0 -Os -nostdinc -ffreestanding '-std=c99' '-D_XOPEN_SOURCE=700' -pipe -g -I./include -I./src/internal -I./arch/x86_64 -c -o src/ipc/semop.o src/ipc/semop.c
+ ../tcc-0.9.27/tcc0 -Os -nostdinc -ffreestanding '-std=c99' '-D_XOPEN_SOURCE=700' -pipe -g -I./include -I./src/internal -I./arch/x86_64 -c -o src/ipc/shmat.o src/ipc/shmat.c
+ ../tcc-0.9.27/tcc0 -Os -nostdinc -ffreestanding '-std=c99' '-D_XOPEN_SOURCE=700' -pipe -g -I./include -I./src/internal -I./arch/x86_64 -c -o src/ipc/shmctl.o src/ipc/shmctl.c
+ ../tcc-0.9.27/tcc0 -Os -nostdinc -ffreestanding '-std=c99' '-D_XOPEN_SOURCE=700' -pipe -g -I./include -I./src/internal -I./arch/x86_64 -c -o src/ipc/shmdt.o src/ipc/shmdt.c
+ ../tcc-0.9.27/tcc0 -Os -nostdinc -ffreestanding '-std=c99' '-D_XOPEN_SOURCE=700' -pipe -g -I./include -I./src/internal -I./arch/x86_64 -c -o src/ipc/shmget.o src/ipc/shmget.c
+ ../tcc-0.9.27/tcc0 -Os -nostdinc -ffreestanding '-std=c99' '-D_XOPEN_SOURCE=700' -pipe -g -I./include -I./src/internal -I./arch/x86_64 -c -o src/linux/brk.o src/linux/brk.c
+ ../tcc-0.9.27/tcc0 -Os -nostdinc -ffreestanding '-std=c99' '-D_XOPEN_SOURCE=700' -pipe -g -I./include -I./src/internal -I./arch/x86_64 -c -o src/linux/chroot.o src/linux/chroot.c
+ ../tcc-0.9.27/tcc0 -Os -nostdinc -ffreestanding '-std=c99' '-D_XOPEN_SOURCE=700' -pipe -g -I./include -I./src/internal -I./arch/x86_64 -c -o src/linux/daemon.o src/linux/daemon.c
+ ../tcc-0.9.27/tcc0 -Os -nostdinc -ffreestanding '-std=c99' '-D_XOPEN_SOURCE=700' -pipe -g -I./include -I./src/internal -I./arch/x86_64 -c -o src/linux/epoll_create.o src/linux/epoll_create.c
+ ../tcc-0.9.27/tcc0 -Os -nostdinc -ffreestanding '-std=c99' '-D_XOPEN_SOURCE=700' -pipe -g -I./include -I./src/internal -I./arch/x86_64 -c -o src/linux/epoll_create1.o src/linux/epoll_create1.c
+ ../tcc-0.9.27/tcc0 -Os -nostdinc -ffreestanding '-std=c99' '-D_XOPEN_SOURCE=700' -pipe -g -I./include -I./src/internal -I./arch/x86_64 -c -o src/linux/epoll_ctl.o src/linux/epoll_ctl.c
+ ../tcc-0.9.27/tcc0 -Os -nostdinc -ffreestanding '-std=c99' '-D_XOPEN_SOURCE=700' -pipe -g -I./include -I./src/internal -I./arch/x86_64 -c -o src/linux/epoll_pwait.o src/linux/epoll_pwait.c
+ ../tcc-0.9.27/tcc0 -Os -nostdinc -ffreestanding '-std=c99' '-D_XOPEN_SOURCE=700' -pipe -g -I./include -I./src/internal -I./arch/x86_64 -c -o src/linux/epoll_wait.o src/linux/epoll_wait.c
+ ../tcc-0.9.27/tcc0 -Os -nostdinc -ffreestanding '-std=c99' '-D_XOPEN_SOURCE=700' -pipe -g -I./include -I./src/internal -I./arch/x86_64 -c -o src/linux/getdtablesize.o src/linux/getdtablesize.c
+ ../tcc-0.9.27/tcc0 -Os -nostdinc -ffreestanding '-std=c99' '-D_XOPEN_SOURCE=700' -pipe -g -I./include -I./src/internal -I./arch/x86_64 -c -o src/linux/gethostid.o src/linux/gethostid.c
+ ../tcc-0.9.27/tcc0 -Os -nostdinc -ffreestanding '-std=c99' '-D_XOPEN_SOURCE=700' -pipe -g -I./include -I./src/internal -I./arch/x86_64 -c -o src/linux/getopt_long.o src/linux/getopt_long.c
+ ../tcc-0.9.27/tcc0 -Os -nostdinc -ffreestanding '-std=c99' '-D_XOPEN_SOURCE=700' -pipe -g -I./include -I./src/internal -I./arch/x86_64 -c -o src/linux/getpagesize.o src/linux/getpagesize.c
+ ../tcc-0.9.27/tcc0 -Os -nostdinc -ffreestanding '-std=c99' '-D_XOPEN_SOURCE=700' -pipe -g -I./include -I./src/internal -I./arch/x86_64 -c -o src/linux/getpass.o src/linux/getpass.c
+ ../tcc-0.9.27/tcc0 -Os -nostdinc -ffreestanding '-std=c99' '-D_XOPEN_SOURCE=700' -pipe -g -I./include -I./src/internal -I./arch/x86_64 -c -o src/linux/initgroups.o src/linux/initgroups.c
+ ../tcc-0.9.27/tcc0 -Os -nostdinc -ffreestanding '-std=c99' '-D_XOPEN_SOURCE=700' -pipe -g -I./include -I./src/internal -I./arch/x86_64 -c -o src/linux/klogctl.o src/linux/klogctl.c
+ ../tcc-0.9.27/tcc0 -Os -nostdinc -ffreestanding '-std=c99' '-D_XOPEN_SOURCE=700' -pipe -g -I./include -I./src/internal -I./arch/x86_64 -c -o src/linux/mntent.o src/linux/mntent.c
+ ../tcc-0.9.27/tcc0 -Os -nostdinc -ffreestanding '-std=c99' '-D_XOPEN_SOURCE=700' -pipe -g -I./include -I./src/internal -I./arch/x86_64 -c -o src/linux/mount.o src/linux/mount.c
+ ../tcc-0.9.27/tcc0 -Os -nostdinc -ffreestanding '-std=c99' '-D_XOPEN_SOURCE=700' -pipe -g -I./include -I./src/internal -I./arch/x86_64 -c -o src/linux/prctl.o src/linux/prctl.c
+ ../tcc-0.9.27/tcc0 -Os -nostdinc -ffreestanding '-std=c99' '-D_XOPEN_SOURCE=700' -pipe -g -I./include -I./src/internal -I./arch/x86_64 -c -o src/linux/reboot.o src/linux/reboot.c
+ ../tcc-0.9.27/tcc0 -Os -nostdinc -ffreestanding '-std=c99' '-D_XOPEN_SOURCE=700' -pipe -g -I./include -I./src/internal -I./arch/x86_64 -c -o src/linux/sbrk.o src/linux/sbrk.c
+ ../tcc-0.9.27/tcc0 -Os -nostdinc -ffreestanding '-std=c99' '-D_XOPEN_SOURCE=700' -pipe -g -I./include -I./src/internal -I./arch/x86_64 -c -o src/linux/sendfile.o src/linux/sendfile.c
+ ../tcc-0.9.27/tcc0 -Os -nostdinc -ffreestanding '-std=c99' '-D_XOPEN_SOURCE=700' -pipe -g -I./include -I./src/internal -I./arch/x86_64 -c -o src/linux/setgroups.o src/linux/setgroups.c
+ ../tcc-0.9.27/tcc0 -Os -nostdinc -ffreestanding '-std=c99' '-D_XOPEN_SOURCE=700' -pipe -g -I./include -I./src/internal -I./arch/x86_64 -c -o src/linux/sethostname.o src/linux/sethostname.c
+ ../tcc-0.9.27/tcc0 -Os -nostdinc -ffreestanding '-std=c99' '-D_XOPEN_SOURCE=700' -pipe -g -I./include -I./src/internal -I./arch/x86_64 -c -o src/linux/settimeofday.o src/linux/settimeofday.c
+ ../tcc-0.9.27/tcc0 -Os -nostdinc -ffreestanding '-std=c99' '-D_XOPEN_SOURCE=700' -pipe -g -I./include -I./src/internal -I./arch/x86_64 -c -o src/linux/signalfd.o src/linux/signalfd.c
+ ../tcc-0.9.27/tcc0 -Os -nostdinc -ffreestanding '-std=c99' '-D_XOPEN_SOURCE=700' -pipe -g -I./include -I./src/internal -I./arch/x86_64 -c -o src/linux/stime.o src/linux/stime.c
+ ../tcc-0.9.27/tcc0 -Os -nostdinc -ffreestanding '-std=c99' '-D_XOPEN_SOURCE=700' -pipe -g -I./include -I./src/internal -I./arch/x86_64 -c -o src/linux/swapoff.o src/linux/swapoff.c
+ ../tcc-0.9.27/tcc0 -Os -nostdinc -ffreestanding '-std=c99' '-D_XOPEN_SOURCE=700' -pipe -g -I./include -I./src/internal -I./arch/x86_64 -c -o src/linux/swapon.o src/linux/swapon.c
+ ../tcc-0.9.27/tcc0 -Os -nostdinc -ffreestanding '-std=c99' '-D_XOPEN_SOURCE=700' -pipe -g -I./include -I./src/internal -I./arch/x86_64 -c -o src/linux/sysinfo.o src/linux/sysinfo.c
+ ../tcc-0.9.27/tcc0 -Os -nostdinc -ffreestanding '-std=c99' '-D_XOPEN_SOURCE=700' -pipe -g -I./include -I./src/internal -I./arch/x86_64 -c -o src/linux/umount.o src/linux/umount.c
+ ../tcc-0.9.27/tcc0 -Os -nostdinc -ffreestanding '-std=c99' '-D_XOPEN_SOURCE=700' -pipe -g -I./include -I./src/internal -I./arch/x86_64 -c -o src/linux/umount2.o src/linux/umount2.c
+ ../tcc-0.9.27/tcc0 -Os -nostdinc -ffreestanding '-std=c99' '-D_XOPEN_SOURCE=700' -pipe -g -I./include -I./src/internal -I./arch/x86_64 -c -o src/linux/utimes.o src/linux/utimes.c
+ ../tcc-0.9.27/tcc0 -Os -nostdinc -ffreestanding '-std=c99' '-D_XOPEN_SOURCE=700' -pipe -g -I./include -I./src/internal -I./arch/x86_64 -c -o src/linux/wait3.o src/linux/wait3.c
+ ../tcc-0.9.27/tcc0 -Os -nostdinc -ffreestanding '-std=c99' '-D_XOPEN_SOURCE=700' -pipe -g -I./include -I./src/internal -I./arch/x86_64 -c -o src/linux/wait4.o src/linux/wait4.c
+ ../tcc-0.9.27/tcc0 -Os -nostdinc -ffreestanding '-std=c99' '-D_XOPEN_SOURCE=700' -pipe -g -I./include -I./src/internal -I./arch/x86_64 -c -o src/locale/catclose.o src/locale/catclose.c
+ ../tcc-0.9.27/tcc0 -Os -nostdinc -ffreestanding '-std=c99' '-D_XOPEN_SOURCE=700' -pipe -g -I./include -I./src/internal -I./arch/x86_64 -c -o src/locale/catgets.o src/locale/catgets.c
+ ../tcc-0.9.27/tcc0 -Os -nostdinc -ffreestanding '-std=c99' '-D_XOPEN_SOURCE=700' -pipe -g -I./include -I./src/internal -I./arch/x86_64 -c -o src/locale/catopen.o src/locale/catopen.c
+ ../tcc-0.9.27/tcc0 -Os -nostdinc -ffreestanding '-std=c99' '-D_XOPEN_SOURCE=700' -pipe -g -I./include -I./src/internal -I./arch/x86_64 -c -o src/locale/duplocale.o src/locale/duplocale.c
+ ../tcc-0.9.27/tcc0 -Os -nostdinc -ffreestanding '-std=c99' '-D_XOPEN_SOURCE=700' -pipe -g -I./include -I./src/internal -I./arch/x86_64 -c -o src/locale/freelocale.o src/locale/freelocale.c
+ ../tcc-0.9.27/tcc0 -Os -nostdinc -ffreestanding '-std=c99' '-D_XOPEN_SOURCE=700' -pipe -g -I./include -I./src/internal -I./arch/x86_64 -c -o src/locale/iconv.o src/locale/iconv.c
+ ../tcc-0.9.27/tcc0 -Os -nostdinc -ffreestanding '-std=c99' '-D_XOPEN_SOURCE=700' -pipe -g -I./include -I./src/internal -I./arch/x86_64 -c -o src/locale/intl.o src/locale/intl.c
+ ../tcc-0.9.27/tcc0 -Os -nostdinc -ffreestanding '-std=c99' '-D_XOPEN_SOURCE=700' -pipe -g -I./include -I./src/internal -I./arch/x86_64 -c -o src/locale/isalnum_l.o src/locale/isalnum_l.c
+ ../tcc-0.9.27/tcc0 -Os -nostdinc -ffreestanding '-std=c99' '-D_XOPEN_SOURCE=700' -pipe -g -I./include -I./src/internal -I./arch/x86_64 -c -o src/locale/isalpha_l.o src/locale/isalpha_l.c
+ ../tcc-0.9.27/tcc0 -Os -nostdinc -ffreestanding '-std=c99' '-D_XOPEN_SOURCE=700' -pipe -g -I./include -I./src/internal -I./arch/x86_64 -c -o src/locale/isblank_l.o src/locale/isblank_l.c
+ ../tcc-0.9.27/tcc0 -Os -nostdinc -ffreestanding '-std=c99' '-D_XOPEN_SOURCE=700' -pipe -g -I./include -I./src/internal -I./arch/x86_64 -c -o src/locale/iscntrl_l.o src/locale/iscntrl_l.c
+ ../tcc-0.9.27/tcc0 -Os -nostdinc -ffreestanding '-std=c99' '-D_XOPEN_SOURCE=700' -pipe -g -I./include -I./src/internal -I./arch/x86_64 -c -o src/locale/isdigit_l.o src/locale/isdigit_l.c
+ ../tcc-0.9.27/tcc0 -Os -nostdinc -ffreestanding '-std=c99' '-D_XOPEN_SOURCE=700' -pipe -g -I./include -I./src/internal -I./arch/x86_64 -c -o src/locale/isgraph_l.o src/locale/isgraph_l.c
+ ../tcc-0.9.27/tcc0 -Os -nostdinc -ffreestanding '-std=c99' '-D_XOPEN_SOURCE=700' -pipe -g -I./include -I./src/internal -I./arch/x86_64 -c -o src/locale/islower_l.o src/locale/islower_l.c
+ ../tcc-0.9.27/tcc0 -Os -nostdinc -ffreestanding '-std=c99' '-D_XOPEN_SOURCE=700' -pipe -g -I./include -I./src/internal -I./arch/x86_64 -c -o src/locale/isprint_l.o src/locale/isprint_l.c
+ ../tcc-0.9.27/tcc0 -Os -nostdinc -ffreestanding '-std=c99' '-D_XOPEN_SOURCE=700' -pipe -g -I./include -I./src/internal -I./arch/x86_64 -c -o src/locale/ispunct_l.o src/locale/ispunct_l.c
+ ../tcc-0.9.27/tcc0 -Os -nostdinc -ffreestanding '-std=c99' '-D_XOPEN_SOURCE=700' -pipe -g -I./include -I./src/internal -I./arch/x86_64 -c -o src/locale/isspace_l.o src/locale/isspace_l.c
+ ../tcc-0.9.27/tcc0 -Os -nostdinc -ffreestanding '-std=c99' '-D_XOPEN_SOURCE=700' -pipe -g -I./include -I./src/internal -I./arch/x86_64 -c -o src/locale/isupper_l.o src/locale/isupper_l.c
+ ../tcc-0.9.27/tcc0 -Os -nostdinc -ffreestanding '-std=c99' '-D_XOPEN_SOURCE=700' -pipe -g -I./include -I./src/internal -I./arch/x86_64 -c -o src/locale/isxdigit_l.o src/locale/isxdigit_l.c
+ ../tcc-0.9.27/tcc0 -Os -nostdinc -ffreestanding '-std=c99' '-D_XOPEN_SOURCE=700' -pipe -g -I./include -I./src/internal -I./arch/x86_64 -c -o src/locale/langinfo.o src/locale/langinfo.c
+ ../tcc-0.9.27/tcc0 -Os -nostdinc -ffreestanding '-std=c99' '-D_XOPEN_SOURCE=700' -pipe -g -I./include -I./src/internal -I./arch/x86_64 -c -o src/locale/localeconv.o src/locale/localeconv.c
+ ../tcc-0.9.27/tcc0 -Os -nostdinc -ffreestanding '-std=c99' '-D_XOPEN_SOURCE=700' -pipe -g -I./include -I./src/internal -I./arch/x86_64 -c -o src/locale/newlocale.o src/locale/newlocale.c
+ ../tcc-0.9.27/tcc0 -Os -nostdinc -ffreestanding '-std=c99' '-D_XOPEN_SOURCE=700' -pipe -g -I./include -I./src/internal -I./arch/x86_64 -c -o src/locale/nl_langinfo.o src/locale/nl_langinfo.c
+ ../tcc-0.9.27/tcc0 -Os -nostdinc -ffreestanding '-std=c99' '-D_XOPEN_SOURCE=700' -pipe -g -I./include -I./src/internal -I./arch/x86_64 -c -o src/locale/setlocale.o src/locale/setlocale.c
+ ../tcc-0.9.27/tcc0 -Os -nostdinc -ffreestanding '-std=c99' '-D_XOPEN_SOURCE=700' -pipe -g -I./include -I./src/internal -I./arch/x86_64 -c -o src/locale/strcoll.o src/locale/strcoll.c
+ ../tcc-0.9.27/tcc0 -Os -nostdinc -ffreestanding '-std=c99' '-D_XOPEN_SOURCE=700' -pipe -g -I./include -I./src/internal -I./arch/x86_64 -c -o src/locale/strxfrm.o src/locale/strxfrm.c
+ ../tcc-0.9.27/tcc0 -Os -nostdinc -ffreestanding '-std=c99' '-D_XOPEN_SOURCE=700' -pipe -g -I./include -I./src/internal -I./arch/x86_64 -c -o src/locale/tolower_l.o src/locale/tolower_l.c
+ ../tcc-0.9.27/tcc0 -Os -nostdinc -ffreestanding '-std=c99' '-D_XOPEN_SOURCE=700' -pipe -g -I./include -I./src/internal -I./arch/x86_64 -c -o src/locale/toupper_l.o src/locale/toupper_l.c
+ ../tcc-0.9.27/tcc0 -Os -nostdinc -ffreestanding '-std=c99' '-D_XOPEN_SOURCE=700' -pipe -g -I./include -I./src/internal -I./arch/x86_64 -c -o src/locale/wcscoll.o src/locale/wcscoll.c
+ ../tcc-0.9.27/tcc0 -Os -nostdinc -ffreestanding '-std=c99' '-D_XOPEN_SOURCE=700' -pipe -g -I./include -I./src/internal -I./arch/x86_64 -c -o src/locale/wcsxfrm.o src/locale/wcsxfrm.c
+ ../tcc-0.9.27/tcc0 -Os -nostdinc -ffreestanding '-std=c99' '-D_XOPEN_SOURCE=700' -pipe -g -I./include -I./src/internal -I./arch/x86_64 -c -o src/malloc/__brk.o src/malloc/__brk.c
+ ../tcc-0.9.27/tcc0 -Os -nostdinc -ffreestanding '-std=c99' '-D_XOPEN_SOURCE=700' -pipe -g -I./include -I./src/internal -I./arch/x86_64 -c -o src/malloc/__simple_malloc.o src/malloc/__simple_malloc.c
+ ../tcc-0.9.27/tcc0 -Os -nostdinc -ffreestanding '-std=c99' '-D_XOPEN_SOURCE=700' -pipe -g -I./include -I./src/internal -I./arch/x86_64 -c -o src/malloc/calloc.o src/malloc/calloc.c
+ ../tcc-0.9.27/tcc0 -Os -nostdinc -ffreestanding '-std=c99' '-D_XOPEN_SOURCE=700' -pipe -g -I./include -I./src/internal -I./arch/x86_64 -c -o src/malloc/malloc.o src/malloc/malloc.c
+ ../tcc-0.9.27/tcc0 -Os -nostdinc -ffreestanding '-std=c99' '-D_XOPEN_SOURCE=700' -pipe -g -I./include -I./src/internal -I./arch/x86_64 -c -o src/malloc/memalign.o src/malloc/memalign.c
+ ../tcc-0.9.27/tcc0 -Os -nostdinc -ffreestanding '-std=c99' '-D_XOPEN_SOURCE=700' -pipe -g -I./include -I./src/internal -I./arch/x86_64 -c -o src/malloc/posix_memalign.o src/malloc/posix_memalign.c
+ ../tcc-0.9.27/tcc0 -Os -nostdinc -ffreestanding '-std=c99' '-D_XOPEN_SOURCE=700' -pipe -g -I./include -I./src/internal -I./arch/x86_64 -c -o src/math/__fpclassify.o src/math/__fpclassify.c
+ ../tcc-0.9.27/tcc0 -Os -nostdinc -ffreestanding '-std=c99' '-D_XOPEN_SOURCE=700' -pipe -g -I./include -I./src/internal -I./arch/x86_64 -c -o src/math/__fpclassifyf.o src/math/__fpclassifyf.c
+ ../tcc-0.9.27/tcc0 -Os -nostdinc -ffreestanding '-std=c99' '-D_XOPEN_SOURCE=700' -pipe -g -I./include -I./src/internal -I./arch/x86_64 -c -o src/math/__fpclassifyl.o src/math/__fpclassifyl.c
+ ../tcc-0.9.27/tcc0 -Os -nostdinc -ffreestanding '-std=c99' '-D_XOPEN_SOURCE=700' -pipe -g -I./include -I./src/internal -I./arch/x86_64 -c -o src/math/e_acos.o src/math/e_acos.c
+ ../tcc-0.9.27/tcc0 -Os -nostdinc -ffreestanding '-std=c99' '-D_XOPEN_SOURCE=700' -pipe -g -I./include -I./src/internal -I./arch/x86_64 -c -o src/math/e_acosf.o src/math/e_acosf.c
+ ../tcc-0.9.27/tcc0 -Os -nostdinc -ffreestanding '-std=c99' '-D_XOPEN_SOURCE=700' -pipe -g -I./include -I./src/internal -I./arch/x86_64 -c -o src/math/e_acosh.o src/math/e_acosh.c
+ ../tcc-0.9.27/tcc0 -Os -nostdinc -ffreestanding '-std=c99' '-D_XOPEN_SOURCE=700' -pipe -g -I./include -I./src/internal -I./arch/x86_64 -c -o src/math/e_acoshf.o src/math/e_acoshf.c
+ ../tcc-0.9.27/tcc0 -Os -nostdinc -ffreestanding '-std=c99' '-D_XOPEN_SOURCE=700' -pipe -g -I./include -I./src/internal -I./arch/x86_64 -c -o src/math/e_asin.o src/math/e_asin.c
+ ../tcc-0.9.27/tcc0 -Os -nostdinc -ffreestanding '-std=c99' '-D_XOPEN_SOURCE=700' -pipe -g -I./include -I./src/internal -I./arch/x86_64 -c -o src/math/e_asinf.o src/math/e_asinf.c
+ ../tcc-0.9.27/tcc0 -Os -nostdinc -ffreestanding '-std=c99' '-D_XOPEN_SOURCE=700' -pipe -g -I./include -I./src/internal -I./arch/x86_64 -c -o src/math/e_atan2.o src/math/e_atan2.c
+ ../tcc-0.9.27/tcc0 -Os -nostdinc -ffreestanding '-std=c99' '-D_XOPEN_SOURCE=700' -pipe -g -I./include -I./src/internal -I./arch/x86_64 -c -o src/math/e_atan2f.o src/math/e_atan2f.c
+ ../tcc-0.9.27/tcc0 -Os -nostdinc -ffreestanding '-std=c99' '-D_XOPEN_SOURCE=700' -pipe -g -I./include -I./src/internal -I./arch/x86_64 -c -o src/math/e_atanh.o src/math/e_atanh.c
+ ../tcc-0.9.27/tcc0 -Os -nostdinc -ffreestanding '-std=c99' '-D_XOPEN_SOURCE=700' -pipe -g -I./include -I./src/internal -I./arch/x86_64 -c -o src/math/e_atanhf.o src/math/e_atanhf.c
+ ../tcc-0.9.27/tcc0 -Os -nostdinc -ffreestanding '-std=c99' '-D_XOPEN_SOURCE=700' -pipe -g -I./include -I./src/internal -I./arch/x86_64 -c -o src/math/e_cosh.o src/math/e_cosh.c
+ ../tcc-0.9.27/tcc0 -Os -nostdinc -ffreestanding '-std=c99' '-D_XOPEN_SOURCE=700' -pipe -g -I./include -I./src/internal -I./arch/x86_64 -c -o src/math/e_coshf.o src/math/e_coshf.c
+ ../tcc-0.9.27/tcc0 -Os -nostdinc -ffreestanding '-std=c99' '-D_XOPEN_SOURCE=700' -pipe -g -I./include -I./src/internal -I./arch/x86_64 -c -o src/math/e_exp.o src/math/e_exp.c
+ ../tcc-0.9.27/tcc0 -Os -nostdinc -ffreestanding '-std=c99' '-D_XOPEN_SOURCE=700' -pipe -g -I./include -I./src/internal -I./arch/x86_64 -c -o src/math/e_expf.o src/math/e_expf.c
+ ../tcc-0.9.27/tcc0 -Os -nostdinc -ffreestanding '-std=c99' '-D_XOPEN_SOURCE=700' -pipe -g -I./include -I./src/internal -I./arch/x86_64 -c -o src/math/e_fmod.o src/math/e_fmod.c
+ ../tcc-0.9.27/tcc0 -Os -nostdinc -ffreestanding '-std=c99' '-D_XOPEN_SOURCE=700' -pipe -g -I./include -I./src/internal -I./arch/x86_64 -c -o src/math/e_fmodf.o src/math/e_fmodf.c
+ ../tcc-0.9.27/tcc0 -Os -nostdinc -ffreestanding '-std=c99' '-D_XOPEN_SOURCE=700' -pipe -g -I./include -I./src/internal -I./arch/x86_64 -c -o src/math/e_hypot.o src/math/e_hypot.c
+ ../tcc-0.9.27/tcc0 -Os -nostdinc -ffreestanding '-std=c99' '-D_XOPEN_SOURCE=700' -pipe -g -I./include -I./src/internal -I./arch/x86_64 -c -o src/math/e_hypotf.o src/math/e_hypotf.c
+ ../tcc-0.9.27/tcc0 -Os -nostdinc -ffreestanding '-std=c99' '-D_XOPEN_SOURCE=700' -pipe -g -I./include -I./src/internal -I./arch/x86_64 -c -o src/math/e_log.o src/math/e_log.c
+ ../tcc-0.9.27/tcc0 -Os -nostdinc -ffreestanding '-std=c99' '-D_XOPEN_SOURCE=700' -pipe -g -I./include -I./src/internal -I./arch/x86_64 -c -o src/math/e_log10.o src/math/e_log10.c
+ ../tcc-0.9.27/tcc0 -Os -nostdinc -ffreestanding '-std=c99' '-D_XOPEN_SOURCE=700' -pipe -g -I./include -I./src/internal -I./arch/x86_64 -c -o src/math/e_log10f.o src/math/e_log10f.c
+ ../tcc-0.9.27/tcc0 -Os -nostdinc -ffreestanding '-std=c99' '-D_XOPEN_SOURCE=700' -pipe -g -I./include -I./src/internal -I./arch/x86_64 -c -o src/math/e_logf.o src/math/e_logf.c
+ ../tcc-0.9.27/tcc0 -Os -nostdinc -ffreestanding '-std=c99' '-D_XOPEN_SOURCE=700' -pipe -g -I./include -I./src/internal -I./arch/x86_64 -c -o src/math/e_pow.o src/math/e_pow.c
+ ../tcc-0.9.27/tcc0 -Os -nostdinc -ffreestanding '-std=c99' '-D_XOPEN_SOURCE=700' -pipe -g -I./include -I./src/internal -I./arch/x86_64 -c -o src/math/e_powf.o src/math/e_powf.c
+ ../tcc-0.9.27/tcc0 -Os -nostdinc -ffreestanding '-std=c99' '-D_XOPEN_SOURCE=700' -pipe -g -I./include -I./src/internal -I./arch/x86_64 -c -o src/math/e_rem_pio2.o src/math/e_rem_pio2.c
+ ../tcc-0.9.27/tcc0 -Os -nostdinc -ffreestanding '-std=c99' '-D_XOPEN_SOURCE=700' -pipe -g -I./include -I./src/internal -I./arch/x86_64 -c -o src/math/e_rem_pio2f.o src/math/e_rem_pio2f.c
+ ../tcc-0.9.27/tcc0 -Os -nostdinc -ffreestanding '-std=c99' '-D_XOPEN_SOURCE=700' -pipe -g -I./include -I./src/internal -I./arch/x86_64 -c -o src/math/e_remainder.o src/math/e_remainder.c
+ ../tcc-0.9.27/tcc0 -Os -nostdinc -ffreestanding '-std=c99' '-D_XOPEN_SOURCE=700' -pipe -g -I./include -I./src/internal -I./arch/x86_64 -c -o src/math/e_remainderf.o src/math/e_remainderf.c
+ ../tcc-0.9.27/tcc0 -Os -nostdinc -ffreestanding '-std=c99' '-D_XOPEN_SOURCE=700' -pipe -g -I./include -I./src/internal -I./arch/x86_64 -c -o src/math/e_scalb.o src/math/e_scalb.c
+ ../tcc-0.9.27/tcc0 -Os -nostdinc -ffreestanding '-std=c99' '-D_XOPEN_SOURCE=700' -pipe -g -I./include -I./src/internal -I./arch/x86_64 -c -o src/math/e_scalbf.o src/math/e_scalbf.c
+ ../tcc-0.9.27/tcc0 -Os -nostdinc -ffreestanding '-std=c99' '-D_XOPEN_SOURCE=700' -pipe -g -I./include -I./src/internal -I./arch/x86_64 -c -o src/math/e_sinh.o src/math/e_sinh.c
+ ../tcc-0.9.27/tcc0 -Os -nostdinc -ffreestanding '-std=c99' '-D_XOPEN_SOURCE=700' -pipe -g -I./include -I./src/internal -I./arch/x86_64 -c -o src/math/e_sinhf.o src/math/e_sinhf.c
+ ../tcc-0.9.27/tcc0 -Os -nostdinc -ffreestanding '-std=c99' '-D_XOPEN_SOURCE=700' -pipe -g -I./include -I./src/internal -I./arch/x86_64 -c -o src/math/e_sqrt.o src/math/e_sqrt.c
+ ../tcc-0.9.27/tcc0 -Os -nostdinc -ffreestanding '-std=c99' '-D_XOPEN_SOURCE=700' -pipe -g -I./include -I./src/internal -I./arch/x86_64 -c -o src/math/e_sqrtf.o src/math/e_sqrtf.c
+ ../tcc-0.9.27/tcc0 -Os -nostdinc -ffreestanding '-std=c99' '-D_XOPEN_SOURCE=700' -pipe -g -I./include -I./src/internal -I./arch/x86_64 -c -o src/math/k_cos.o src/math/k_cos.c
+ ../tcc-0.9.27/tcc0 -Os -nostdinc -ffreestanding '-std=c99' '-D_XOPEN_SOURCE=700' -pipe -g -I./include -I./src/internal -I./arch/x86_64 -c -o src/math/k_cosf.o src/math/k_cosf.c
+ ../tcc-0.9.27/tcc0 -Os -nostdinc -ffreestanding '-std=c99' '-D_XOPEN_SOURCE=700' -pipe -g -I./include -I./src/internal -I./arch/x86_64 -c -o src/math/k_rem_pio2.o src/math/k_rem_pio2.c
+ ../tcc-0.9.27/tcc0 -Os -nostdinc -ffreestanding '-std=c99' '-D_XOPEN_SOURCE=700' -pipe -g -I./include -I./src/internal -I./arch/x86_64 -c -o src/math/k_rem_pio2f.o src/math/k_rem_pio2f.c
+ ../tcc-0.9.27/tcc0 -Os -nostdinc -ffreestanding '-std=c99' '-D_XOPEN_SOURCE=700' -pipe -g -I./include -I./src/internal -I./arch/x86_64 -c -o src/math/k_sin.o src/math/k_sin.c
+ ../tcc-0.9.27/tcc0 -Os -nostdinc -ffreestanding '-std=c99' '-D_XOPEN_SOURCE=700' -pipe -g -I./include -I./src/internal -I./arch/x86_64 -c -o src/math/k_sinf.o src/math/k_sinf.c
+ ../tcc-0.9.27/tcc0 -Os -nostdinc -ffreestanding '-std=c99' '-D_XOPEN_SOURCE=700' -pipe -g -I./include -I./src/internal -I./arch/x86_64 -c -o src/math/k_tan.o src/math/k_tan.c
+ ../tcc-0.9.27/tcc0 -Os -nostdinc -ffreestanding '-std=c99' '-D_XOPEN_SOURCE=700' -pipe -g -I./include -I./src/internal -I./arch/x86_64 -c -o src/math/k_tanf.o src/math/k_tanf.c
+ ../tcc-0.9.27/tcc0 -Os -nostdinc -ffreestanding '-std=c99' '-D_XOPEN_SOURCE=700' -pipe -g -I./include -I./src/internal -I./arch/x86_64 -c -o src/math/log.o src/math/log.c
+ ../tcc-0.9.27/tcc0 -Os -nostdinc -ffreestanding '-std=c99' '-D_XOPEN_SOURCE=700' -pipe -g -I./include -I./src/internal -I./arch/x86_64 -c -o src/math/log10.o src/math/log10.c
+ ../tcc-0.9.27/tcc0 -Os -nostdinc -ffreestanding '-std=c99' '-D_XOPEN_SOURCE=700' -pipe -g -I./include -I./src/internal -I./arch/x86_64 -c -o src/math/log10f.o src/math/log10f.c
src/math/log10f.c:34: warning: implicit declaration of function 'GET_FLOAT_WORD'
src/math/log10f.c:54: warning: implicit declaration of function 'SET_FLOAT_WORD'
+ ../tcc-0.9.27/tcc0 -Os -nostdinc -ffreestanding '-std=c99' '-D_XOPEN_SOURCE=700' -pipe -g -I./include -I./src/internal -I./arch/x86_64 -c -o src/math/log10l.o src/math/log10l.c
+ ../tcc-0.9.27/tcc0 -Os -nostdinc -ffreestanding '-std=c99' '-D_XOPEN_SOURCE=700' -pipe -g -I./include -I./src/internal -I./arch/x86_64 -c -o src/math/log1p.o src/math/log1p.c
+ ../tcc-0.9.27/tcc0 -Os -nostdinc -ffreestanding '-std=c99' '-D_XOPEN_SOURCE=700' -pipe -g -I./include -I./src/internal -I./arch/x86_64 -c -o src/math/log1pf.o src/math/log1pf.c
+ ../tcc-0.9.27/tcc0 -Os -nostdinc -ffreestanding '-std=c99' '-D_XOPEN_SOURCE=700' -pipe -g -I./include -I./src/internal -I./arch/x86_64 -c -o src/math/log1pl.o src/math/log1pl.c
+ ../tcc-0.9.27/tcc0 -Os -nostdinc -ffreestanding '-std=c99' '-D_XOPEN_SOURCE=700' -pipe -g -I./include -I./src/internal -I./arch/x86_64 -c -o src/math/log2.o src/math/log2.c
+ ../tcc-0.9.27/tcc0 -Os -nostdinc -ffreestanding '-std=c99' '-D_XOPEN_SOURCE=700' -pipe -g -I./include -I./src/internal -I./arch/x86_64 -c -o src/math/log2f.o src/math/log2f.c
src/math/log2f.c:32: warning: implicit declaration of function 'GET_FLOAT_WORD'
src/math/log2f.c:52: warning: implicit declaration of function 'SET_FLOAT_WORD'
+ ../tcc-0.9.27/tcc0 -Os -nostdinc -ffreestanding '-std=c99' '-D_XOPEN_SOURCE=700' -pipe -g -I./include -I./src/internal -I./arch/x86_64 -c -o src/math/log2l.o src/math/log2l.c
+ ../tcc-0.9.27/tcc0 -Os -nostdinc -ffreestanding '-std=c99' '-D_XOPEN_SOURCE=700' -pipe -g -I./include -I./src/internal -I./arch/x86_64 -c -o src/math/logb.o src/math/logb.c
+ ../tcc-0.9.27/tcc0 -Os -nostdinc -ffreestanding '-std=c99' '-D_XOPEN_SOURCE=700' -pipe -g -I./include -I./src/internal -I./arch/x86_64 -c -o src/math/logbf.o src/math/logbf.c
+ ../tcc-0.9.27/tcc0 -Os -nostdinc -ffreestanding '-std=c99' '-D_XOPEN_SOURCE=700' -pipe -g -I./include -I./src/internal -I./arch/x86_64 -c -o src/math/logbl.o src/math/logbl.c
+ ../tcc-0.9.27/tcc0 -Os -nostdinc -ffreestanding '-std=c99' '-D_XOPEN_SOURCE=700' -pipe -g -I./include -I./src/internal -I./arch/x86_64 -c -o src/math/logf.o src/math/logf.c
src/math/logf.c:36: warning: implicit declaration of function 'GET_FLOAT_WORD'
src/math/logf.c:54: warning: implicit declaration of function 'SET_FLOAT_WORD'
+ ../tcc-0.9.27/tcc0 -Os -nostdinc -ffreestanding '-std=c99' '-D_XOPEN_SOURCE=700' -pipe -g -I./include -I./src/internal -I./arch/x86_64 -c -o src/math/logl.o src/math/logl.c
+ ../tcc-0.9.27/tcc0 -Os -nostdinc -ffreestanding '-std=c99' '-D_XOPEN_SOURCE=700' -pipe -g -I./include -I./src/internal -I./arch/x86_64 -c -o src/math/s_asinh.o src/math/s_asinh.c
+ ../tcc-0.9.27/tcc0 -Os -nostdinc -ffreestanding '-std=c99' '-D_XOPEN_SOURCE=700' -pipe -g -I./include -I./src/internal -I./arch/x86_64 -c -o src/math/s_asinhf.o src/math/s_asinhf.c
+ ../tcc-0.9.27/tcc0 -Os -nostdinc -ffreestanding '-std=c99' '-D_XOPEN_SOURCE=700' -pipe -g -I./include -I./src/internal -I./arch/x86_64 -c -o src/math/s_atan.o src/math/s_atan.c
+ ../tcc-0.9.27/tcc0 -Os -nostdinc -ffreestanding '-std=c99' '-D_XOPEN_SOURCE=700' -pipe -g -I./include -I./src/internal -I./arch/x86_64 -c -o src/math/s_atanf.o src/math/s_atanf.c
+ ../tcc-0.9.27/tcc0 -Os -nostdinc -ffreestanding '-std=c99' '-D_XOPEN_SOURCE=700' -pipe -g -I./include -I./src/internal -I./arch/x86_64 -c -o src/math/s_cbrt.o src/math/s_cbrt.c
+ ../tcc-0.9.27/tcc0 -Os -nostdinc -ffreestanding '-std=c99' '-D_XOPEN_SOURCE=700' -pipe -g -I./include -I./src/internal -I./arch/x86_64 -c -o src/math/s_cbrtf.o src/math/s_cbrtf.c
+ ../tcc-0.9.27/tcc0 -Os -nostdinc -ffreestanding '-std=c99' '-D_XOPEN_SOURCE=700' -pipe -g -I./include -I./src/internal -I./arch/x86_64 -c -o src/math/s_ceil.o src/math/s_ceil.c
+ ../tcc-0.9.27/tcc0 -Os -nostdinc -ffreestanding '-std=c99' '-D_XOPEN_SOURCE=700' -pipe -g -I./include -I./src/internal -I./arch/x86_64 -c -o src/math/s_ceilf.o src/math/s_ceilf.c
+ ../tcc-0.9.27/tcc0 -Os -nostdinc -ffreestanding '-std=c99' '-D_XOPEN_SOURCE=700' -pipe -g -I./include -I./src/internal -I./arch/x86_64 -c -o src/math/s_copysign.o src/math/s_copysign.c
+ ../tcc-0.9.27/tcc0 -Os -nostdinc -ffreestanding '-std=c99' '-D_XOPEN_SOURCE=700' -pipe -g -I./include -I./src/internal -I./arch/x86_64 -c -o src/math/s_copysignf.o src/math/s_copysignf.c
+ ../tcc-0.9.27/tcc0 -Os -nostdinc -ffreestanding '-std=c99' '-D_XOPEN_SOURCE=700' -pipe -g -I./include -I./src/internal -I./arch/x86_64 -c -o src/math/s_cos.o src/math/s_cos.c
+ ../tcc-0.9.27/tcc0 -Os -nostdinc -ffreestanding '-std=c99' '-D_XOPEN_SOURCE=700' -pipe -g -I./include -I./src/internal -I./arch/x86_64 -c -o src/math/s_cosf.o src/math/s_cosf.c
+ ../tcc-0.9.27/tcc0 -Os -nostdinc -ffreestanding '-std=c99' '-D_XOPEN_SOURCE=700' -pipe -g -I./include -I./src/internal -I./arch/x86_64 -c -o src/math/s_erf.o src/math/s_erf.c
+ ../tcc-0.9.27/tcc0 -Os -nostdinc -ffreestanding '-std=c99' '-D_XOPEN_SOURCE=700' -pipe -g -I./include -I./src/internal -I./arch/x86_64 -c -o src/math/s_erff.o src/math/s_erff.c
+ ../tcc-0.9.27/tcc0 -Os -nostdinc -ffreestanding '-std=c99' '-D_XOPEN_SOURCE=700' -pipe -g -I./include -I./src/internal -I./arch/x86_64 -c -o src/math/s_expm1.o src/math/s_expm1.c
+ ../tcc-0.9.27/tcc0 -Os -nostdinc -ffreestanding '-std=c99' '-D_XOPEN_SOURCE=700' -pipe -g -I./include -I./src/internal -I./arch/x86_64 -c -o src/math/s_expm1f.o src/math/s_expm1f.c
+ ../tcc-0.9.27/tcc0 -Os -nostdinc -ffreestanding '-std=c99' '-D_XOPEN_SOURCE=700' -pipe -g -I./include -I./src/internal -I./arch/x86_64 -c -o src/math/s_fabs.o src/math/s_fabs.c
+ ../tcc-0.9.27/tcc0 -Os -nostdinc -ffreestanding '-std=c99' '-D_XOPEN_SOURCE=700' -pipe -g -I./include -I./src/internal -I./arch/x86_64 -c -o src/math/s_fabsf.o src/math/s_fabsf.c
+ ../tcc-0.9.27/tcc0 -Os -nostdinc -ffreestanding '-std=c99' '-D_XOPEN_SOURCE=700' -pipe -g -I./include -I./src/internal -I./arch/x86_64 -c -o src/math/s_floor.o src/math/s_floor.c
+ ../tcc-0.9.27/tcc0 -Os -nostdinc -ffreestanding '-std=c99' '-D_XOPEN_SOURCE=700' -pipe -g -I./include -I./src/internal -I./arch/x86_64 -c -o src/math/s_floorf.o src/math/s_floorf.c
+ ../tcc-0.9.27/tcc0 -Os -nostdinc -ffreestanding '-std=c99' '-D_XOPEN_SOURCE=700' -pipe -g -I./include -I./src/internal -I./arch/x86_64 -c -o src/math/s_ilogb.o src/math/s_ilogb.c
+ ../tcc-0.9.27/tcc0 -Os -nostdinc -ffreestanding '-std=c99' '-D_XOPEN_SOURCE=700' -pipe -g -I./include -I./src/internal -I./arch/x86_64 -c -o src/math/s_ilogbf.o src/math/s_ilogbf.c
+ ../tcc-0.9.27/tcc0 -Os -nostdinc -ffreestanding '-std=c99' '-D_XOPEN_SOURCE=700' -pipe -g -I./include -I./src/internal -I./arch/x86_64 -c -o src/math/s_ldexp.o src/math/s_ldexp.c
+ ../tcc-0.9.27/tcc0 -Os -nostdinc -ffreestanding '-std=c99' '-D_XOPEN_SOURCE=700' -pipe -g -I./include -I./src/internal -I./arch/x86_64 -c -o src/math/s_ldexpf.o src/math/s_ldexpf.c
+ ../tcc-0.9.27/tcc0 -Os -nostdinc -ffreestanding '-std=c99' '-D_XOPEN_SOURCE=700' -pipe -g -I./include -I./src/internal -I./arch/x86_64 -c -o src/math/s_llrint.o src/math/s_llrint.c
+ ../tcc-0.9.27/tcc0 -Os -nostdinc -ffreestanding '-std=c99' '-D_XOPEN_SOURCE=700' -pipe -g -I./include -I./src/internal -I./arch/x86_64 -c -o src/math/s_log1p.o src/math/s_log1p.c
+ ../tcc-0.9.27/tcc0 -Os -nostdinc -ffreestanding '-std=c99' '-D_XOPEN_SOURCE=700' -pipe -g -I./include -I./src/internal -I./arch/x86_64 -c -o src/math/s_log1pf.o src/math/s_log1pf.c
+ ../tcc-0.9.27/tcc0 -Os -nostdinc -ffreestanding '-std=c99' '-D_XOPEN_SOURCE=700' -pipe -g -I./include -I./src/internal -I./arch/x86_64 -c -o src/math/s_logb.o src/math/s_logb.c
+ ../tcc-0.9.27/tcc0 -Os -nostdinc -ffreestanding '-std=c99' '-D_XOPEN_SOURCE=700' -pipe -g -I./include -I./src/internal -I./arch/x86_64 -c -o src/math/s_logbf.o src/math/s_logbf.c
+ ../tcc-0.9.27/tcc0 -Os -nostdinc -ffreestanding '-std=c99' '-D_XOPEN_SOURCE=700' -pipe -g -I./include -I./src/internal -I./arch/x86_64 -c -o src/math/s_lrint.o src/math/s_lrint.c
+ ../tcc-0.9.27/tcc0 -Os -nostdinc -ffreestanding '-std=c99' '-D_XOPEN_SOURCE=700' -pipe -g -I./include -I./src/internal -I./arch/x86_64 -c -o src/math/s_lrintf.o src/math/s_lrintf.c
+ ../tcc-0.9.27/tcc0 -Os -nostdinc -ffreestanding '-std=c99' '-D_XOPEN_SOURCE=700' -pipe -g -I./include -I./src/internal -I./arch/x86_64 -c -o src/math/s_modf.o src/math/s_modf.c
+ ../tcc-0.9.27/tcc0 -Os -nostdinc -ffreestanding '-std=c99' '-D_XOPEN_SOURCE=700' -pipe -g -I./include -I./src/internal -I./arch/x86_64 -c -o src/math/s_modff.o src/math/s_modff.c
+ ../tcc-0.9.27/tcc0 -Os -nostdinc -ffreestanding '-std=c99' '-D_XOPEN_SOURCE=700' -pipe -g -I./include -I./src/internal -I./arch/x86_64 -c -o src/math/s_nextafter.o src/math/s_nextafter.c
+ ../tcc-0.9.27/tcc0 -Os -nostdinc -ffreestanding '-std=c99' '-D_XOPEN_SOURCE=700' -pipe -g -I./include -I./src/internal -I./arch/x86_64 -c -o src/math/s_nextafterf.o src/math/s_nextafterf.c
+ ../tcc-0.9.27/tcc0 -Os -nostdinc -ffreestanding '-std=c99' '-D_XOPEN_SOURCE=700' -pipe -g -I./include -I./src/internal -I./arch/x86_64 -c -o src/math/s_remquo.o src/math/s_remquo.c
+ ../tcc-0.9.27/tcc0 -Os -nostdinc -ffreestanding '-std=c99' '-D_XOPEN_SOURCE=700' -pipe -g -I./include -I./src/internal -I./arch/x86_64 -c -o src/math/s_remquof.o src/math/s_remquof.c
+ ../tcc-0.9.27/tcc0 -Os -nostdinc -ffreestanding '-std=c99' '-D_XOPEN_SOURCE=700' -pipe -g -I./include -I./src/internal -I./arch/x86_64 -c -o src/math/s_rint.o src/math/s_rint.c
+ ../tcc-0.9.27/tcc0 -Os -nostdinc -ffreestanding '-std=c99' '-D_XOPEN_SOURCE=700' -pipe -g -I./include -I./src/internal -I./arch/x86_64 -c -o src/math/s_rintf.o src/math/s_rintf.c
+ ../tcc-0.9.27/tcc0 -Os -nostdinc -ffreestanding '-std=c99' '-D_XOPEN_SOURCE=700' -pipe -g -I./include -I./src/internal -I./arch/x86_64 -c -o src/math/s_round.o src/math/s_round.c
+ ../tcc-0.9.27/tcc0 -Os -nostdinc -ffreestanding '-std=c99' '-D_XOPEN_SOURCE=700' -pipe -g -I./include -I./src/internal -I./arch/x86_64 -c -o src/math/s_roundf.o src/math/s_roundf.c
+ ../tcc-0.9.27/tcc0 -Os -nostdinc -ffreestanding '-std=c99' '-D_XOPEN_SOURCE=700' -pipe -g -I./include -I./src/internal -I./arch/x86_64 -c -o src/math/s_scalbln.o src/math/s_scalbln.c
+ ../tcc-0.9.27/tcc0 -Os -nostdinc -ffreestanding '-std=c99' '-D_XOPEN_SOURCE=700' -pipe -g -I./include -I./src/internal -I./arch/x86_64 -c -o src/math/s_scalblnf.o src/math/s_scalblnf.c
+ ../tcc-0.9.27/tcc0 -Os -nostdinc -ffreestanding '-std=c99' '-D_XOPEN_SOURCE=700' -pipe -g -I./include -I./src/internal -I./arch/x86_64 -c -o src/math/s_sin.o src/math/s_sin.c
+ ../tcc-0.9.27/tcc0 -Os -nostdinc -ffreestanding '-std=c99' '-D_XOPEN_SOURCE=700' -pipe -g -I./include -I./src/internal -I./arch/x86_64 -c -o src/math/s_sinf.o src/math/s_sinf.c
+ ../tcc-0.9.27/tcc0 -Os -nostdinc -ffreestanding '-std=c99' '-D_XOPEN_SOURCE=700' -pipe -g -I./include -I./src/internal -I./arch/x86_64 -c -o src/math/s_tan.o src/math/s_tan.c
+ ../tcc-0.9.27/tcc0 -Os -nostdinc -ffreestanding '-std=c99' '-D_XOPEN_SOURCE=700' -pipe -g -I./include -I./src/internal -I./arch/x86_64 -c -o src/math/s_tanf.o src/math/s_tanf.c
+ ../tcc-0.9.27/tcc0 -Os -nostdinc -ffreestanding '-std=c99' '-D_XOPEN_SOURCE=700' -pipe -g -I./include -I./src/internal -I./arch/x86_64 -c -o src/math/s_tanh.o src/math/s_tanh.c
+ ../tcc-0.9.27/tcc0 -Os -nostdinc -ffreestanding '-std=c99' '-D_XOPEN_SOURCE=700' -pipe -g -I./include -I./src/internal -I./arch/x86_64 -c -o src/math/s_tanhf.o src/math/s_tanhf.c
+ ../tcc-0.9.27/tcc0 -Os -nostdinc -ffreestanding '-std=c99' '-D_XOPEN_SOURCE=700' -pipe -g -I./include -I./src/internal -I./arch/x86_64 -c -o src/math/s_trunc.o src/math/s_trunc.c
+ ../tcc-0.9.27/tcc0 -Os -nostdinc -ffreestanding '-std=c99' '-D_XOPEN_SOURCE=700' -pipe -g -I./include -I./src/internal -I./arch/x86_64 -c -o src/math/s_truncf.o src/math/s_truncf.c
+ ../tcc-0.9.27/tcc0 -Os -nostdinc -ffreestanding '-std=c99' '-D_XOPEN_SOURCE=700' -pipe -g -I./include -I./src/internal -I./arch/x86_64 -c -o src/misc/basename.o src/misc/basename.c
+ ../tcc-0.9.27/tcc0 -Os -nostdinc -ffreestanding '-std=c99' '-D_XOPEN_SOURCE=700' -pipe -g -I./include -I./src/internal -I./arch/x86_64 -c -o src/misc/bswap_32.o src/misc/bswap_32.c
+ ../tcc-0.9.27/tcc0 -Os -nostdinc -ffreestanding '-std=c99' '-D_XOPEN_SOURCE=700' -pipe -g -I./include -I./src/internal -I./arch/x86_64 -c -o src/misc/bswap_64.o src/misc/bswap_64.c
+ ../tcc-0.9.27/tcc0 -Os -nostdinc -ffreestanding '-std=c99' '-D_XOPEN_SOURCE=700' -pipe -g -I./include -I./src/internal -I./arch/x86_64 -c -o src/misc/crypt.o src/misc/crypt.c
+ ../tcc-0.9.27/tcc0 -Os -nostdinc -ffreestanding '-std=c99' '-D_XOPEN_SOURCE=700' -pipe -g -I./include -I./src/internal -I./arch/x86_64 -c -o src/misc/cuserid.o src/misc/cuserid.c
+ ../tcc-0.9.27/tcc0 -Os -nostdinc -ffreestanding '-std=c99' '-D_XOPEN_SOURCE=700' -pipe -g -I./include -I./src/internal -I./arch/x86_64 -c -o src/misc/dirname.o src/misc/dirname.c
+ ../tcc-0.9.27/tcc0 -Os -nostdinc -ffreestanding '-std=c99' '-D_XOPEN_SOURCE=700' -pipe -g -I./include -I./src/internal -I./arch/x86_64 -c -o src/misc/ffs.o src/misc/ffs.c
+ ../tcc-0.9.27/tcc0 -Os -nostdinc -ffreestanding '-std=c99' '-D_XOPEN_SOURCE=700' -pipe -g -I./include -I./src/internal -I./arch/x86_64 -c -o src/misc/ftw.o src/misc/ftw.c
+ ../tcc-0.9.27/tcc0 -Os -nostdinc -ffreestanding '-std=c99' '-D_XOPEN_SOURCE=700' -pipe -g -I./include -I./src/internal -I./arch/x86_64 -c -o src/misc/getdomainname.o src/misc/getdomainname.c
+ ../tcc-0.9.27/tcc0 -Os -nostdinc -ffreestanding '-std=c99' '-D_XOPEN_SOURCE=700' -pipe -g -I./include -I./src/internal -I./arch/x86_64 -c -o src/misc/getgrouplist.o src/misc/getgrouplist.c
+ ../tcc-0.9.27/tcc0 -Os -nostdinc -ffreestanding '-std=c99' '-D_XOPEN_SOURCE=700' -pipe -g -I./include -I./src/internal -I./arch/x86_64 -c -o src/misc/getopt.o src/misc/getopt.c
+ ../tcc-0.9.27/tcc0 -Os -nostdinc -ffreestanding '-std=c99' '-D_XOPEN_SOURCE=700' -pipe -g -I./include -I./src/internal -I./arch/x86_64 -c -o src/misc/getpriority.o src/misc/getpriority.c
+ ../tcc-0.9.27/tcc0 -Os -nostdinc -ffreestanding '-std=c99' '-D_XOPEN_SOURCE=700' -pipe -g -I./include -I./src/internal -I./arch/x86_64 -c -o src/misc/getrlimit.o src/misc/getrlimit.c
+ ../tcc-0.9.27/tcc0 -Os -nostdinc -ffreestanding '-std=c99' '-D_XOPEN_SOURCE=700' -pipe -g -I./include -I./src/internal -I./arch/x86_64 -c -o src/misc/getrusage.o src/misc/getrusage.c
+ ../tcc-0.9.27/tcc0 -Os -nostdinc -ffreestanding '-std=c99' '-D_XOPEN_SOURCE=700' -pipe -g -I./include -I./src/internal -I./arch/x86_64 -c -o src/misc/getsubopt.o src/misc/getsubopt.c
+ ../tcc-0.9.27/tcc0 -Os -nostdinc -ffreestanding '-std=c99' '-D_XOPEN_SOURCE=700' -pipe -g -I./include -I./src/internal -I./arch/x86_64 -c -o src/misc/ioctl.o src/misc/ioctl.c
+ ../tcc-0.9.27/tcc0 -Os -nostdinc -ffreestanding '-std=c99' '-D_XOPEN_SOURCE=700' -pipe -g -I./include -I./src/internal -I./arch/x86_64 -c -o src/misc/lockf.o src/misc/lockf.c
+ ../tcc-0.9.27/tcc0 -Os -nostdinc -ffreestanding '-std=c99' '-D_XOPEN_SOURCE=700' -pipe -g -I./include -I./src/internal -I./arch/x86_64 -c -o src/misc/nftw.o src/misc/nftw.c
+ ../tcc-0.9.27/tcc0 -Os -nostdinc -ffreestanding '-std=c99' '-D_XOPEN_SOURCE=700' -pipe -g -I./include -I./src/internal -I./arch/x86_64 -c -o src/misc/openpty.o src/misc/openpty.c
+ ../tcc-0.9.27/tcc0 -Os -nostdinc -ffreestanding '-std=c99' '-D_XOPEN_SOURCE=700' -pipe -g -I./include -I./src/internal -I./arch/x86_64 -c -o src/misc/pty.o src/misc/pty.c
+ ../tcc-0.9.27/tcc0 -Os -nostdinc -ffreestanding '-std=c99' '-D_XOPEN_SOURCE=700' -pipe -g -I./include -I./src/internal -I./arch/x86_64 -c -o src/misc/realpath.o src/misc/realpath.c
+ ../tcc-0.9.27/tcc0 -Os -nostdinc -ffreestanding '-std=c99' '-D_XOPEN_SOURCE=700' -pipe -g -I./include -I./src/internal -I./arch/x86_64 -c -o src/misc/sched_yield.o src/misc/sched_yield.c
+ ../tcc-0.9.27/tcc0 -Os -nostdinc -ffreestanding '-std=c99' '-D_XOPEN_SOURCE=700' -pipe -g -I./include -I./src/internal -I./arch/x86_64 -c -o src/misc/setpriority.o src/misc/setpriority.c
+ ../tcc-0.9.27/tcc0 -Os -nostdinc -ffreestanding '-std=c99' '-D_XOPEN_SOURCE=700' -pipe -g -I./include -I./src/internal -I./arch/x86_64 -c -o src/misc/setrlimit.o src/misc/setrlimit.c
+ ../tcc-0.9.27/tcc0 -Os -nostdinc -ffreestanding '-std=c99' '-D_XOPEN_SOURCE=700' -pipe -g -I./include -I./src/internal -I./arch/x86_64 -c -o src/misc/syslog.o src/misc/syslog.c
+ ../tcc-0.9.27/tcc0 -Os -nostdinc -ffreestanding '-std=c99' '-D_XOPEN_SOURCE=700' -pipe -g -I./include -I./src/internal -I./arch/x86_64 -c -o src/misc/uname.o src/misc/uname.c
+ ../tcc-0.9.27/tcc0 -Os -nostdinc -ffreestanding '-std=c99' '-D_XOPEN_SOURCE=700' -pipe -g -I./include -I./src/internal -I./arch/x86_64 -c -o src/mman/madvise.o src/mman/madvise.c
+ ../tcc-0.9.27/tcc0 -Os -nostdinc -ffreestanding '-std=c99' '-D_XOPEN_SOURCE=700' -pipe -g -I./include -I./src/internal -I./arch/x86_64 -c -o src/mman/mlock.o src/mman/mlock.c
+ ../tcc-0.9.27/tcc0 -Os -nostdinc -ffreestanding '-std=c99' '-D_XOPEN_SOURCE=700' -pipe -g -I./include -I./src/internal -I./arch/x86_64 -c -o src/mman/mlockall.o src/mman/mlockall.c
+ ../tcc-0.9.27/tcc0 -Os -nostdinc -ffreestanding '-std=c99' '-D_XOPEN_SOURCE=700' -pipe -g -I./include -I./src/internal -I./arch/x86_64 -c -o src/mman/mmap.o src/mman/mmap.c
+ ../tcc-0.9.27/tcc0 -Os -nostdinc -ffreestanding '-std=c99' '-D_XOPEN_SOURCE=700' -pipe -g -I./include -I./src/internal -I./arch/x86_64 -c -o src/mman/mprotect.o src/mman/mprotect.c
+ ../tcc-0.9.27/tcc0 -Os -nostdinc -ffreestanding '-std=c99' '-D_XOPEN_SOURCE=700' -pipe -g -I./include -I./src/internal -I./arch/x86_64 -c -o src/mman/mremap.o src/mman/mremap.c
+ ../tcc-0.9.27/tcc0 -Os -nostdinc -ffreestanding '-std=c99' '-D_XOPEN_SOURCE=700' -pipe -g -I./include -I./src/internal -I./arch/x86_64 -c -o src/mman/msync.o src/mman/msync.c
+ ../tcc-0.9.27/tcc0 -Os -nostdinc -ffreestanding '-std=c99' '-D_XOPEN_SOURCE=700' -pipe -g -I./include -I./src/internal -I./arch/x86_64 -c -o src/mman/munlock.o src/mman/munlock.c
+ ../tcc-0.9.27/tcc0 -Os -nostdinc -ffreestanding '-std=c99' '-D_XOPEN_SOURCE=700' -pipe -g -I./include -I./src/internal -I./arch/x86_64 -c -o src/mman/munlockall.o src/mman/munlockall.c
+ ../tcc-0.9.27/tcc0 -Os -nostdinc -ffreestanding '-std=c99' '-D_XOPEN_SOURCE=700' -pipe -g -I./include -I./src/internal -I./arch/x86_64 -c -o src/mman/munmap.o src/mman/munmap.c
+ ../tcc-0.9.27/tcc0 -Os -nostdinc -ffreestanding '-std=c99' '-D_XOPEN_SOURCE=700' -pipe -g -I./include -I./src/internal -I./arch/x86_64 -c -o src/mman/posix_madvise.o src/mman/posix_madvise.c
+ ../tcc-0.9.27/tcc0 -Os -nostdinc -ffreestanding '-std=c99' '-D_XOPEN_SOURCE=700' -pipe -g -I./include -I./src/internal -I./arch/x86_64 -c -o src/multibyte/btowc.o src/multibyte/btowc.c
+ ../tcc-0.9.27/tcc0 -Os -nostdinc -ffreestanding '-std=c99' '-D_XOPEN_SOURCE=700' -pipe -g -I./include -I./src/internal -I./arch/x86_64 -c -o src/multibyte/decode.o src/multibyte/decode.c
+ ../tcc-0.9.27/tcc0 -Os -nostdinc -ffreestanding '-std=c99' '-D_XOPEN_SOURCE=700' -pipe -g -I./include -I./src/internal -I./arch/x86_64 -c -o src/multibyte/internal.o src/multibyte/internal.c
+ ../tcc-0.9.27/tcc0 -Os -nostdinc -ffreestanding '-std=c99' '-D_XOPEN_SOURCE=700' -pipe -g -I./include -I./src/internal -I./arch/x86_64 -c -o src/multibyte/mblen.o src/multibyte/mblen.c
+ ../tcc-0.9.27/tcc0 -Os -nostdinc -ffreestanding '-std=c99' '-D_XOPEN_SOURCE=700' -pipe -g -I./include -I./src/internal -I./arch/x86_64 -c -o src/multibyte/mbrlen.o src/multibyte/mbrlen.c
+ ../tcc-0.9.27/tcc0 -Os -nostdinc -ffreestanding '-std=c99' '-D_XOPEN_SOURCE=700' -pipe -g -I./include -I./src/internal -I./arch/x86_64 -c -o src/multibyte/mbrtowc.o src/multibyte/mbrtowc.c
+ ../tcc-0.9.27/tcc0 -Os -nostdinc -ffreestanding '-std=c99' '-D_XOPEN_SOURCE=700' -pipe -g -I./include -I./src/internal -I./arch/x86_64 -c -o src/multibyte/mbsinit.o src/multibyte/mbsinit.c
+ ../tcc-0.9.27/tcc0 -Os -nostdinc -ffreestanding '-std=c99' '-D_XOPEN_SOURCE=700' -pipe -g -I./include -I./src/internal -I./arch/x86_64 -c -o src/multibyte/mbsnrtowcs.o src/multibyte/mbsnrtowcs.c
+ ../tcc-0.9.27/tcc0 -Os -nostdinc -ffreestanding '-std=c99' '-D_XOPEN_SOURCE=700' -pipe -g -I./include -I./src/internal -I./arch/x86_64 -c -o src/multibyte/mbsrtowcs.o src/multibyte/mbsrtowcs.c
+ ../tcc-0.9.27/tcc0 -Os -nostdinc -ffreestanding '-std=c99' '-D_XOPEN_SOURCE=700' -pipe -g -I./include -I./src/internal -I./arch/x86_64 -c -o src/multibyte/mbstowcs.o src/multibyte/mbstowcs.c
+ ../tcc-0.9.27/tcc0 -Os -nostdinc -ffreestanding '-std=c99' '-D_XOPEN_SOURCE=700' -pipe -g -I./include -I./src/internal -I./arch/x86_64 -c -o src/multibyte/mbtowc.o src/multibyte/mbtowc.c
+ ../tcc-0.9.27/tcc0 -Os -nostdinc -ffreestanding '-std=c99' '-D_XOPEN_SOURCE=700' -pipe -g -I./include -I./src/internal -I./arch/x86_64 -c -o src/multibyte/wcrtomb.o src/multibyte/wcrtomb.c
+ ../tcc-0.9.27/tcc0 -Os -nostdinc -ffreestanding '-std=c99' '-D_XOPEN_SOURCE=700' -pipe -g -I./include -I./src/internal -I./arch/x86_64 -c -o src/multibyte/wcsnrtombs.o src/multibyte/wcsnrtombs.c
+ ../tcc-0.9.27/tcc0 -Os -nostdinc -ffreestanding '-std=c99' '-D_XOPEN_SOURCE=700' -pipe -g -I./include -I./src/internal -I./arch/x86_64 -c -o src/multibyte/wcsrtombs.o src/multibyte/wcsrtombs.c
+ ../tcc-0.9.27/tcc0 -Os -nostdinc -ffreestanding '-std=c99' '-D_XOPEN_SOURCE=700' -pipe -g -I./include -I./src/internal -I./arch/x86_64 -c -o src/multibyte/wcstombs.o src/multibyte/wcstombs.c
+ ../tcc-0.9.27/tcc0 -Os -nostdinc -ffreestanding '-std=c99' '-D_XOPEN_SOURCE=700' -pipe -g -I./include -I./src/internal -I./arch/x86_64 -c -o src/multibyte/wctob.o src/multibyte/wctob.c
+ ../tcc-0.9.27/tcc0 -Os -nostdinc -ffreestanding '-std=c99' '-D_XOPEN_SOURCE=700' -pipe -g -I./include -I./src/internal -I./arch/x86_64 -c -o src/multibyte/wctomb.o src/multibyte/wctomb.c
+ ../tcc-0.9.27/tcc0 -Os -nostdinc -ffreestanding '-std=c99' '-D_XOPEN_SOURCE=700' -pipe -g -I./include -I./src/internal -I./arch/x86_64 -c -o src/network/__dns.o src/network/__dns.c
+ ../tcc-0.9.27/tcc0 -Os -nostdinc -ffreestanding '-std=c99' '-D_XOPEN_SOURCE=700' -pipe -g -I./include -I./src/internal -I./arch/x86_64 -c -o src/network/__ipparse.o src/network/__ipparse.c
+ ../tcc-0.9.27/tcc0 -Os -nostdinc -ffreestanding '-std=c99' '-D_XOPEN_SOURCE=700' -pipe -g -I./include -I./src/internal -I./arch/x86_64 -c -o src/network/accept.o src/network/accept.c
+ ../tcc-0.9.27/tcc0 -Os -nostdinc -ffreestanding '-std=c99' '-D_XOPEN_SOURCE=700' -pipe -g -I./include -I./src/internal -I./arch/x86_64 -c -o src/network/bind.o src/network/bind.c
+ ../tcc-0.9.27/tcc0 -Os -nostdinc -ffreestanding '-std=c99' '-D_XOPEN_SOURCE=700' -pipe -g -I./include -I./src/internal -I./arch/x86_64 -c -o src/network/connect.o src/network/connect.c
+ ../tcc-0.9.27/tcc0 -Os -nostdinc -ffreestanding '-std=c99' '-D_XOPEN_SOURCE=700' -pipe -g -I./include -I./src/internal -I./arch/x86_64 -c -o src/network/dn_expand.o src/network/dn_expand.c
+ ../tcc-0.9.27/tcc0 -Os -nostdinc -ffreestanding '-std=c99' '-D_XOPEN_SOURCE=700' -pipe -g -I./include -I./src/internal -I./arch/x86_64 -c -o src/network/ent.o src/network/ent.c
+ ../tcc-0.9.27/tcc0 -Os -nostdinc -ffreestanding '-std=c99' '-D_XOPEN_SOURCE=700' -pipe -g -I./include -I./src/internal -I./arch/x86_64 -c -o src/network/freeaddrinfo.o src/network/freeaddrinfo.c
+ ../tcc-0.9.27/tcc0 -Os -nostdinc -ffreestanding '-std=c99' '-D_XOPEN_SOURCE=700' -pipe -g -I./include -I./src/internal -I./arch/x86_64 -c -o src/network/gai_strerror.o src/network/gai_strerror.c
+ ../tcc-0.9.27/tcc0 -Os -nostdinc -ffreestanding '-std=c99' '-D_XOPEN_SOURCE=700' -pipe -g -I./include -I./src/internal -I./arch/x86_64 -c -o src/network/getaddrinfo.o src/network/getaddrinfo.c
+ ../tcc-0.9.27/tcc0 -Os -nostdinc -ffreestanding '-std=c99' '-D_XOPEN_SOURCE=700' -pipe -g -I./include -I./src/internal -I./arch/x86_64 -c -o src/network/gethostbyaddr.o src/network/gethostbyaddr.c
+ ../tcc-0.9.27/tcc0 -Os -nostdinc -ffreestanding '-std=c99' '-D_XOPEN_SOURCE=700' -pipe -g -I./include -I./src/internal -I./arch/x86_64 -c -o src/network/gethostbyaddr_r.o src/network/gethostbyaddr_r.c
+ ../tcc-0.9.27/tcc0 -Os -nostdinc -ffreestanding '-std=c99' '-D_XOPEN_SOURCE=700' -pipe -g -I./include -I./src/internal -I./arch/x86_64 -c -o src/network/gethostbyname.o src/network/gethostbyname.c
+ ../tcc-0.9.27/tcc0 -Os -nostdinc -ffreestanding '-std=c99' '-D_XOPEN_SOURCE=700' -pipe -g -I./include -I./src/internal -I./arch/x86_64 -c -o src/network/gethostbyname2.o src/network/gethostbyname2.c
+ ../tcc-0.9.27/tcc0 -Os -nostdinc -ffreestanding '-std=c99' '-D_XOPEN_SOURCE=700' -pipe -g -I./include -I./src/internal -I./arch/x86_64 -c -o src/network/gethostbyname2_r.o src/network/gethostbyname2_r.c
+ ../tcc-0.9.27/tcc0 -Os -nostdinc -ffreestanding '-std=c99' '-D_XOPEN_SOURCE=700' -pipe -g -I./include -I./src/internal -I./arch/x86_64 -c -o src/network/gethostbyname_r.o src/network/gethostbyname_r.c
+ ../tcc-0.9.27/tcc0 -Os -nostdinc -ffreestanding '-std=c99' '-D_XOPEN_SOURCE=700' -pipe -g -I./include -I./src/internal -I./arch/x86_64 -c -o src/network/getnameinfo.o src/network/getnameinfo.c
+ ../tcc-0.9.27/tcc0 -Os -nostdinc -ffreestanding '-std=c99' '-D_XOPEN_SOURCE=700' -pipe -g -I./include -I./src/internal -I./arch/x86_64 -c -o src/network/getpeername.o src/network/getpeername.c
+ ../tcc-0.9.27/tcc0 -Os -nostdinc -ffreestanding '-std=c99' '-D_XOPEN_SOURCE=700' -pipe -g -I./include -I./src/internal -I./arch/x86_64 -c -o src/network/getservbyname.o src/network/getservbyname.c
+ ../tcc-0.9.27/tcc0 -Os -nostdinc -ffreestanding '-std=c99' '-D_XOPEN_SOURCE=700' -pipe -g -I./include -I./src/internal -I./arch/x86_64 -c -o src/network/getservbyname_r.o src/network/getservbyname_r.c
+ ../tcc-0.9.27/tcc0 -Os -nostdinc -ffreestanding '-std=c99' '-D_XOPEN_SOURCE=700' -pipe -g -I./include -I./src/internal -I./arch/x86_64 -c -o src/network/getservbyport.o src/network/getservbyport.c
+ ../tcc-0.9.27/tcc0 -Os -nostdinc -ffreestanding '-std=c99' '-D_XOPEN_SOURCE=700' -pipe -g -I./include -I./src/internal -I./arch/x86_64 -c -o src/network/getservbyport_r.o src/network/getservbyport_r.c
+ ../tcc-0.9.27/tcc0 -Os -nostdinc -ffreestanding '-std=c99' '-D_XOPEN_SOURCE=700' -pipe -g -I./include -I./src/internal -I./arch/x86_64 -c -o src/network/getsockname.o src/network/getsockname.c
+ ../tcc-0.9.27/tcc0 -Os -nostdinc -ffreestanding '-std=c99' '-D_XOPEN_SOURCE=700' -pipe -g -I./include -I./src/internal -I./arch/x86_64 -c -o src/network/getsockopt.o src/network/getsockopt.c
+ ../tcc-0.9.27/tcc0 -Os -nostdinc -ffreestanding '-std=c99' '-D_XOPEN_SOURCE=700' -pipe -g -I./include -I./src/internal -I./arch/x86_64 -c -o src/network/h_errno.o src/network/h_errno.c
+ ../tcc-0.9.27/tcc0 -Os -nostdinc -ffreestanding '-std=c99' '-D_XOPEN_SOURCE=700' -pipe -g -I./include -I./src/internal -I./arch/x86_64 -c -o src/network/hstrerror.o src/network/hstrerror.c
+ ../tcc-0.9.27/tcc0 -Os -nostdinc -ffreestanding '-std=c99' '-D_XOPEN_SOURCE=700' -pipe -g -I./include -I./src/internal -I./arch/x86_64 -c -o src/network/htonl.o src/network/htonl.c
+ ../tcc-0.9.27/tcc0 -Os -nostdinc -ffreestanding '-std=c99' '-D_XOPEN_SOURCE=700' -pipe -g -I./include -I./src/internal -I./arch/x86_64 -c -o src/network/htons.o src/network/htons.c
+ ../tcc-0.9.27/tcc0 -Os -nostdinc -ffreestanding '-std=c99' '-D_XOPEN_SOURCE=700' -pipe -g -I./include -I./src/internal -I./arch/x86_64 -c -o src/network/in6addr_any.o src/network/in6addr_any.c
+ ../tcc-0.9.27/tcc0 -Os -nostdinc -ffreestanding '-std=c99' '-D_XOPEN_SOURCE=700' -pipe -g -I./include -I./src/internal -I./arch/x86_64 -c -o src/network/in6addr_loopback.o src/network/in6addr_loopback.c
+ ../tcc-0.9.27/tcc0 -Os -nostdinc -ffreestanding '-std=c99' '-D_XOPEN_SOURCE=700' -pipe -g -I./include -I./src/internal -I./arch/x86_64 -c -o src/network/inet_addr.o src/network/inet_addr.c
+ ../tcc-0.9.27/tcc0 -Os -nostdinc -ffreestanding '-std=c99' '-D_XOPEN_SOURCE=700' -pipe -g -I./include -I./src/internal -I./arch/x86_64 -c -o src/network/inet_aton.o src/network/inet_aton.c
+ ../tcc-0.9.27/tcc0 -Os -nostdinc -ffreestanding '-std=c99' '-D_XOPEN_SOURCE=700' -pipe -g -I./include -I./src/internal -I./arch/x86_64 -c -o src/network/inet_ntoa.o src/network/inet_ntoa.c
+ ../tcc-0.9.27/tcc0 -Os -nostdinc -ffreestanding '-std=c99' '-D_XOPEN_SOURCE=700' -pipe -g -I./include -I./src/internal -I./arch/x86_64 -c -o src/network/inet_ntop.o src/network/inet_ntop.c
+ ../tcc-0.9.27/tcc0 -Os -nostdinc -ffreestanding '-std=c99' '-D_XOPEN_SOURCE=700' -pipe -g -I./include -I./src/internal -I./arch/x86_64 -c -o src/network/inet_pton.o src/network/inet_pton.c
+ ../tcc-0.9.27/tcc0 -Os -nostdinc -ffreestanding '-std=c99' '-D_XOPEN_SOURCE=700' -pipe -g -I./include -I./src/internal -I./arch/x86_64 -c -o src/network/listen.o src/network/listen.c
+ ../tcc-0.9.27/tcc0 -Os -nostdinc -ffreestanding '-std=c99' '-D_XOPEN_SOURCE=700' -pipe -g -I./include -I./src/internal -I./arch/x86_64 -c -o src/network/ntohl.o src/network/ntohl.c
+ ../tcc-0.9.27/tcc0 -Os -nostdinc -ffreestanding '-std=c99' '-D_XOPEN_SOURCE=700' -pipe -g -I./include -I./src/internal -I./arch/x86_64 -c -o src/network/ntohs.o src/network/ntohs.c
+ ../tcc-0.9.27/tcc0 -Os -nostdinc -ffreestanding '-std=c99' '-D_XOPEN_SOURCE=700' -pipe -g -I./include -I./src/internal -I./arch/x86_64 -c -o src/network/proto.o src/network/proto.c
+ ../tcc-0.9.27/tcc0 -Os -nostdinc -ffreestanding '-std=c99' '-D_XOPEN_SOURCE=700' -pipe -g -I./include -I./src/internal -I./arch/x86_64 -c -o src/network/recv.o src/network/recv.c
+ ../tcc-0.9.27/tcc0 -Os -nostdinc -ffreestanding '-std=c99' '-D_XOPEN_SOURCE=700' -pipe -g -I./include -I./src/internal -I./arch/x86_64 -c -o src/network/recvfrom.o src/network/recvfrom.c
+ ../tcc-0.9.27/tcc0 -Os -nostdinc -ffreestanding '-std=c99' '-D_XOPEN_SOURCE=700' -pipe -g -I./include -I./src/internal -I./arch/x86_64 -c -o src/network/recvmsg.o src/network/recvmsg.c
+ ../tcc-0.9.27/tcc0 -Os -nostdinc -ffreestanding '-std=c99' '-D_XOPEN_SOURCE=700' -pipe -g -I./include -I./src/internal -I./arch/x86_64 -c -o src/network/res_init.o src/network/res_init.c
+ ../tcc-0.9.27/tcc0 -Os -nostdinc -ffreestanding '-std=c99' '-D_XOPEN_SOURCE=700' -pipe -g -I./include -I./src/internal -I./arch/x86_64 -c -o src/network/res_query.o src/network/res_query.c
+ ../tcc-0.9.27/tcc0 -Os -nostdinc -ffreestanding '-std=c99' '-D_XOPEN_SOURCE=700' -pipe -g -I./include -I./src/internal -I./arch/x86_64 -c -o src/network/send.o src/network/send.c
+ ../tcc-0.9.27/tcc0 -Os -nostdinc -ffreestanding '-std=c99' '-D_XOPEN_SOURCE=700' -pipe -g -I./include -I./src/internal -I./arch/x86_64 -c -o src/network/sendmsg.o src/network/sendmsg.c
+ ../tcc-0.9.27/tcc0 -Os -nostdinc -ffreestanding '-std=c99' '-D_XOPEN_SOURCE=700' -pipe -g -I./include -I./src/internal -I./arch/x86_64 -c -o src/network/sendto.o src/network/sendto.c
+ ../tcc-0.9.27/tcc0 -Os -nostdinc -ffreestanding '-std=c99' '-D_XOPEN_SOURCE=700' -pipe -g -I./include -I./src/internal -I./arch/x86_64 -c -o src/network/serv.o src/network/serv.c
+ ../tcc-0.9.27/tcc0 -Os -nostdinc -ffreestanding '-std=c99' '-D_XOPEN_SOURCE=700' -pipe -g -I./include -I./src/internal -I./arch/x86_64 -c -o src/network/setsockopt.o src/network/setsockopt.c
+ ../tcc-0.9.27/tcc0 -Os -nostdinc -ffreestanding '-std=c99' '-D_XOPEN_SOURCE=700' -pipe -g -I./include -I./src/internal -I./arch/x86_64 -c -o src/network/shutdown.o src/network/shutdown.c
+ ../tcc-0.9.27/tcc0 -Os -nostdinc -ffreestanding '-std=c99' '-D_XOPEN_SOURCE=700' -pipe -g -I./include -I./src/internal -I./arch/x86_64 -c -o src/network/sockatmark.o src/network/sockatmark.c
+ ../tcc-0.9.27/tcc0 -Os -nostdinc -ffreestanding '-std=c99' '-D_XOPEN_SOURCE=700' -pipe -g -I./include -I./src/internal -I./arch/x86_64 -c -o src/network/socket.o src/network/socket.c
+ ../tcc-0.9.27/tcc0 -Os -nostdinc -ffreestanding '-std=c99' '-D_XOPEN_SOURCE=700' -pipe -g -I./include -I./src/internal -I./arch/x86_64 -c -o src/network/socketpair.o src/network/socketpair.c
+ ../tcc-0.9.27/tcc0 -Os -nostdinc -ffreestanding '-std=c99' '-D_XOPEN_SOURCE=700' -pipe -g -I./include -I./src/internal -I./arch/x86_64 -c -o src/passwd/getgr_r.o src/passwd/getgr_r.c
+ ../tcc-0.9.27/tcc0 -Os -nostdinc -ffreestanding '-std=c99' '-D_XOPEN_SOURCE=700' -pipe -g -I./include -I./src/internal -I./arch/x86_64 -c -o src/passwd/getgrent.o src/passwd/getgrent.c
+ ../tcc-0.9.27/tcc0 -Os -nostdinc -ffreestanding '-std=c99' '-D_XOPEN_SOURCE=700' -pipe -g -I./include -I./src/internal -I./arch/x86_64 -c -o src/passwd/getgrent_a.o src/passwd/getgrent_a.c
+ ../tcc-0.9.27/tcc0 -Os -nostdinc -ffreestanding '-std=c99' '-D_XOPEN_SOURCE=700' -pipe -g -I./include -I./src/internal -I./arch/x86_64 -c -o src/passwd/getpw_r.o src/passwd/getpw_r.c
+ ../tcc-0.9.27/tcc0 -Os -nostdinc -ffreestanding '-std=c99' '-D_XOPEN_SOURCE=700' -pipe -g -I./include -I./src/internal -I./arch/x86_64 -c -o src/passwd/getpwent.o src/passwd/getpwent.c
+ ../tcc-0.9.27/tcc0 -Os -nostdinc -ffreestanding '-std=c99' '-D_XOPEN_SOURCE=700' -pipe -g -I./include -I./src/internal -I./arch/x86_64 -c -o src/passwd/getpwent_a.o src/passwd/getpwent_a.c
+ ../tcc-0.9.27/tcc0 -Os -nostdinc -ffreestanding '-std=c99' '-D_XOPEN_SOURCE=700' -pipe -g -I./include -I./src/internal -I./arch/x86_64 -c -o src/passwd/getspent.o src/passwd/getspent.c
+ ../tcc-0.9.27/tcc0 -Os -nostdinc -ffreestanding '-std=c99' '-D_XOPEN_SOURCE=700' -pipe -g -I./include -I./src/internal -I./arch/x86_64 -c -o src/passwd/getspnam.o src/passwd/getspnam.c
+ ../tcc-0.9.27/tcc0 -Os -nostdinc -ffreestanding '-std=c99' '-D_XOPEN_SOURCE=700' -pipe -g -I./include -I./src/internal -I./arch/x86_64 -c -o src/passwd/getspnam_r.o src/passwd/getspnam_r.c
+ ../tcc-0.9.27/tcc0 -Os -nostdinc -ffreestanding '-std=c99' '-D_XOPEN_SOURCE=700' -pipe -g -I./include -I./src/internal -I./arch/x86_64 -c -o src/passwd/lckpwdf.o src/passwd/lckpwdf.c
+ ../tcc-0.9.27/tcc0 -Os -nostdinc -ffreestanding '-std=c99' '-D_XOPEN_SOURCE=700' -pipe -g -I./include -I./src/internal -I./arch/x86_64 -c -o src/prng/__rand48_step.o src/prng/__rand48_step.c
+ ../tcc-0.9.27/tcc0 -Os -nostdinc -ffreestanding '-std=c99' '-D_XOPEN_SOURCE=700' -pipe -g -I./include -I./src/internal -I./arch/x86_64 -c -o src/prng/__seed48.o src/prng/__seed48.c
+ ../tcc-0.9.27/tcc0 -Os -nostdinc -ffreestanding '-std=c99' '-D_XOPEN_SOURCE=700' -pipe -g -I./include -I./src/internal -I./arch/x86_64 -c -o src/prng/drand48.o src/prng/drand48.c
+ ../tcc-0.9.27/tcc0 -Os -nostdinc -ffreestanding '-std=c99' '-D_XOPEN_SOURCE=700' -pipe -g -I./include -I./src/internal -I./arch/x86_64 -c -o src/prng/lcong48.o src/prng/lcong48.c
+ ../tcc-0.9.27/tcc0 -Os -nostdinc -ffreestanding '-std=c99' '-D_XOPEN_SOURCE=700' -pipe -g -I./include -I./src/internal -I./arch/x86_64 -c -o src/prng/lrand48.o src/prng/lrand48.c
+ ../tcc-0.9.27/tcc0 -Os -nostdinc -ffreestanding '-std=c99' '-D_XOPEN_SOURCE=700' -pipe -g -I./include -I./src/internal -I./arch/x86_64 -c -o src/prng/mrand48.o src/prng/mrand48.c
+ ../tcc-0.9.27/tcc0 -Os -nostdinc -ffreestanding '-std=c99' '-D_XOPEN_SOURCE=700' -pipe -g -I./include -I./src/internal -I./arch/x86_64 -c -o src/prng/rand.o src/prng/rand.c
+ ../tcc-0.9.27/tcc0 -Os -nostdinc -ffreestanding '-std=c99' '-D_XOPEN_SOURCE=700' -pipe -g -I./include -I./src/internal -I./arch/x86_64 -c -o src/prng/rand_r.o src/prng/rand_r.c
+ ../tcc-0.9.27/tcc0 -Os -nostdinc -ffreestanding '-std=c99' '-D_XOPEN_SOURCE=700' -pipe -g -I./include -I./src/internal -I./arch/x86_64 -c -o src/prng/random.o src/prng/random.c
+ ../tcc-0.9.27/tcc0 -Os -nostdinc -ffreestanding '-std=c99' '-D_XOPEN_SOURCE=700' -pipe -g -I./include -I./src/internal -I./arch/x86_64 -c -o src/prng/seed48.o src/prng/seed48.c
+ ../tcc-0.9.27/tcc0 -Os -nostdinc -ffreestanding '-std=c99' '-D_XOPEN_SOURCE=700' -pipe -g -I./include -I./src/internal -I./arch/x86_64 -c -o src/prng/srand48.o src/prng/srand48.c
+ ../tcc-0.9.27/tcc0 -Os -nostdinc -ffreestanding '-std=c99' '-D_XOPEN_SOURCE=700' -pipe -g -I./include -I./src/internal -I./arch/x86_64 -c -o src/prng/srandom.o src/prng/srandom.c
+ ../tcc-0.9.27/tcc0 -Os -nostdinc -ffreestanding '-std=c99' '-D_XOPEN_SOURCE=700' -pipe -g -I./include -I./src/internal -I./arch/x86_64 -c -o src/process/execl.o src/process/execl.c
+ ../tcc-0.9.27/tcc0 -Os -nostdinc -ffreestanding '-std=c99' '-D_XOPEN_SOURCE=700' -pipe -g -I./include -I./src/internal -I./arch/x86_64 -c -o src/process/execle.o src/process/execle.c
+ ../tcc-0.9.27/tcc0 -Os -nostdinc -ffreestanding '-std=c99' '-D_XOPEN_SOURCE=700' -pipe -g -I./include -I./src/internal -I./arch/x86_64 -c -o src/process/execlp.o src/process/execlp.c
+ ../tcc-0.9.27/tcc0 -Os -nostdinc -ffreestanding '-std=c99' '-D_XOPEN_SOURCE=700' -pipe -g -I./include -I./src/internal -I./arch/x86_64 -c -o src/process/execv.o src/process/execv.c
+ ../tcc-0.9.27/tcc0 -Os -nostdinc -ffreestanding '-std=c99' '-D_XOPEN_SOURCE=700' -pipe -g -I./include -I./src/internal -I./arch/x86_64 -c -o src/process/execve.o src/process/execve.c
+ ../tcc-0.9.27/tcc0 -Os -nostdinc -ffreestanding '-std=c99' '-D_XOPEN_SOURCE=700' -pipe -g -I./include -I./src/internal -I./arch/x86_64 -c -o src/process/execvp.o src/process/execvp.c
+ ../tcc-0.9.27/tcc0 -Os -nostdinc -ffreestanding '-std=c99' '-D_XOPEN_SOURCE=700' -pipe -g -I./include -I./src/internal -I./arch/x86_64 -c -o src/process/fork.o src/process/fork.c
+ ../tcc-0.9.27/tcc0 -Os -nostdinc -ffreestanding '-std=c99' '-D_XOPEN_SOURCE=700' -pipe -g -I./include -I./src/internal -I./arch/x86_64 -c -o src/process/system.o src/process/system.c
+ ../tcc-0.9.27/tcc0 -Os -nostdinc -ffreestanding '-std=c99' '-D_XOPEN_SOURCE=700' -pipe -g -I./include -I./src/internal -I./arch/x86_64 -c -o src/process/vfork.o src/process/vfork.c
+ ../tcc-0.9.27/tcc0 -Os -nostdinc -ffreestanding '-std=c99' '-D_XOPEN_SOURCE=700' -pipe -g -I./include -I./src/internal -I./arch/x86_64 -c -o src/process/wait.o src/process/wait.c
+ ../tcc-0.9.27/tcc0 -Os -nostdinc -ffreestanding '-std=c99' '-D_XOPEN_SOURCE=700' -pipe -g -I./include -I./src/internal -I./arch/x86_64 -c -o src/process/waitid.o src/process/waitid.c
+ ../tcc-0.9.27/tcc0 -Os -nostdinc -ffreestanding '-std=c99' '-D_XOPEN_SOURCE=700' -pipe -g -I./include -I./src/internal -I./arch/x86_64 -c -o src/process/waitpid.o src/process/waitpid.c
+ ../tcc-0.9.27/tcc0 -Os -nostdinc -ffreestanding '-std=c99' '-D_XOPEN_SOURCE=700' -pipe -g -I./include -I./src/internal -I./arch/x86_64 -c -o src/regex/fnmatch.o src/regex/fnmatch.c
+ ../tcc-0.9.27/tcc0 -Os -nostdinc -ffreestanding '-std=c99' '-D_XOPEN_SOURCE=700' -pipe -g -I./include -I./src/internal -I./arch/x86_64 -c -o src/regex/glob.o src/regex/glob.c
+ ../tcc-0.9.27/tcc0 -Os -nostdinc -ffreestanding '-std=c99' '-D_XOPEN_SOURCE=700' -pipe -g -I./include -I./src/internal -I./arch/x86_64 -c -o src/regex/regcomp.o src/regex/regcomp.c
+ ../tcc-0.9.27/tcc0 -Os -nostdinc -ffreestanding '-std=c99' '-D_XOPEN_SOURCE=700' -pipe -g -I./include -I./src/internal -I./arch/x86_64 -c -o src/regex/regerror.o src/regex/regerror.c
+ ../tcc-0.9.27/tcc0 -Os -nostdinc -ffreestanding '-std=c99' '-D_XOPEN_SOURCE=700' -pipe -g -I./include -I./src/internal -I./arch/x86_64 -c -o src/regex/regexec.o src/regex/regexec.c
+ ../tcc-0.9.27/tcc0 -Os -nostdinc -ffreestanding '-std=c99' '-D_XOPEN_SOURCE=700' -pipe -g -I./include -I./src/internal -I./arch/x86_64 -c -o src/regex/tre-mem.o src/regex/tre-mem.c
+ ../tcc-0.9.27/tcc0 -Os -nostdinc -ffreestanding '-std=c99' '-D_XOPEN_SOURCE=700' -pipe -g -I./include -I./src/internal -I./arch/x86_64 -c -o src/select/poll.o src/select/poll.c
+ ../tcc-0.9.27/tcc0 -Os -nostdinc -ffreestanding '-std=c99' '-D_XOPEN_SOURCE=700' -pipe -g -I./include -I./src/internal -I./arch/x86_64 -c -o src/select/pselect.o src/select/pselect.c
+ ../tcc-0.9.27/tcc0 -Os -nostdinc -ffreestanding '-std=c99' '-D_XOPEN_SOURCE=700' -pipe -g -I./include -I./src/internal -I./arch/x86_64 -c -o src/select/select.o src/select/select.c
+ ../tcc-0.9.27/tcc0 -Os -nostdinc -ffreestanding '-std=c99' '-D_XOPEN_SOURCE=700' -pipe -g -I./include -I./src/internal -I./arch/x86_64 -c -o src/setjmp/longjmp.o src/setjmp/x86_64/longjmp.s
+ ../tcc-0.9.27/tcc0 -Os -nostdinc -ffreestanding '-std=c99' '-D_XOPEN_SOURCE=700' -pipe -g -I./include -I./src/internal -I./arch/x86_64 -c -o src/setjmp/setjmp.o src/setjmp/x86_64/setjmp.s
+ ../tcc-0.9.27/tcc0 -Os -nostdinc -ffreestanding '-std=c99' '-D_XOPEN_SOURCE=700' -pipe -g -I./include -I./src/internal -I./arch/x86_64 -c -o src/signal/getitimer.o src/signal/getitimer.c
+ ../tcc-0.9.27/tcc0 -Os -nostdinc -ffreestanding '-std=c99' '-D_XOPEN_SOURCE=700' -pipe -g -I./include -I./src/internal -I./arch/x86_64 -c -o src/signal/kill.o src/signal/kill.c
+ ../tcc-0.9.27/tcc0 -Os -nostdinc -ffreestanding '-std=c99' '-D_XOPEN_SOURCE=700' -pipe -g -I./include -I./src/internal -I./arch/x86_64 -c -o src/signal/killpg.o src/signal/killpg.c
+ ../tcc-0.9.27/tcc0 -Os -nostdinc -ffreestanding '-std=c99' '-D_XOPEN_SOURCE=700' -pipe -g -I./include -I./src/internal -I./arch/x86_64 -c -o src/signal/raise.o src/signal/raise.c
+ ../tcc-0.9.27/tcc0 -Os -nostdinc -ffreestanding '-std=c99' '-D_XOPEN_SOURCE=700' -pipe -g -I./include -I./src/internal -I./arch/x86_64 -c -o src/signal/restore.o src/signal/x86_64/restore.s
+ ../tcc-0.9.27/tcc0 -Os -nostdinc -ffreestanding '-std=c99' '-D_XOPEN_SOURCE=700' -pipe -g -I./include -I./src/internal -I./arch/x86_64 -c -o src/signal/setitimer.o src/signal/setitimer.c
+ ../tcc-0.9.27/tcc0 -Os -nostdinc -ffreestanding '-std=c99' '-D_XOPEN_SOURCE=700' -pipe -g -I./include -I./src/internal -I./arch/x86_64 -c -o src/signal/sigaction.o src/signal/sigaction.c
+ ../tcc-0.9.27/tcc0 -Os -nostdinc -ffreestanding '-std=c99' '-D_XOPEN_SOURCE=700' -pipe -g -I./include -I./src/internal -I./arch/x86_64 -c -o src/signal/sigaddset.o src/signal/sigaddset.c
+ ../tcc-0.9.27/tcc0 -Os -nostdinc -ffreestanding '-std=c99' '-D_XOPEN_SOURCE=700' -pipe -g -I./include -I./src/internal -I./arch/x86_64 -c -o src/signal/sigaltstack.o src/signal/sigaltstack.c
+ ../tcc-0.9.27/tcc0 -Os -nostdinc -ffreestanding '-std=c99' '-D_XOPEN_SOURCE=700' -pipe -g -I./include -I./src/internal -I./arch/x86_64 -c -o src/signal/sigdelset.o src/signal/sigdelset.c
+ ../tcc-0.9.27/tcc0 -Os -nostdinc -ffreestanding '-std=c99' '-D_XOPEN_SOURCE=700' -pipe -g -I./include -I./src/internal -I./arch/x86_64 -c -o src/signal/sigemptyset.o src/signal/sigemptyset.c
+ ../tcc-0.9.27/tcc0 -Os -nostdinc -ffreestanding '-std=c99' '-D_XOPEN_SOURCE=700' -pipe -g -I./include -I./src/internal -I./arch/x86_64 -c -o src/signal/sigfillset.o src/signal/sigfillset.c
+ ../tcc-0.9.27/tcc0 -Os -nostdinc -ffreestanding '-std=c99' '-D_XOPEN_SOURCE=700' -pipe -g -I./include -I./src/internal -I./arch/x86_64 -c -o src/signal/sighold.o src/signal/sighold.c
+ ../tcc-0.9.27/tcc0 -Os -nostdinc -ffreestanding '-std=c99' '-D_XOPEN_SOURCE=700' -pipe -g -I./include -I./src/internal -I./arch/x86_64 -c -o src/signal/sigignore.o src/signal/sigignore.c
+ ../tcc-0.9.27/tcc0 -Os -nostdinc -ffreestanding '-std=c99' '-D_XOPEN_SOURCE=700' -pipe -g -I./include -I./src/internal -I./arch/x86_64 -c -o src/signal/siginterrupt.o src/signal/siginterrupt.c
+ ../tcc-0.9.27/tcc0 -Os -nostdinc -ffreestanding '-std=c99' '-D_XOPEN_SOURCE=700' -pipe -g -I./include -I./src/internal -I./arch/x86_64 -c -o src/signal/sigismember.o src/signal/sigismember.c
+ ../tcc-0.9.27/tcc0 -Os -nostdinc -ffreestanding '-std=c99' '-D_XOPEN_SOURCE=700' -pipe -g -I./include -I./src/internal -I./arch/x86_64 -c -o src/signal/siglongjmp.o src/signal/siglongjmp.c
+ ../tcc-0.9.27/tcc0 -Os -nostdinc -ffreestanding '-std=c99' '-D_XOPEN_SOURCE=700' -pipe -g -I./include -I./src/internal -I./arch/x86_64 -c -o src/signal/signal.o src/signal/signal.c
+ ../tcc-0.9.27/tcc0 -Os -nostdinc -ffreestanding '-std=c99' '-D_XOPEN_SOURCE=700' -pipe -g -I./include -I./src/internal -I./arch/x86_64 -c -o src/signal/sigpause.o src/signal/sigpause.c
+ ../tcc-0.9.27/tcc0 -Os -nostdinc -ffreestanding '-std=c99' '-D_XOPEN_SOURCE=700' -pipe -g -I./include -I./src/internal -I./arch/x86_64 -c -o src/signal/sigpending.o src/signal/sigpending.c
+ ../tcc-0.9.27/tcc0 -Os -nostdinc -ffreestanding '-std=c99' '-D_XOPEN_SOURCE=700' -pipe -g -I./include -I./src/internal -I./arch/x86_64 -c -o src/signal/sigprocmask.o src/signal/sigprocmask.c
+ ../tcc-0.9.27/tcc0 -Os -nostdinc -ffreestanding '-std=c99' '-D_XOPEN_SOURCE=700' -pipe -g -I./include -I./src/internal -I./arch/x86_64 -c -o src/signal/sigqueue.o src/signal/sigqueue.c
+ ../tcc-0.9.27/tcc0 -Os -nostdinc -ffreestanding '-std=c99' '-D_XOPEN_SOURCE=700' -pipe -g -I./include -I./src/internal -I./arch/x86_64 -c -o src/signal/sigrelse.o src/signal/sigrelse.c
+ ../tcc-0.9.27/tcc0 -Os -nostdinc -ffreestanding '-std=c99' '-D_XOPEN_SOURCE=700' -pipe -g -I./include -I./src/internal -I./arch/x86_64 -c -o src/signal/sigrtmax.o src/signal/sigrtmax.c
+ ../tcc-0.9.27/tcc0 -Os -nostdinc -ffreestanding '-std=c99' '-D_XOPEN_SOURCE=700' -pipe -g -I./include -I./src/internal -I./arch/x86_64 -c -o src/signal/sigrtmin.o src/signal/sigrtmin.c
+ ../tcc-0.9.27/tcc0 -Os -nostdinc -ffreestanding '-std=c99' '-D_XOPEN_SOURCE=700' -pipe -g -I./include -I./src/internal -I./arch/x86_64 -c -o src/signal/sigset.o src/signal/sigset.c
+ ../tcc-0.9.27/tcc0 -Os -nostdinc -ffreestanding '-std=c99' '-D_XOPEN_SOURCE=700' -pipe -g -I./include -I./src/internal -I./arch/x86_64 -c -o src/signal/sigsetjmp.o src/signal/x86_64/sigsetjmp.s
+ ../tcc-0.9.27/tcc0 -Os -nostdinc -ffreestanding '-std=c99' '-D_XOPEN_SOURCE=700' -pipe -g -I./include -I./src/internal -I./arch/x86_64 -c -o src/signal/sigsuspend.o src/signal/sigsuspend.c
+ ../tcc-0.9.27/tcc0 -Os -nostdinc -ffreestanding '-std=c99' '-D_XOPEN_SOURCE=700' -pipe -g -I./include -I./src/internal -I./arch/x86_64 -c -o src/signal/sigtimedwait.o src/signal/sigtimedwait.c
+ ../tcc-0.9.27/tcc0 -Os -nostdinc -ffreestanding '-std=c99' '-D_XOPEN_SOURCE=700' -pipe -g -I./include -I./src/internal -I./arch/x86_64 -c -o src/signal/sigwait.o src/signal/sigwait.c
+ ../tcc-0.9.27/tcc0 -Os -nostdinc -ffreestanding '-std=c99' '-D_XOPEN_SOURCE=700' -pipe -g -I./include -I./src/internal -I./arch/x86_64 -c -o src/signal/sigwaitinfo.o src/signal/sigwaitinfo.c
+ ../tcc-0.9.27/tcc0 -Os -nostdinc -ffreestanding '-std=c99' '-D_XOPEN_SOURCE=700' -pipe -g -I./include -I./src/internal -I./arch/x86_64 -c -o src/stat/chmod.o src/stat/chmod.c
+ ../tcc-0.9.27/tcc0 -Os -nostdinc -ffreestanding '-std=c99' '-D_XOPEN_SOURCE=700' -pipe -g -I./include -I./src/internal -I./arch/x86_64 -c -o src/stat/fchmod.o src/stat/fchmod.c
+ ../tcc-0.9.27/tcc0 -Os -nostdinc -ffreestanding '-std=c99' '-D_XOPEN_SOURCE=700' -pipe -g -I./include -I./src/internal -I./arch/x86_64 -c -o src/stat/fchmodat.o src/stat/fchmodat.c
+ ../tcc-0.9.27/tcc0 -Os -nostdinc -ffreestanding '-std=c99' '-D_XOPEN_SOURCE=700' -pipe -g -I./include -I./src/internal -I./arch/x86_64 -c -o src/stat/fstat.o src/stat/fstat.c
+ ../tcc-0.9.27/tcc0 -Os -nostdinc -ffreestanding '-std=c99' '-D_XOPEN_SOURCE=700' -pipe -g -I./include -I./src/internal -I./arch/x86_64 -c -o src/stat/fstatat.o src/stat/fstatat.c
+ ../tcc-0.9.27/tcc0 -Os -nostdinc -ffreestanding '-std=c99' '-D_XOPEN_SOURCE=700' -pipe -g -I./include -I./src/internal -I./arch/x86_64 -c -o src/stat/fstatvfs.o src/stat/fstatvfs.c
+ ../tcc-0.9.27/tcc0 -Os -nostdinc -ffreestanding '-std=c99' '-D_XOPEN_SOURCE=700' -pipe -g -I./include -I./src/internal -I./arch/x86_64 -c -o src/stat/lstat.o src/stat/lstat.c
+ ../tcc-0.9.27/tcc0 -Os -nostdinc -ffreestanding '-std=c99' '-D_XOPEN_SOURCE=700' -pipe -g -I./include -I./src/internal -I./arch/x86_64 -c -o src/stat/mkdir.o src/stat/mkdir.c
+ ../tcc-0.9.27/tcc0 -Os -nostdinc -ffreestanding '-std=c99' '-D_XOPEN_SOURCE=700' -pipe -g -I./include -I./src/internal -I./arch/x86_64 -c -o src/stat/mkdirat.o src/stat/mkdirat.c
+ ../tcc-0.9.27/tcc0 -Os -nostdinc -ffreestanding '-std=c99' '-D_XOPEN_SOURCE=700' -pipe -g -I./include -I./src/internal -I./arch/x86_64 -c -o src/stat/mkfifo.o src/stat/mkfifo.c
+ ../tcc-0.9.27/tcc0 -Os -nostdinc -ffreestanding '-std=c99' '-D_XOPEN_SOURCE=700' -pipe -g -I./include -I./src/internal -I./arch/x86_64 -c -o src/stat/mkfifoat.o src/stat/mkfifoat.c
+ ../tcc-0.9.27/tcc0 -Os -nostdinc -ffreestanding '-std=c99' '-D_XOPEN_SOURCE=700' -pipe -g -I./include -I./src/internal -I./arch/x86_64 -c -o src/stat/mknod.o src/stat/mknod.c
+ ../tcc-0.9.27/tcc0 -Os -nostdinc -ffreestanding '-std=c99' '-D_XOPEN_SOURCE=700' -pipe -g -I./include -I./src/internal -I./arch/x86_64 -c -o src/stat/mknodat.o src/stat/mknodat.c
+ ../tcc-0.9.27/tcc0 -Os -nostdinc -ffreestanding '-std=c99' '-D_XOPEN_SOURCE=700' -pipe -g -I./include -I./src/internal -I./arch/x86_64 -c -o src/stat/stat.o src/stat/stat.c
+ ../tcc-0.9.27/tcc0 -Os -nostdinc -ffreestanding '-std=c99' '-D_XOPEN_SOURCE=700' -pipe -g -I./include -I./src/internal -I./arch/x86_64 -c -o src/stat/statvfs.o src/stat/statvfs.c
+ ../tcc-0.9.27/tcc0 -Os -nostdinc -ffreestanding '-std=c99' '-D_XOPEN_SOURCE=700' -pipe -g -I./include -I./src/internal -I./arch/x86_64 -c -o src/stat/umask.o src/stat/umask.c
+ ../tcc-0.9.27/tcc0 -Os -nostdinc -ffreestanding '-std=c99' '-D_XOPEN_SOURCE=700' -pipe -g -I./include -I./src/internal -I./arch/x86_64 -c -o src/stdio/__fclose_ca.o src/stdio/__fclose_ca.c
+ ../tcc-0.9.27/tcc0 -Os -nostdinc -ffreestanding '-std=c99' '-D_XOPEN_SOURCE=700' -pipe -g -I./include -I./src/internal -I./arch/x86_64 -c -o src/stdio/__fdopen.o src/stdio/__fdopen.c
+ ../tcc-0.9.27/tcc0 -Os -nostdinc -ffreestanding '-std=c99' '-D_XOPEN_SOURCE=700' -pipe -g -I./include -I./src/internal -I./arch/x86_64 -c -o src/stdio/__fopen_rb_ca.o src/stdio/__fopen_rb_ca.c
+ ../tcc-0.9.27/tcc0 -Os -nostdinc -ffreestanding '-std=c99' '-D_XOPEN_SOURCE=700' -pipe -g -I./include -I./src/internal -I./arch/x86_64 -c -o src/stdio/__fpending.o src/stdio/__fpending.c
+ ../tcc-0.9.27/tcc0 -Os -nostdinc -ffreestanding '-std=c99' '-D_XOPEN_SOURCE=700' -pipe -g -I./include -I./src/internal -I./arch/x86_64 -c -o src/stdio/__ofl.o src/stdio/__ofl.c
+ ../tcc-0.9.27/tcc0 -Os -nostdinc -ffreestanding '-std=c99' '-D_XOPEN_SOURCE=700' -pipe -g -I./include -I./src/internal -I./arch/x86_64 -c -o src/stdio/__overflow.o src/stdio/__overflow.c
+ ../tcc-0.9.27/tcc0 -Os -nostdinc -ffreestanding '-std=c99' '-D_XOPEN_SOURCE=700' -pipe -g -I./include -I./src/internal -I./arch/x86_64 -c -o src/stdio/__scanf.o src/stdio/__scanf.c
+ ../tcc-0.9.27/tcc0 -Os -nostdinc -ffreestanding '-std=c99' '-D_XOPEN_SOURCE=700' -pipe -g -I./include -I./src/internal -I./arch/x86_64 -c -o src/stdio/__stdio_close.o src/stdio/__stdio_close.c
+ ../tcc-0.9.27/tcc0 -Os -nostdinc -ffreestanding '-std=c99' '-D_XOPEN_SOURCE=700' -pipe -g -I./include -I./src/internal -I./arch/x86_64 -c -o src/stdio/__stdio_read.o src/stdio/__stdio_read.c
+ ../tcc-0.9.27/tcc0 -Os -nostdinc -ffreestanding '-std=c99' '-D_XOPEN_SOURCE=700' -pipe -g -I./include -I./src/internal -I./arch/x86_64 -c -o src/stdio/__stdio_seek.o src/stdio/__stdio_seek.c
+ ../tcc-0.9.27/tcc0 -Os -nostdinc -ffreestanding '-std=c99' '-D_XOPEN_SOURCE=700' -pipe -g -I./include -I./src/internal -I./arch/x86_64 -c -o src/stdio/__stdio_write.o src/stdio/__stdio_write.c
+ ../tcc-0.9.27/tcc0 -Os -nostdinc -ffreestanding '-std=c99' '-D_XOPEN_SOURCE=700' -pipe -g -I./include -I./src/internal -I./arch/x86_64 -c -o src/stdio/__uflow.o src/stdio/__uflow.c
+ ../tcc-0.9.27/tcc0 -Os -nostdinc -ffreestanding '-std=c99' '-D_XOPEN_SOURCE=700' -pipe -g -I./include -I./src/internal -I./arch/x86_64 -c -o src/stdio/__underflow.o src/stdio/__underflow.c
+ ../tcc-0.9.27/tcc0 -Os -nostdinc -ffreestanding '-std=c99' '-D_XOPEN_SOURCE=700' -pipe -g -I./include -I./src/internal -I./arch/x86_64 -c -o src/stdio/asprintf.o src/stdio/asprintf.c
+ ../tcc-0.9.27/tcc0 -Os -nostdinc -ffreestanding '-std=c99' '-D_XOPEN_SOURCE=700' -pipe -g -I./include -I./src/internal -I./arch/x86_64 -c -o src/stdio/clearerr.o src/stdio/clearerr.c
+ ../tcc-0.9.27/tcc0 -Os -nostdinc -ffreestanding '-std=c99' '-D_XOPEN_SOURCE=700' -pipe -g -I./include -I./src/internal -I./arch/x86_64 -c -o src/stdio/dprintf.o src/stdio/dprintf.c
+ ../tcc-0.9.27/tcc0 -Os -nostdinc -ffreestanding '-std=c99' '-D_XOPEN_SOURCE=700' -pipe -g -I./include -I./src/internal -I./arch/x86_64 -c -o src/stdio/fclose.o src/stdio/fclose.c
+ ../tcc-0.9.27/tcc0 -Os -nostdinc -ffreestanding '-std=c99' '-D_XOPEN_SOURCE=700' -pipe -g -I./include -I./src/internal -I./arch/x86_64 -c -o src/stdio/feof.o src/stdio/feof.c
+ ../tcc-0.9.27/tcc0 -Os -nostdinc -ffreestanding '-std=c99' '-D_XOPEN_SOURCE=700' -pipe -g -I./include -I./src/internal -I./arch/x86_64 -c -o src/stdio/ferror.o src/stdio/ferror.c
+ ../tcc-0.9.27/tcc0 -Os -nostdinc -ffreestanding '-std=c99' '-D_XOPEN_SOURCE=700' -pipe -g -I./include -I./src/internal -I./arch/x86_64 -c -o src/stdio/fflush.o src/stdio/fflush.c
+ ../tcc-0.9.27/tcc0 -Os -nostdinc -ffreestanding '-std=c99' '-D_XOPEN_SOURCE=700' -pipe -g -I./include -I./src/internal -I./arch/x86_64 -c -o src/stdio/fgetc.o src/stdio/fgetc.c
+ ../tcc-0.9.27/tcc0 -Os -nostdinc -ffreestanding '-std=c99' '-D_XOPEN_SOURCE=700' -pipe -g -I./include -I./src/internal -I./arch/x86_64 -c -o src/stdio/fgetpos.o src/stdio/fgetpos.c
+ ../tcc-0.9.27/tcc0 -Os -nostdinc -ffreestanding '-std=c99' '-D_XOPEN_SOURCE=700' -pipe -g -I./include -I./src/internal -I./arch/x86_64 -c -o src/stdio/fgets.o src/stdio/fgets.c
+ ../tcc-0.9.27/tcc0 -Os -nostdinc -ffreestanding '-std=c99' '-D_XOPEN_SOURCE=700' -pipe -g -I./include -I./src/internal -I./arch/x86_64 -c -o src/stdio/fgetwc.o src/stdio/fgetwc.c
+ ../tcc-0.9.27/tcc0 -Os -nostdinc -ffreestanding '-std=c99' '-D_XOPEN_SOURCE=700' -pipe -g -I./include -I./src/internal -I./arch/x86_64 -c -o src/stdio/fgetws.o src/stdio/fgetws.c
+ ../tcc-0.9.27/tcc0 -Os -nostdinc -ffreestanding '-std=c99' '-D_XOPEN_SOURCE=700' -pipe -g -I./include -I./src/internal -I./arch/x86_64 -c -o src/stdio/fileno.o src/stdio/fileno.c
+ ../tcc-0.9.27/tcc0 -Os -nostdinc -ffreestanding '-std=c99' '-D_XOPEN_SOURCE=700' -pipe -g -I./include -I./src/internal -I./arch/x86_64 -c -o src/stdio/fmemopen.o src/stdio/fmemopen.c
+ ../tcc-0.9.27/tcc0 -Os -nostdinc -ffreestanding '-std=c99' '-D_XOPEN_SOURCE=700' -pipe -g -I./include -I./src/internal -I./arch/x86_64 -c -o src/stdio/fopen.o src/stdio/fopen.c
+ ../tcc-0.9.27/tcc0 -Os -nostdinc -ffreestanding '-std=c99' '-D_XOPEN_SOURCE=700' -pipe -g -I./include -I./src/internal -I./arch/x86_64 -c -o src/stdio/fprintf.o src/stdio/fprintf.c
+ ../tcc-0.9.27/tcc0 -Os -nostdinc -ffreestanding '-std=c99' '-D_XOPEN_SOURCE=700' -pipe -g -I./include -I./src/internal -I./arch/x86_64 -c -o src/stdio/fputc.o src/stdio/fputc.c
+ ../tcc-0.9.27/tcc0 -Os -nostdinc -ffreestanding '-std=c99' '-D_XOPEN_SOURCE=700' -pipe -g -I./include -I./src/internal -I./arch/x86_64 -c -o src/stdio/fputs.o src/stdio/fputs.c
+ ../tcc-0.9.27/tcc0 -Os -nostdinc -ffreestanding '-std=c99' '-D_XOPEN_SOURCE=700' -pipe -g -I./include -I./src/internal -I./arch/x86_64 -c -o src/stdio/fputwc.o src/stdio/fputwc.c
+ ../tcc-0.9.27/tcc0 -Os -nostdinc -ffreestanding '-std=c99' '-D_XOPEN_SOURCE=700' -pipe -g -I./include -I./src/internal -I./arch/x86_64 -c -o src/stdio/fputws.o src/stdio/fputws.c
+ ../tcc-0.9.27/tcc0 -Os -nostdinc -ffreestanding '-std=c99' '-D_XOPEN_SOURCE=700' -pipe -g -I./include -I./src/internal -I./arch/x86_64 -c -o src/stdio/fread.o src/stdio/fread.c
+ ../tcc-0.9.27/tcc0 -Os -nostdinc -ffreestanding '-std=c99' '-D_XOPEN_SOURCE=700' -pipe -g -I./include -I./src/internal -I./arch/x86_64 -c -o src/stdio/freopen.o src/stdio/freopen.c
+ ../tcc-0.9.27/tcc0 -Os -nostdinc -ffreestanding '-std=c99' '-D_XOPEN_SOURCE=700' -pipe -g -I./include -I./src/internal -I./arch/x86_64 -c -o src/stdio/fscanf.o src/stdio/fscanf.c
+ ../tcc-0.9.27/tcc0 -Os -nostdinc -ffreestanding '-std=c99' '-D_XOPEN_SOURCE=700' -pipe -g -I./include -I./src/internal -I./arch/x86_64 -c -o src/stdio/fseek.o src/stdio/fseek.c
+ ../tcc-0.9.27/tcc0 -Os -nostdinc -ffreestanding '-std=c99' '-D_XOPEN_SOURCE=700' -pipe -g -I./include -I./src/internal -I./arch/x86_64 -c -o src/stdio/fsetpos.o src/stdio/fsetpos.c
+ ../tcc-0.9.27/tcc0 -Os -nostdinc -ffreestanding '-std=c99' '-D_XOPEN_SOURCE=700' -pipe -g -I./include -I./src/internal -I./arch/x86_64 -c -o src/stdio/ftell.o src/stdio/ftell.c
+ ../tcc-0.9.27/tcc0 -Os -nostdinc -ffreestanding '-std=c99' '-D_XOPEN_SOURCE=700' -pipe -g -I./include -I./src/internal -I./arch/x86_64 -c -o src/stdio/fwide.o src/stdio/fwide.c
+ ../tcc-0.9.27/tcc0 -Os -nostdinc -ffreestanding '-std=c99' '-D_XOPEN_SOURCE=700' -pipe -g -I./include -I./src/internal -I./arch/x86_64 -c -o src/stdio/fwrite.o src/stdio/fwrite.c
+ ../tcc-0.9.27/tcc0 -Os -nostdinc -ffreestanding '-std=c99' '-D_XOPEN_SOURCE=700' -pipe -g -I./include -I./src/internal -I./arch/x86_64 -c -o src/stdio/fwscanf.o src/stdio/fwscanf.c
+ ../tcc-0.9.27/tcc0 -Os -nostdinc -ffreestanding '-std=c99' '-D_XOPEN_SOURCE=700' -pipe -g -I./include -I./src/internal -I./arch/x86_64 -c -o src/stdio/getc.o src/stdio/getc.c
+ ../tcc-0.9.27/tcc0 -Os -nostdinc -ffreestanding '-std=c99' '-D_XOPEN_SOURCE=700' -pipe -g -I./include -I./src/internal -I./arch/x86_64 -c -o src/stdio/getc_unlocked.o src/stdio/getc_unlocked.c
+ ../tcc-0.9.27/tcc0 -Os -nostdinc -ffreestanding '-std=c99' '-D_XOPEN_SOURCE=700' -pipe -g -I./include -I./src/internal -I./arch/x86_64 -c -o src/stdio/getchar.o src/stdio/getchar.c
+ ../tcc-0.9.27/tcc0 -Os -nostdinc -ffreestanding '-std=c99' '-D_XOPEN_SOURCE=700' -pipe -g -I./include -I./src/internal -I./arch/x86_64 -c -o src/stdio/getchar_unlocked.o src/stdio/getchar_unlocked.c
+ ../tcc-0.9.27/tcc0 -Os -nostdinc -ffreestanding '-std=c99' '-D_XOPEN_SOURCE=700' -pipe -g -I./include -I./src/internal -I./arch/x86_64 -c -o src/stdio/getdelim.o src/stdio/getdelim.c
+ ../tcc-0.9.27/tcc0 -Os -nostdinc -ffreestanding '-std=c99' '-D_XOPEN_SOURCE=700' -pipe -g -I./include -I./src/internal -I./arch/x86_64 -c -o src/stdio/getline.o src/stdio/getline.c
+ ../tcc-0.9.27/tcc0 -Os -nostdinc -ffreestanding '-std=c99' '-D_XOPEN_SOURCE=700' -pipe -g -I./include -I./src/internal -I./arch/x86_64 -c -o src/stdio/gets.o src/stdio/gets.c
+ ../tcc-0.9.27/tcc0 -Os -nostdinc -ffreestanding '-std=c99' '-D_XOPEN_SOURCE=700' -pipe -g -I./include -I./src/internal -I./arch/x86_64 -c -o src/stdio/getw.o src/stdio/getw.c
+ ../tcc-0.9.27/tcc0 -Os -nostdinc -ffreestanding '-std=c99' '-D_XOPEN_SOURCE=700' -pipe -g -I./include -I./src/internal -I./arch/x86_64 -c -o src/stdio/getwc.o src/stdio/getwc.c
+ ../tcc-0.9.27/tcc0 -Os -nostdinc -ffreestanding '-std=c99' '-D_XOPEN_SOURCE=700' -pipe -g -I./include -I./src/internal -I./arch/x86_64 -c -o src/stdio/getwchar.o src/stdio/getwchar.c
+ ../tcc-0.9.27/tcc0 -Os -nostdinc -ffreestanding '-std=c99' '-D_XOPEN_SOURCE=700' -pipe -g -I./include -I./src/internal -I./arch/x86_64 -c -o src/stdio/pclose.o src/stdio/pclose.c
+ ../tcc-0.9.27/tcc0 -Os -nostdinc -ffreestanding '-std=c99' '-D_XOPEN_SOURCE=700' -pipe -g -I./include -I./src/internal -I./arch/x86_64 -c -o src/stdio/perror.o src/stdio/perror.c
+ ../tcc-0.9.27/tcc0 -Os -nostdinc -ffreestanding '-std=c99' '-D_XOPEN_SOURCE=700' -pipe -g -I./include -I./src/internal -I./arch/x86_64 -c -o src/stdio/popen.o src/stdio/popen.c
+ ../tcc-0.9.27/tcc0 -Os -nostdinc -ffreestanding '-std=c99' '-D_XOPEN_SOURCE=700' -pipe -g -I./include -I./src/internal -I./arch/x86_64 -c -o src/stdio/printf.o src/stdio/printf.c
+ ../tcc-0.9.27/tcc0 -Os -nostdinc -ffreestanding '-std=c99' '-D_XOPEN_SOURCE=700' -pipe -g -I./include -I./src/internal -I./arch/x86_64 -c -o src/stdio/putc.o src/stdio/putc.c
+ ../tcc-0.9.27/tcc0 -Os -nostdinc -ffreestanding '-std=c99' '-D_XOPEN_SOURCE=700' -pipe -g -I./include -I./src/internal -I./arch/x86_64 -c -o src/stdio/putc_unlocked.o src/stdio/putc_unlocked.c
+ ../tcc-0.9.27/tcc0 -Os -nostdinc -ffreestanding '-std=c99' '-D_XOPEN_SOURCE=700' -pipe -g -I./include -I./src/internal -I./arch/x86_64 -c -o src/stdio/putchar.o src/stdio/putchar.c
+ ../tcc-0.9.27/tcc0 -Os -nostdinc -ffreestanding '-std=c99' '-D_XOPEN_SOURCE=700' -pipe -g -I./include -I./src/internal -I./arch/x86_64 -c -o src/stdio/putchar_unlocked.o src/stdio/putchar_unlocked.c
+ ../tcc-0.9.27/tcc0 -Os -nostdinc -ffreestanding '-std=c99' '-D_XOPEN_SOURCE=700' -pipe -g -I./include -I./src/internal -I./arch/x86_64 -c -o src/stdio/puts.o src/stdio/puts.c
+ ../tcc-0.9.27/tcc0 -Os -nostdinc -ffreestanding '-std=c99' '-D_XOPEN_SOURCE=700' -pipe -g -I./include -I./src/internal -I./arch/x86_64 -c -o src/stdio/putw.o src/stdio/putw.c
+ ../tcc-0.9.27/tcc0 -Os -nostdinc -ffreestanding '-std=c99' '-D_XOPEN_SOURCE=700' -pipe -g -I./include -I./src/internal -I./arch/x86_64 -c -o src/stdio/putwc.o src/stdio/putwc.c
+ ../tcc-0.9.27/tcc0 -Os -nostdinc -ffreestanding '-std=c99' '-D_XOPEN_SOURCE=700' -pipe -g -I./include -I./src/internal -I./arch/x86_64 -c -o src/stdio/putwchar.o src/stdio/putwchar.c
+ ../tcc-0.9.27/tcc0 -Os -nostdinc -ffreestanding '-std=c99' '-D_XOPEN_SOURCE=700' -pipe -g -I./include -I./src/internal -I./arch/x86_64 -c -o src/stdio/remove.o src/stdio/remove.c
+ ../tcc-0.9.27/tcc0 -Os -nostdinc -ffreestanding '-std=c99' '-D_XOPEN_SOURCE=700' -pipe -g -I./include -I./src/internal -I./arch/x86_64 -c -o src/stdio/rename.o src/stdio/rename.c
+ ../tcc-0.9.27/tcc0 -Os -nostdinc -ffreestanding '-std=c99' '-D_XOPEN_SOURCE=700' -pipe -g -I./include -I./src/internal -I./arch/x86_64 -c -o src/stdio/rewind.o src/stdio/rewind.c
+ ../tcc-0.9.27/tcc0 -Os -nostdinc -ffreestanding '-std=c99' '-D_XOPEN_SOURCE=700' -pipe -g -I./include -I./src/internal -I./arch/x86_64 -c -o src/stdio/scanf.o src/stdio/scanf.c
+ ../tcc-0.9.27/tcc0 -Os -nostdinc -ffreestanding '-std=c99' '-D_XOPEN_SOURCE=700' -pipe -g -I./include -I./src/internal -I./arch/x86_64 -c -o src/stdio/setbuf.o src/stdio/setbuf.c
+ ../tcc-0.9.27/tcc0 -Os -nostdinc -ffreestanding '-std=c99' '-D_XOPEN_SOURCE=700' -pipe -g -I./include -I./src/internal -I./arch/x86_64 -c -o src/stdio/setvbuf.o src/stdio/setvbuf.c
+ ../tcc-0.9.27/tcc0 -Os -nostdinc -ffreestanding '-std=c99' '-D_XOPEN_SOURCE=700' -pipe -g -I./include -I./src/internal -I./arch/x86_64 -c -o src/stdio/snprintf.o src/stdio/snprintf.c
+ ../tcc-0.9.27/tcc0 -Os -nostdinc -ffreestanding '-std=c99' '-D_XOPEN_SOURCE=700' -pipe -g -I./include -I./src/internal -I./arch/x86_64 -c -o src/stdio/sprintf.o src/stdio/sprintf.c
+ ../tcc-0.9.27/tcc0 -Os -nostdinc -ffreestanding '-std=c99' '-D_XOPEN_SOURCE=700' -pipe -g -I./include -I./src/internal -I./arch/x86_64 -c -o src/stdio/sscanf.o src/stdio/sscanf.c
+ ../tcc-0.9.27/tcc0 -Os -nostdinc -ffreestanding '-std=c99' '-D_XOPEN_SOURCE=700' -pipe -g -I./include -I./src/internal -I./arch/x86_64 -c -o src/stdio/stderr.o src/stdio/stderr.c
+ ../tcc-0.9.27/tcc0 -Os -nostdinc -ffreestanding '-std=c99' '-D_XOPEN_SOURCE=700' -pipe -g -I./include -I./src/internal -I./arch/x86_64 -c -o src/stdio/stdin.o src/stdio/stdin.c
+ ../tcc-0.9.27/tcc0 -Os -nostdinc -ffreestanding '-std=c99' '-D_XOPEN_SOURCE=700' -pipe -g -I./include -I./src/internal -I./arch/x86_64 -c -o src/stdio/stdout.o src/stdio/stdout.c
+ ../tcc-0.9.27/tcc0 -Os -nostdinc -ffreestanding '-std=c99' '-D_XOPEN_SOURCE=700' -pipe -g -I./include -I./src/internal -I./arch/x86_64 -c -o src/stdio/swscanf.o src/stdio/swscanf.c
+ ../tcc-0.9.27/tcc0 -Os -nostdinc -ffreestanding '-std=c99' '-D_XOPEN_SOURCE=700' -pipe -g -I./include -I./src/internal -I./arch/x86_64 -c -o src/stdio/tempnam.o src/stdio/tempnam.c
+ ../tcc-0.9.27/tcc0 -Os -nostdinc -ffreestanding '-std=c99' '-D_XOPEN_SOURCE=700' -pipe -g -I./include -I./src/internal -I./arch/x86_64 -c -o src/stdio/tmpfile.o src/stdio/tmpfile.c
+ ../tcc-0.9.27/tcc0 -Os -nostdinc -ffreestanding '-std=c99' '-D_XOPEN_SOURCE=700' -pipe -g -I./include -I./src/internal -I./arch/x86_64 -c -o src/stdio/tmpnam.o src/stdio/tmpnam.c
+ ../tcc-0.9.27/tcc0 -Os -nostdinc -ffreestanding '-std=c99' '-D_XOPEN_SOURCE=700' -pipe -g -I./include -I./src/internal -I./arch/x86_64 -c -o src/stdio/ungetc.o src/stdio/ungetc.c
+ ../tcc-0.9.27/tcc0 -Os -nostdinc -ffreestanding '-std=c99' '-D_XOPEN_SOURCE=700' -pipe -g -I./include -I./src/internal -I./arch/x86_64 -c -o src/stdio/ungetwc.o src/stdio/ungetwc.c
+ ../tcc-0.9.27/tcc0 -Os -nostdinc -ffreestanding '-std=c99' '-D_XOPEN_SOURCE=700' -pipe -g -I./include -I./src/internal -I./arch/x86_64 -c -o src/stdio/vasprintf.o src/stdio/vasprintf.c
+ ../tcc-0.9.27/tcc0 -Os -nostdinc -ffreestanding '-std=c99' '-D_XOPEN_SOURCE=700' -pipe -g -I./include -I./src/internal -I./arch/x86_64 -c -o src/stdio/vdprintf.o src/stdio/vdprintf.c
+ ../tcc-0.9.27/tcc0 -Os -nostdinc -ffreestanding '-std=c99' '-D_XOPEN_SOURCE=700' -pipe -g -I./include -I./src/internal -I./arch/x86_64 -c -o src/stdio/vfprintf.o src/stdio/vfprintf.c
+ ../tcc-0.9.27/tcc0 -Os -nostdinc -ffreestanding '-std=c99' '-D_XOPEN_SOURCE=700' -pipe -g -I./include -I./src/internal -I./arch/x86_64 -c -o src/stdio/vfscanf.o src/stdio/vfscanf.c
+ ../tcc-0.9.27/tcc0 -Os -nostdinc -ffreestanding '-std=c99' '-D_XOPEN_SOURCE=700' -pipe -g -I./include -I./src/internal -I./arch/x86_64 -c -o src/stdio/vfwscanf.o src/stdio/vfwscanf.c
+ ../tcc-0.9.27/tcc0 -Os -nostdinc -ffreestanding '-std=c99' '-D_XOPEN_SOURCE=700' -pipe -g -I./include -I./src/internal -I./arch/x86_64 -c -o src/stdio/vprintf.o src/stdio/vprintf.c
+ ../tcc-0.9.27/tcc0 -Os -nostdinc -ffreestanding '-std=c99' '-D_XOPEN_SOURCE=700' -pipe -g -I./include -I./src/internal -I./arch/x86_64 -c -o src/stdio/vscanf.o src/stdio/vscanf.c
+ ../tcc-0.9.27/tcc0 -Os -nostdinc -ffreestanding '-std=c99' '-D_XOPEN_SOURCE=700' -pipe -g -I./include -I./src/internal -I./arch/x86_64 -c -o src/stdio/vsnprintf.o src/stdio/vsnprintf.c
+ ../tcc-0.9.27/tcc0 -Os -nostdinc -ffreestanding '-std=c99' '-D_XOPEN_SOURCE=700' -pipe -g -I./include -I./src/internal -I./arch/x86_64 -c -o src/stdio/vsprintf.o src/stdio/vsprintf.c
+ ../tcc-0.9.27/tcc0 -Os -nostdinc -ffreestanding '-std=c99' '-D_XOPEN_SOURCE=700' -pipe -g -I./include -I./src/internal -I./arch/x86_64 -c -o src/stdio/vsscanf.o src/stdio/vsscanf.c
+ ../tcc-0.9.27/tcc0 -Os -nostdinc -ffreestanding '-std=c99' '-D_XOPEN_SOURCE=700' -pipe -g -I./include -I./src/internal -I./arch/x86_64 -c -o src/stdio/vswscanf.o src/stdio/vswscanf.c
+ ../tcc-0.9.27/tcc0 -Os -nostdinc -ffreestanding '-std=c99' '-D_XOPEN_SOURCE=700' -pipe -g -I./include -I./src/internal -I./arch/x86_64 -c -o src/stdio/vwscanf.o src/stdio/vwscanf.c
+ ../tcc-0.9.27/tcc0 -Os -nostdinc -ffreestanding '-std=c99' '-D_XOPEN_SOURCE=700' -pipe -g -I./include -I./src/internal -I./arch/x86_64 -c -o src/stdio/wscanf.o src/stdio/wscanf.c
+ ../tcc-0.9.27/tcc0 -Os -nostdinc -ffreestanding '-std=c99' '-D_XOPEN_SOURCE=700' -pipe -g -I./include -I./src/internal -I./arch/x86_64 -c -o src/stdlib/abs.o src/stdlib/abs.c
+ ../tcc-0.9.27/tcc0 -Os -nostdinc -ffreestanding '-std=c99' '-D_XOPEN_SOURCE=700' -pipe -g -I./include -I./src/internal -I./arch/x86_64 -c -o src/stdlib/atof.o src/stdlib/atof.c
+ ../tcc-0.9.27/tcc0 -Os -nostdinc -ffreestanding '-std=c99' '-D_XOPEN_SOURCE=700' -pipe -g -I./include -I./src/internal -I./arch/x86_64 -c -o src/stdlib/atoi.o src/stdlib/atoi.c
+ ../tcc-0.9.27/tcc0 -Os -nostdinc -ffreestanding '-std=c99' '-D_XOPEN_SOURCE=700' -pipe -g -I./include -I./src/internal -I./arch/x86_64 -c -o src/stdlib/atol.o src/stdlib/atol.c
+ ../tcc-0.9.27/tcc0 -Os -nostdinc -ffreestanding '-std=c99' '-D_XOPEN_SOURCE=700' -pipe -g -I./include -I./src/internal -I./arch/x86_64 -c -o src/stdlib/atoll.o src/stdlib/atoll.c
+ ../tcc-0.9.27/tcc0 -Os -nostdinc -ffreestanding '-std=c99' '-D_XOPEN_SOURCE=700' -pipe -g -I./include -I./src/internal -I./arch/x86_64 -c -o src/stdlib/bsearch.o src/stdlib/bsearch.c
+ ../tcc-0.9.27/tcc0 -Os -nostdinc -ffreestanding '-std=c99' '-D_XOPEN_SOURCE=700' -pipe -g -I./include -I./src/internal -I./arch/x86_64 -c -o src/stdlib/div.o src/stdlib/div.c
+ ../tcc-0.9.27/tcc0 -Os -nostdinc -ffreestanding '-std=c99' '-D_XOPEN_SOURCE=700' -pipe -g -I./include -I./src/internal -I./arch/x86_64 -c -o src/stdlib/frexp.o src/stdlib/frexp.c
+ ../tcc-0.9.27/tcc0 -Os -nostdinc -ffreestanding '-std=c99' '-D_XOPEN_SOURCE=700' -pipe -g -I./include -I./src/internal -I./arch/x86_64 -c -o src/stdlib/frexpf.o src/stdlib/frexpf.c
+ ../tcc-0.9.27/tcc0 -Os -nostdinc -ffreestanding '-std=c99' '-D_XOPEN_SOURCE=700' -pipe -g -I./include -I./src/internal -I./arch/x86_64 -c -o src/stdlib/frexpl.o src/stdlib/frexpl.c
+ ../tcc-0.9.27/tcc0 -Os -nostdinc -ffreestanding '-std=c99' '-D_XOPEN_SOURCE=700' -pipe -g -I./include -I./src/internal -I./arch/x86_64 -c -o src/stdlib/imaxabs.o src/stdlib/imaxabs.c
+ ../tcc-0.9.27/tcc0 -Os -nostdinc -ffreestanding '-std=c99' '-D_XOPEN_SOURCE=700' -pipe -g -I./include -I./src/internal -I./arch/x86_64 -c -o src/stdlib/imaxdiv.o src/stdlib/imaxdiv.c
+ ../tcc-0.9.27/tcc0 -Os -nostdinc -ffreestanding '-std=c99' '-D_XOPEN_SOURCE=700' -pipe -g -I./include -I./src/internal -I./arch/x86_64 -c -o src/stdlib/labs.o src/stdlib/labs.c
+ ../tcc-0.9.27/tcc0 -Os -nostdinc -ffreestanding '-std=c99' '-D_XOPEN_SOURCE=700' -pipe -g -I./include -I./src/internal -I./arch/x86_64 -c -o src/stdlib/ldiv.o src/stdlib/ldiv.c
+ ../tcc-0.9.27/tcc0 -Os -nostdinc -ffreestanding '-std=c99' '-D_XOPEN_SOURCE=700' -pipe -g -I./include -I./src/internal -I./arch/x86_64 -c -o src/stdlib/llabs.o src/stdlib/llabs.c
+ ../tcc-0.9.27/tcc0 -Os -nostdinc -ffreestanding '-std=c99' '-D_XOPEN_SOURCE=700' -pipe -g -I./include -I./src/internal -I./arch/x86_64 -c -o src/stdlib/lldiv.o src/stdlib/lldiv.c
+ ../tcc-0.9.27/tcc0 -Os -nostdinc -ffreestanding '-std=c99' '-D_XOPEN_SOURCE=700' -pipe -g -I./include -I./src/internal -I./arch/x86_64 -c -o src/stdlib/qsort.o src/stdlib/qsort.c
+ ../tcc-0.9.27/tcc0 -Os -nostdinc -ffreestanding '-std=c99' '-D_XOPEN_SOURCE=700' -pipe -g -I./include -I./src/internal -I./arch/x86_64 -c -o src/stdlib/strtod.o src/stdlib/strtod.c
+ ../tcc-0.9.27/tcc0 -Os -nostdinc -ffreestanding '-std=c99' '-D_XOPEN_SOURCE=700' -pipe -g -I./include -I./src/internal -I./arch/x86_64 -c -o src/stdlib/strtof.o src/stdlib/strtof.c
+ ../tcc-0.9.27/tcc0 -Os -nostdinc -ffreestanding '-std=c99' '-D_XOPEN_SOURCE=700' -pipe -g -I./include -I./src/internal -I./arch/x86_64 -c -o src/stdlib/strtoimax.o src/stdlib/strtoimax.c
+ ../tcc-0.9.27/tcc0 -Os -nostdinc -ffreestanding '-std=c99' '-D_XOPEN_SOURCE=700' -pipe -g -I./include -I./src/internal -I./arch/x86_64 -c -o src/stdlib/strtol.o src/stdlib/strtol.c
+ ../tcc-0.9.27/tcc0 -Os -nostdinc -ffreestanding '-std=c99' '-D_XOPEN_SOURCE=700' -pipe -g -I./include -I./src/internal -I./arch/x86_64 -c -o src/stdlib/strtold.o src/stdlib/strtold.c
+ ../tcc-0.9.27/tcc0 -Os -nostdinc -ffreestanding '-std=c99' '-D_XOPEN_SOURCE=700' -pipe -g -I./include -I./src/internal -I./arch/x86_64 -c -o src/stdlib/strtoll.o src/stdlib/strtoll.c
+ ../tcc-0.9.27/tcc0 -Os -nostdinc -ffreestanding '-std=c99' '-D_XOPEN_SOURCE=700' -pipe -g -I./include -I./src/internal -I./arch/x86_64 -c -o src/stdlib/strtoul.o src/stdlib/strtoul.c
+ ../tcc-0.9.27/tcc0 -Os -nostdinc -ffreestanding '-std=c99' '-D_XOPEN_SOURCE=700' -pipe -g -I./include -I./src/internal -I./arch/x86_64 -c -o src/stdlib/strtoull.o src/stdlib/strtoull.c
+ ../tcc-0.9.27/tcc0 -Os -nostdinc -ffreestanding '-std=c99' '-D_XOPEN_SOURCE=700' -pipe -g -I./include -I./src/internal -I./arch/x86_64 -c -o src/stdlib/strtoumax.o src/stdlib/strtoumax.c
+ ../tcc-0.9.27/tcc0 -Os -nostdinc -ffreestanding '-std=c99' '-D_XOPEN_SOURCE=700' -pipe -g -I./include -I./src/internal -I./arch/x86_64 -c -o src/stdlib/wcstoimax.o src/stdlib/wcstoimax.c
+ ../tcc-0.9.27/tcc0 -Os -nostdinc -ffreestanding '-std=c99' '-D_XOPEN_SOURCE=700' -pipe -g -I./include -I./src/internal -I./arch/x86_64 -c -o src/stdlib/wcstol.o src/stdlib/wcstol.c
+ ../tcc-0.9.27/tcc0 -Os -nostdinc -ffreestanding '-std=c99' '-D_XOPEN_SOURCE=700' -pipe -g -I./include -I./src/internal -I./arch/x86_64 -c -o src/stdlib/wcstoll.o src/stdlib/wcstoll.c
+ ../tcc-0.9.27/tcc0 -Os -nostdinc -ffreestanding '-std=c99' '-D_XOPEN_SOURCE=700' -pipe -g -I./include -I./src/internal -I./arch/x86_64 -c -o src/stdlib/wcstoul.o src/stdlib/wcstoul.c
+ ../tcc-0.9.27/tcc0 -Os -nostdinc -ffreestanding '-std=c99' '-D_XOPEN_SOURCE=700' -pipe -g -I./include -I./src/internal -I./arch/x86_64 -c -o src/stdlib/wcstoull.o src/stdlib/wcstoull.c
+ ../tcc-0.9.27/tcc0 -Os -nostdinc -ffreestanding '-std=c99' '-D_XOPEN_SOURCE=700' -pipe -g -I./include -I./src/internal -I./arch/x86_64 -c -o src/stdlib/wcstoumax.o src/stdlib/wcstoumax.c
+ ../tcc-0.9.27/tcc0 -Os -nostdinc -ffreestanding '-std=c99' '-D_XOPEN_SOURCE=700' -pipe -g -I./include -I./src/internal -I./arch/x86_64 -c -o src/string/bcmp.o src/string/bcmp.c
+ ../tcc-0.9.27/tcc0 -Os -nostdinc -ffreestanding '-std=c99' '-D_XOPEN_SOURCE=700' -pipe -g -I./include -I./src/internal -I./arch/x86_64 -c -o src/string/bcopy.o src/string/bcopy.c
+ ../tcc-0.9.27/tcc0 -Os -nostdinc -ffreestanding '-std=c99' '-D_XOPEN_SOURCE=700' -pipe -g -I./include -I./src/internal -I./arch/x86_64 -c -o src/string/bzero.o src/string/bzero.c
+ ../tcc-0.9.27/tcc0 -Os -nostdinc -ffreestanding '-std=c99' '-D_XOPEN_SOURCE=700' -pipe -g -I./include -I./src/internal -I./arch/x86_64 -c -o src/string/index.o src/string/index.c
+ ../tcc-0.9.27/tcc0 -Os -nostdinc -ffreestanding '-std=c99' '-D_XOPEN_SOURCE=700' -pipe -g -I./include -I./src/internal -I./arch/x86_64 -c -o src/string/memchr.o src/string/memchr.c
+ ../tcc-0.9.27/tcc0 -Os -nostdinc -ffreestanding '-std=c99' '-D_XOPEN_SOURCE=700' -pipe -g -I./include -I./src/internal -I./arch/x86_64 -c -o src/string/memcmp.o src/string/memcmp.c
+ ../tcc-0.9.27/tcc0 -Os -nostdinc -ffreestanding '-std=c99' '-D_XOPEN_SOURCE=700' -pipe -g -I./include -I./src/internal -I./arch/x86_64 -c -o src/string/memcpy.o src/string/memcpy.c
+ ../tcc-0.9.27/tcc0 -Os -nostdinc -ffreestanding '-std=c99' '-D_XOPEN_SOURCE=700' -pipe -g -I./include -I./src/internal -I./arch/x86_64 -c -o src/string/memmove.o src/string/memmove.c
+ ../tcc-0.9.27/tcc0 -Os -nostdinc -ffreestanding '-std=c99' '-D_XOPEN_SOURCE=700' -pipe -g -I./include -I./src/internal -I./arch/x86_64 -c -o src/string/mempcpy.o src/string/mempcpy.c
+ ../tcc-0.9.27/tcc0 -Os -nostdinc -ffreestanding '-std=c99' '-D_XOPEN_SOURCE=700' -pipe -g -I./include -I./src/internal -I./arch/x86_64 -c -o src/string/memset.o src/string/memset.c
+ ../tcc-0.9.27/tcc0 -Os -nostdinc -ffreestanding '-std=c99' '-D_XOPEN_SOURCE=700' -pipe -g -I./include -I./src/internal -I./arch/x86_64 -c -o src/string/rindex.o src/string/rindex.c
+ ../tcc-0.9.27/tcc0 -Os -nostdinc -ffreestanding '-std=c99' '-D_XOPEN_SOURCE=700' -pipe -g -I./include -I./src/internal -I./arch/x86_64 -c -o src/string/stpcpy.o src/string/stpcpy.c
+ ../tcc-0.9.27/tcc0 -Os -nostdinc -ffreestanding '-std=c99' '-D_XOPEN_SOURCE=700' -pipe -g -I./include -I./src/internal -I./arch/x86_64 -c -o src/string/stpncpy.o src/string/stpncpy.c
+ ../tcc-0.9.27/tcc0 -Os -nostdinc -ffreestanding '-std=c99' '-D_XOPEN_SOURCE=700' -pipe -g -I./include -I./src/internal -I./arch/x86_64 -c -o src/string/strcasecmp.o src/string/strcasecmp.c
+ ../tcc-0.9.27/tcc0 -Os -nostdinc -ffreestanding '-std=c99' '-D_XOPEN_SOURCE=700' -pipe -g -I./include -I./src/internal -I./arch/x86_64 -c -o src/string/strcasestr.o src/string/strcasestr.c
+ ../tcc-0.9.27/tcc0 -Os -nostdinc -ffreestanding '-std=c99' '-D_XOPEN_SOURCE=700' -pipe -g -I./include -I./src/internal -I./arch/x86_64 -c -o src/string/strcat.o src/string/strcat.c
+ ../tcc-0.9.27/tcc0 -Os -nostdinc -ffreestanding '-std=c99' '-D_XOPEN_SOURCE=700' -pipe -g -I./include -I./src/internal -I./arch/x86_64 -c -o src/string/strchr.o src/string/strchr.c
+ ../tcc-0.9.27/tcc0 -Os -nostdinc -ffreestanding '-std=c99' '-D_XOPEN_SOURCE=700' -pipe -g -I./include -I./src/internal -I./arch/x86_64 -c -o src/string/strchrnul.o src/string/strchrnul.c
+ ../tcc-0.9.27/tcc0 -Os -nostdinc -ffreestanding '-std=c99' '-D_XOPEN_SOURCE=700' -pipe -g -I./include -I./src/internal -I./arch/x86_64 -c -o src/string/strcmp.o src/string/strcmp.c
+ ../tcc-0.9.27/tcc0 -Os -nostdinc -ffreestanding '-std=c99' '-D_XOPEN_SOURCE=700' -pipe -g -I./include -I./src/internal -I./arch/x86_64 -c -o src/string/strcpy.o src/string/strcpy.c
+ ../tcc-0.9.27/tcc0 -Os -nostdinc -ffreestanding '-std=c99' '-D_XOPEN_SOURCE=700' -pipe -g -I./include -I./src/internal -I./arch/x86_64 -c -o src/string/strcspn.o src/string/strcspn.c
+ ../tcc-0.9.27/tcc0 -Os -nostdinc -ffreestanding '-std=c99' '-D_XOPEN_SOURCE=700' -pipe -g -I./include -I./src/internal -I./arch/x86_64 -c -o src/string/strdup.o src/string/strdup.c
+ ../tcc-0.9.27/tcc0 -Os -nostdinc -ffreestanding '-std=c99' '-D_XOPEN_SOURCE=700' -pipe -g -I./include -I./src/internal -I./arch/x86_64 -c -o src/string/strerror_r.o src/string/strerror_r.c
+ ../tcc-0.9.27/tcc0 -Os -nostdinc -ffreestanding '-std=c99' '-D_XOPEN_SOURCE=700' -pipe -g -I./include -I./src/internal -I./arch/x86_64 -c -o src/string/strlcat.o src/string/strlcat.c
+ ../tcc-0.9.27/tcc0 -Os -nostdinc -ffreestanding '-std=c99' '-D_XOPEN_SOURCE=700' -pipe -g -I./include -I./src/internal -I./arch/x86_64 -c -o src/string/strlcpy.o src/string/strlcpy.c
+ ../tcc-0.9.27/tcc0 -Os -nostdinc -ffreestanding '-std=c99' '-D_XOPEN_SOURCE=700' -pipe -g -I./include -I./src/internal -I./arch/x86_64 -c -o src/string/strlen.o src/string/strlen.c
+ ../tcc-0.9.27/tcc0 -Os -nostdinc -ffreestanding '-std=c99' '-D_XOPEN_SOURCE=700' -pipe -g -I./include -I./src/internal -I./arch/x86_64 -c -o src/string/strncasecmp.o src/string/strncasecmp.c
+ ../tcc-0.9.27/tcc0 -Os -nostdinc -ffreestanding '-std=c99' '-D_XOPEN_SOURCE=700' -pipe -g -I./include -I./src/internal -I./arch/x86_64 -c -o src/string/strncat.o src/string/strncat.c
+ ../tcc-0.9.27/tcc0 -Os -nostdinc -ffreestanding '-std=c99' '-D_XOPEN_SOURCE=700' -pipe -g -I./include -I./src/internal -I./arch/x86_64 -c -o src/string/strncmp.o src/string/strncmp.c
+ ../tcc-0.9.27/tcc0 -Os -nostdinc -ffreestanding '-std=c99' '-D_XOPEN_SOURCE=700' -pipe -g -I./include -I./src/internal -I./arch/x86_64 -c -o src/string/strncpy.o src/string/strncpy.c
+ ../tcc-0.9.27/tcc0 -Os -nostdinc -ffreestanding '-std=c99' '-D_XOPEN_SOURCE=700' -pipe -g -I./include -I./src/internal -I./arch/x86_64 -c -o src/string/strndup.o src/string/strndup.c
+ ../tcc-0.9.27/tcc0 -Os -nostdinc -ffreestanding '-std=c99' '-D_XOPEN_SOURCE=700' -pipe -g -I./include -I./src/internal -I./arch/x86_64 -c -o src/string/strnlen.o src/string/strnlen.c
+ ../tcc-0.9.27/tcc0 -Os -nostdinc -ffreestanding '-std=c99' '-D_XOPEN_SOURCE=700' -pipe -g -I./include -I./src/internal -I./arch/x86_64 -c -o src/string/strpbrk.o src/string/strpbrk.c
+ ../tcc-0.9.27/tcc0 -Os -nostdinc -ffreestanding '-std=c99' '-D_XOPEN_SOURCE=700' -pipe -g -I./include -I./src/internal -I./arch/x86_64 -c -o src/string/strrchr.o src/string/strrchr.c
+ ../tcc-0.9.27/tcc0 -Os -nostdinc -ffreestanding '-std=c99' '-D_XOPEN_SOURCE=700' -pipe -g -I./include -I./src/internal -I./arch/x86_64 -c -o src/string/strsep.o src/string/strsep.c
+ ../tcc-0.9.27/tcc0 -Os -nostdinc -ffreestanding '-std=c99' '-D_XOPEN_SOURCE=700' -pipe -g -I./include -I./src/internal -I./arch/x86_64 -c -o src/string/strsignal.o src/string/strsignal.c
+ ../tcc-0.9.27/tcc0 -Os -nostdinc -ffreestanding '-std=c99' '-D_XOPEN_SOURCE=700' -pipe -g -I./include -I./src/internal -I./arch/x86_64 -c -o src/string/strspn.o src/string/strspn.c
+ ../tcc-0.9.27/tcc0 -Os -nostdinc -ffreestanding '-std=c99' '-D_XOPEN_SOURCE=700' -pipe -g -I./include -I./src/internal -I./arch/x86_64 -c -o src/string/strstr.o src/string/strstr.c
+ ../tcc-0.9.27/tcc0 -Os -nostdinc -ffreestanding '-std=c99' '-D_XOPEN_SOURCE=700' -pipe -g -I./include -I./src/internal -I./arch/x86_64 -c -o src/string/strtok.o src/string/strtok.c
+ ../tcc-0.9.27/tcc0 -Os -nostdinc -ffreestanding '-std=c99' '-D_XOPEN_SOURCE=700' -pipe -g -I./include -I./src/internal -I./arch/x86_64 -c -o src/string/strtok_r.o src/string/strtok_r.c
+ ../tcc-0.9.27/tcc0 -Os -nostdinc -ffreestanding '-std=c99' '-D_XOPEN_SOURCE=700' -pipe -g -I./include -I./src/internal -I./arch/x86_64 -c -o src/string/swab.o src/string/swab.c
+ ../tcc-0.9.27/tcc0 -Os -nostdinc -ffreestanding '-std=c99' '-D_XOPEN_SOURCE=700' -pipe -g -I./include -I./src/internal -I./arch/x86_64 -c -o src/string/wcscat.o src/string/wcscat.c
+ ../tcc-0.9.27/tcc0 -Os -nostdinc -ffreestanding '-std=c99' '-D_XOPEN_SOURCE=700' -pipe -g -I./include -I./src/internal -I./arch/x86_64 -c -o src/string/wcschr.o src/string/wcschr.c
+ ../tcc-0.9.27/tcc0 -Os -nostdinc -ffreestanding '-std=c99' '-D_XOPEN_SOURCE=700' -pipe -g -I./include -I./src/internal -I./arch/x86_64 -c -o src/string/wcscmp.o src/string/wcscmp.c
+ ../tcc-0.9.27/tcc0 -Os -nostdinc -ffreestanding '-std=c99' '-D_XOPEN_SOURCE=700' -pipe -g -I./include -I./src/internal -I./arch/x86_64 -c -o src/string/wcscpy.o src/string/wcscpy.c
+ ../tcc-0.9.27/tcc0 -Os -nostdinc -ffreestanding '-std=c99' '-D_XOPEN_SOURCE=700' -pipe -g -I./include -I./src/internal -I./arch/x86_64 -c -o src/string/wcscspn.o src/string/wcscspn.c
+ ../tcc-0.9.27/tcc0 -Os -nostdinc -ffreestanding '-std=c99' '-D_XOPEN_SOURCE=700' -pipe -g -I./include -I./src/internal -I./arch/x86_64 -c -o src/string/wcslen.o src/string/wcslen.c
+ ../tcc-0.9.27/tcc0 -Os -nostdinc -ffreestanding '-std=c99' '-D_XOPEN_SOURCE=700' -pipe -g -I./include -I./src/internal -I./arch/x86_64 -c -o src/string/wcsncat.o src/string/wcsncat.c
+ ../tcc-0.9.27/tcc0 -Os -nostdinc -ffreestanding '-std=c99' '-D_XOPEN_SOURCE=700' -pipe -g -I./include -I./src/internal -I./arch/x86_64 -c -o src/string/wcsncmp.o src/string/wcsncmp.c
+ ../tcc-0.9.27/tcc0 -Os -nostdinc -ffreestanding '-std=c99' '-D_XOPEN_SOURCE=700' -pipe -g -I./include -I./src/internal -I./arch/x86_64 -c -o src/string/wcsncpy.o src/string/wcsncpy.c
+ ../tcc-0.9.27/tcc0 -Os -nostdinc -ffreestanding '-std=c99' '-D_XOPEN_SOURCE=700' -pipe -g -I./include -I./src/internal -I./arch/x86_64 -c -o src/string/wcspbrk.o src/string/wcspbrk.c
+ ../tcc-0.9.27/tcc0 -Os -nostdinc -ffreestanding '-std=c99' '-D_XOPEN_SOURCE=700' -pipe -g -I./include -I./src/internal -I./arch/x86_64 -c -o src/string/wcsrchr.o src/string/wcsrchr.c
+ ../tcc-0.9.27/tcc0 -Os -nostdinc -ffreestanding '-std=c99' '-D_XOPEN_SOURCE=700' -pipe -g -I./include -I./src/internal -I./arch/x86_64 -c -o src/string/wcsspn.o src/string/wcsspn.c
+ ../tcc-0.9.27/tcc0 -Os -nostdinc -ffreestanding '-std=c99' '-D_XOPEN_SOURCE=700' -pipe -g -I./include -I./src/internal -I./arch/x86_64 -c -o src/string/wcsstr.o src/string/wcsstr.c
+ ../tcc-0.9.27/tcc0 -Os -nostdinc -ffreestanding '-std=c99' '-D_XOPEN_SOURCE=700' -pipe -g -I./include -I./src/internal -I./arch/x86_64 -c -o src/string/wcswcs.o src/string/wcswcs.c
+ ../tcc-0.9.27/tcc0 -Os -nostdinc -ffreestanding '-std=c99' '-D_XOPEN_SOURCE=700' -pipe -g -I./include -I./src/internal -I./arch/x86_64 -c -o src/string/wmemchr.o src/string/wmemchr.c
+ ../tcc-0.9.27/tcc0 -Os -nostdinc -ffreestanding '-std=c99' '-D_XOPEN_SOURCE=700' -pipe -g -I./include -I./src/internal -I./arch/x86_64 -c -o src/string/wmemcmp.o src/string/wmemcmp.c
+ ../tcc-0.9.27/tcc0 -Os -nostdinc -ffreestanding '-std=c99' '-D_XOPEN_SOURCE=700' -pipe -g -I./include -I./src/internal -I./arch/x86_64 -c -o src/string/wmemcpy.o src/string/wmemcpy.c
+ ../tcc-0.9.27/tcc0 -Os -nostdinc -ffreestanding '-std=c99' '-D_XOPEN_SOURCE=700' -pipe -g -I./include -I./src/internal -I./arch/x86_64 -c -o src/string/wmemmove.o src/string/wmemmove.c
+ ../tcc-0.9.27/tcc0 -Os -nostdinc -ffreestanding '-std=c99' '-D_XOPEN_SOURCE=700' -pipe -g -I./include -I./src/internal -I./arch/x86_64 -c -o src/string/wmemset.o src/string/wmemset.c
+ ../tcc-0.9.27/tcc0 -Os -nostdinc -ffreestanding '-std=c99' '-D_XOPEN_SOURCE=700' -pipe -g -I./include -I./src/internal -I./arch/x86_64 -c -o src/stub/utmpx.o src/stub/utmpx.c
+ ../tcc-0.9.27/tcc0 -Os -nostdinc -ffreestanding '-std=c99' '-D_XOPEN_SOURCE=700' -pipe -g -I./include -I./src/internal -I./arch/x86_64 -c -o src/temp/mkdtemp.o src/temp/mkdtemp.c
+ ../tcc-0.9.27/tcc0 -Os -nostdinc -ffreestanding '-std=c99' '-D_XOPEN_SOURCE=700' -pipe -g -I./include -I./src/internal -I./arch/x86_64 -c -o src/temp/mkstemp.o src/temp/mkstemp.c
+ ../tcc-0.9.27/tcc0 -Os -nostdinc -ffreestanding '-std=c99' '-D_XOPEN_SOURCE=700' -pipe -g -I./include -I./src/internal -I./arch/x86_64 -c -o src/temp/mktemp.o src/temp/mktemp.c
+ ../tcc-0.9.27/tcc0 -Os -nostdinc -ffreestanding '-std=c99' '-D_XOPEN_SOURCE=700' -pipe -g -I./include -I./src/internal -I./arch/x86_64 -c -o src/termios/cfgetospeed.o src/termios/cfgetospeed.c
+ ../tcc-0.9.27/tcc0 -Os -nostdinc -ffreestanding '-std=c99' '-D_XOPEN_SOURCE=700' -pipe -g -I./include -I./src/internal -I./arch/x86_64 -c -o src/termios/cfsetospeed.o src/termios/cfsetospeed.c
+ ../tcc-0.9.27/tcc0 -Os -nostdinc -ffreestanding '-std=c99' '-D_XOPEN_SOURCE=700' -pipe -g -I./include -I./src/internal -I./arch/x86_64 -c -o src/termios/tcdrain.o src/termios/tcdrain.c
+ ../tcc-0.9.27/tcc0 -Os -nostdinc -ffreestanding '-std=c99' '-D_XOPEN_SOURCE=700' -pipe -g -I./include -I./src/internal -I./arch/x86_64 -c -o src/termios/tcflow.o src/termios/tcflow.c
+ ../tcc-0.9.27/tcc0 -Os -nostdinc -ffreestanding '-std=c99' '-D_XOPEN_SOURCE=700' -pipe -g -I./include -I./src/internal -I./arch/x86_64 -c -o src/termios/tcflush.o src/termios/tcflush.c
+ ../tcc-0.9.27/tcc0 -Os -nostdinc -ffreestanding '-std=c99' '-D_XOPEN_SOURCE=700' -pipe -g -I./include -I./src/internal -I./arch/x86_64 -c -o src/termios/tcgetattr.o src/termios/tcgetattr.c
+ ../tcc-0.9.27/tcc0 -Os -nostdinc -ffreestanding '-std=c99' '-D_XOPEN_SOURCE=700' -pipe -g -I./include -I./src/internal -I./arch/x86_64 -c -o src/termios/tcgetsid.o src/termios/tcgetsid.c
+ ../tcc-0.9.27/tcc0 -Os -nostdinc -ffreestanding '-std=c99' '-D_XOPEN_SOURCE=700' -pipe -g -I./include -I./src/internal -I./arch/x86_64 -c -o src/termios/tcsendbreak.o src/termios/tcsendbreak.c
+ ../tcc-0.9.27/tcc0 -Os -nostdinc -ffreestanding '-std=c99' '-D_XOPEN_SOURCE=700' -pipe -g -I./include -I./src/internal -I./arch/x86_64 -c -o src/termios/tcsetattr.o src/termios/tcsetattr.c
+ ../tcc-0.9.27/tcc0 -Os -nostdinc -ffreestanding '-std=c99' '-D_XOPEN_SOURCE=700' -pipe -g -I./include -I./src/internal -I./arch/x86_64 -c -o src/thread/__futex.o src/thread/__futex.c
+ ../tcc-0.9.27/tcc0 -Os -nostdinc -ffreestanding '-std=c99' '-D_XOPEN_SOURCE=700' -pipe -g -I./include -I./src/internal -I./arch/x86_64 -c -o src/thread/__lock.o src/thread/__lock.c
+ ../tcc-0.9.27/tcc0 -Os -nostdinc -ffreestanding '-std=c99' '-D_XOPEN_SOURCE=700' -pipe -g -I./include -I./src/internal -I./arch/x86_64 -c -o src/thread/__set_thread_area.o src/thread/x86_64/__set_thread_area.s
+ ../tcc-0.9.27/tcc0 -Os -nostdinc -ffreestanding '-std=c99' '-D_XOPEN_SOURCE=700' -pipe -g -I./include -I./src/internal -I./arch/x86_64 -c -o src/thread/__timedwait.o src/thread/__timedwait.c
+ ../tcc-0.9.27/tcc0 -Os -nostdinc -ffreestanding '-std=c99' '-D_XOPEN_SOURCE=700' -pipe -g -I./include -I./src/internal -I./arch/x86_64 -c -o src/thread/__unmapself.o src/thread/x86_64/__unmapself.s
+ ../tcc-0.9.27/tcc0 -Os -nostdinc -ffreestanding '-std=c99' '-D_XOPEN_SOURCE=700' -pipe -g -I./include -I./src/internal -I./arch/x86_64 -c -o src/thread/__wait.o src/thread/__wait.c
+ ../tcc-0.9.27/tcc0 -Os -nostdinc -ffreestanding '-std=c99' '-D_XOPEN_SOURCE=700' -pipe -g -I./include -I./src/internal -I./arch/x86_64 -c -o src/thread/__wake.o src/thread/__wake.c
+ ../tcc-0.9.27/tcc0 -Os -nostdinc -ffreestanding '-std=c99' '-D_XOPEN_SOURCE=700' -pipe -g -I./include -I./src/internal -I./arch/x86_64 -c -o src/thread/cancellation.o src/thread/cancellation.c
+ ../tcc-0.9.27/tcc0 -Os -nostdinc -ffreestanding '-std=c99' '-D_XOPEN_SOURCE=700' -pipe -g -I./include -I./src/internal -I./arch/x86_64 -c -o src/thread/clone.o src/thread/x86_64/clone.s
+ ../tcc-0.9.27/tcc0 -Os -nostdinc -ffreestanding '-std=c99' '-D_XOPEN_SOURCE=700' -pipe -g -I./include -I./src/internal -I./arch/x86_64 -c -o src/thread/pthread_attr_destroy.o src/thread/pthread_attr_destroy.c
+ ../tcc-0.9.27/tcc0 -Os -nostdinc -ffreestanding '-std=c99' '-D_XOPEN_SOURCE=700' -pipe -g -I./include -I./src/internal -I./arch/x86_64 -c -o src/thread/pthread_attr_getdetachstate.o src/thread/pthread_attr_getdetachstate.c
+ ../tcc-0.9.27/tcc0 -Os -nostdinc -ffreestanding '-std=c99' '-D_XOPEN_SOURCE=700' -pipe -g -I./include -I./src/internal -I./arch/x86_64 -c -o src/thread/pthread_attr_getguardsize.o src/thread/pthread_attr_getguardsize.c
+ ../tcc-0.9.27/tcc0 -Os -nostdinc -ffreestanding '-std=c99' '-D_XOPEN_SOURCE=700' -pipe -g -I./include -I./src/internal -I./arch/x86_64 -c -o src/thread/pthread_attr_getscope.o src/thread/pthread_attr_getscope.c
+ ../tcc-0.9.27/tcc0 -Os -nostdinc -ffreestanding '-std=c99' '-D_XOPEN_SOURCE=700' -pipe -g -I./include -I./src/internal -I./arch/x86_64 -c -o src/thread/pthread_attr_getstacksize.o src/thread/pthread_attr_getstacksize.c
+ ../tcc-0.9.27/tcc0 -Os -nostdinc -ffreestanding '-std=c99' '-D_XOPEN_SOURCE=700' -pipe -g -I./include -I./src/internal -I./arch/x86_64 -c -o src/thread/pthread_attr_init.o src/thread/pthread_attr_init.c
+ ../tcc-0.9.27/tcc0 -Os -nostdinc -ffreestanding '-std=c99' '-D_XOPEN_SOURCE=700' -pipe -g -I./include -I./src/internal -I./arch/x86_64 -c -o src/thread/pthread_attr_setdetachstate.o src/thread/pthread_attr_setdetachstate.c
+ ../tcc-0.9.27/tcc0 -Os -nostdinc -ffreestanding '-std=c99' '-D_XOPEN_SOURCE=700' -pipe -g -I./include -I./src/internal -I./arch/x86_64 -c -o src/thread/pthread_attr_setguardsize.o src/thread/pthread_attr_setguardsize.c
+ ../tcc-0.9.27/tcc0 -Os -nostdinc -ffreestanding '-std=c99' '-D_XOPEN_SOURCE=700' -pipe -g -I./include -I./src/internal -I./arch/x86_64 -c -o src/thread/pthread_attr_setscope.o src/thread/pthread_attr_setscope.c
+ ../tcc-0.9.27/tcc0 -Os -nostdinc -ffreestanding '-std=c99' '-D_XOPEN_SOURCE=700' -pipe -g -I./include -I./src/internal -I./arch/x86_64 -c -o src/thread/pthread_attr_setstacksize.o src/thread/pthread_attr_setstacksize.c
+ ../tcc-0.9.27/tcc0 -Os -nostdinc -ffreestanding '-std=c99' '-D_XOPEN_SOURCE=700' -pipe -g -I./include -I./src/internal -I./arch/x86_64 -c -o src/thread/pthread_barrier_destroy.o src/thread/pthread_barrier_destroy.c
+ ../tcc-0.9.27/tcc0 -Os -nostdinc -ffreestanding '-std=c99' '-D_XOPEN_SOURCE=700' -pipe -g -I./include -I./src/internal -I./arch/x86_64 -c -o src/thread/pthread_barrier_init.o src/thread/pthread_barrier_init.c
+ ../tcc-0.9.27/tcc0 -Os -nostdinc -ffreestanding '-std=c99' '-D_XOPEN_SOURCE=700' -pipe -g -I./include -I./src/internal -I./arch/x86_64 -c -o src/thread/pthread_barrier_wait.o src/thread/pthread_barrier_wait.c
+ ../tcc-0.9.27/tcc0 -Os -nostdinc -ffreestanding '-std=c99' '-D_XOPEN_SOURCE=700' -pipe -g -I./include -I./src/internal -I./arch/x86_64 -c -o src/thread/pthread_cancel.o src/thread/pthread_cancel.c
+ ../tcc-0.9.27/tcc0 -Os -nostdinc -ffreestanding '-std=c99' '-D_XOPEN_SOURCE=700' -pipe -g -I./include -I./src/internal -I./arch/x86_64 -c -o src/thread/pthread_cond_broadcast.o src/thread/pthread_cond_broadcast.c
+ ../tcc-0.9.27/tcc0 -Os -nostdinc -ffreestanding '-std=c99' '-D_XOPEN_SOURCE=700' -pipe -g -I./include -I./src/internal -I./arch/x86_64 -c -o src/thread/pthread_cond_destroy.o src/thread/pthread_cond_destroy.c
+ ../tcc-0.9.27/tcc0 -Os -nostdinc -ffreestanding '-std=c99' '-D_XOPEN_SOURCE=700' -pipe -g -I./include -I./src/internal -I./arch/x86_64 -c -o src/thread/pthread_cond_init.o src/thread/pthread_cond_init.c
+ ../tcc-0.9.27/tcc0 -Os -nostdinc -ffreestanding '-std=c99' '-D_XOPEN_SOURCE=700' -pipe -g -I./include -I./src/internal -I./arch/x86_64 -c -o src/thread/pthread_cond_signal.o src/thread/pthread_cond_signal.c
+ ../tcc-0.9.27/tcc0 -Os -nostdinc -ffreestanding '-std=c99' '-D_XOPEN_SOURCE=700' -pipe -g -I./include -I./src/internal -I./arch/x86_64 -c -o src/thread/pthread_cond_timedwait.o src/thread/pthread_cond_timedwait.c
+ ../tcc-0.9.27/tcc0 -Os -nostdinc -ffreestanding '-std=c99' '-D_XOPEN_SOURCE=700' -pipe -g -I./include -I./src/internal -I./arch/x86_64 -c -o src/thread/pthread_cond_wait.o src/thread/pthread_cond_wait.c
+ ../tcc-0.9.27/tcc0 -Os -nostdinc -ffreestanding '-std=c99' '-D_XOPEN_SOURCE=700' -pipe -g -I./include -I./src/internal -I./arch/x86_64 -c -o src/thread/pthread_create.o src/thread/pthread_create.c
+ ../tcc-0.9.27/tcc0 -Os -nostdinc -ffreestanding '-std=c99' '-D_XOPEN_SOURCE=700' -pipe -g -I./include -I./src/internal -I./arch/x86_64 -c -o src/thread/pthread_detach.o src/thread/pthread_detach.c
+ ../tcc-0.9.27/tcc0 -Os -nostdinc -ffreestanding '-std=c99' '-D_XOPEN_SOURCE=700' -pipe -g -I./include -I./src/internal -I./arch/x86_64 -c -o src/thread/pthread_equal.o src/thread/pthread_equal.c
+ ../tcc-0.9.27/tcc0 -Os -nostdinc -ffreestanding '-std=c99' '-D_XOPEN_SOURCE=700' -pipe -g -I./include -I./src/internal -I./arch/x86_64 -c -o src/thread/pthread_getspecific.o src/thread/pthread_getspecific.c
+ ../tcc-0.9.27/tcc0 -Os -nostdinc -ffreestanding '-std=c99' '-D_XOPEN_SOURCE=700' -pipe -g -I./include -I./src/internal -I./arch/x86_64 -c -o src/thread/pthread_join.o src/thread/pthread_join.c
+ ../tcc-0.9.27/tcc0 -Os -nostdinc -ffreestanding '-std=c99' '-D_XOPEN_SOURCE=700' -pipe -g -I./include -I./src/internal -I./arch/x86_64 -c -o src/thread/pthread_key_create.o src/thread/pthread_key_create.c
+ ../tcc-0.9.27/tcc0 -Os -nostdinc -ffreestanding '-std=c99' '-D_XOPEN_SOURCE=700' -pipe -g -I./include -I./src/internal -I./arch/x86_64 -c -o src/thread/pthread_key_delete.o src/thread/pthread_key_delete.c
+ ../tcc-0.9.27/tcc0 -Os -nostdinc -ffreestanding '-std=c99' '-D_XOPEN_SOURCE=700' -pipe -g -I./include -I./src/internal -I./arch/x86_64 -c -o src/thread/pthread_kill.o src/thread/pthread_kill.c
+ ../tcc-0.9.27/tcc0 -Os -nostdinc -ffreestanding '-std=c99' '-D_XOPEN_SOURCE=700' -pipe -g -I./include -I./src/internal -I./arch/x86_64 -c -o src/thread/pthread_mutex_destroy.o src/thread/pthread_mutex_destroy.c
+ ../tcc-0.9.27/tcc0 -Os -nostdinc -ffreestanding '-std=c99' '-D_XOPEN_SOURCE=700' -pipe -g -I./include -I./src/internal -I./arch/x86_64 -c -o src/thread/pthread_mutex_init.o src/thread/pthread_mutex_init.c
+ ../tcc-0.9.27/tcc0 -Os -nostdinc -ffreestanding '-std=c99' '-D_XOPEN_SOURCE=700' -pipe -g -I./include -I./src/internal -I./arch/x86_64 -c -o src/thread/pthread_mutex_lock.o src/thread/pthread_mutex_lock.c
+ ../tcc-0.9.27/tcc0 -Os -nostdinc -ffreestanding '-std=c99' '-D_XOPEN_SOURCE=700' -pipe -g -I./include -I./src/internal -I./arch/x86_64 -c -o src/thread/pthread_mutex_timedlock.o src/thread/pthread_mutex_timedlock.c
+ ../tcc-0.9.27/tcc0 -Os -nostdinc -ffreestanding '-std=c99' '-D_XOPEN_SOURCE=700' -pipe -g -I./include -I./src/internal -I./arch/x86_64 -c -o src/thread/pthread_mutex_trylock.o src/thread/pthread_mutex_trylock.c
+ ../tcc-0.9.27/tcc0 -Os -nostdinc -ffreestanding '-std=c99' '-D_XOPEN_SOURCE=700' -pipe -g -I./include -I./src/internal -I./arch/x86_64 -c -o src/thread/pthread_mutex_unlock.o src/thread/pthread_mutex_unlock.c
+ ../tcc-0.9.27/tcc0 -Os -nostdinc -ffreestanding '-std=c99' '-D_XOPEN_SOURCE=700' -pipe -g -I./include -I./src/internal -I./arch/x86_64 -c -o src/thread/pthread_mutexattr_destroy.o src/thread/pthread_mutexattr_destroy.c
+ ../tcc-0.9.27/tcc0 -Os -nostdinc -ffreestanding '-std=c99' '-D_XOPEN_SOURCE=700' -pipe -g -I./include -I./src/internal -I./arch/x86_64 -c -o src/thread/pthread_mutexattr_gettype.o src/thread/pthread_mutexattr_gettype.c
+ ../tcc-0.9.27/tcc0 -Os -nostdinc -ffreestanding '-std=c99' '-D_XOPEN_SOURCE=700' -pipe -g -I./include -I./src/internal -I./arch/x86_64 -c -o src/thread/pthread_mutexattr_init.o src/thread/pthread_mutexattr_init.c
+ ../tcc-0.9.27/tcc0 -Os -nostdinc -ffreestanding '-std=c99' '-D_XOPEN_SOURCE=700' -pipe -g -I./include -I./src/internal -I./arch/x86_64 -c -o src/thread/pthread_mutexattr_settype.o src/thread/pthread_mutexattr_settype.c
+ ../tcc-0.9.27/tcc0 -Os -nostdinc -ffreestanding '-std=c99' '-D_XOPEN_SOURCE=700' -pipe -g -I./include -I./src/internal -I./arch/x86_64 -c -o src/thread/pthread_once.o src/thread/pthread_once.c
+ ../tcc-0.9.27/tcc0 -Os -nostdinc -ffreestanding '-std=c99' '-D_XOPEN_SOURCE=700' -pipe -g -I./include -I./src/internal -I./arch/x86_64 -c -o src/thread/pthread_rwlock_destroy.o src/thread/pthread_rwlock_destroy.c
+ ../tcc-0.9.27/tcc0 -Os -nostdinc -ffreestanding '-std=c99' '-D_XOPEN_SOURCE=700' -pipe -g -I./include -I./src/internal -I./arch/x86_64 -c -o src/thread/pthread_rwlock_init.o src/thread/pthread_rwlock_init.c
+ ../tcc-0.9.27/tcc0 -Os -nostdinc -ffreestanding '-std=c99' '-D_XOPEN_SOURCE=700' -pipe -g -I./include -I./src/internal -I./arch/x86_64 -c -o src/thread/pthread_rwlock_rdlock.o src/thread/pthread_rwlock_rdlock.c
+ ../tcc-0.9.27/tcc0 -Os -nostdinc -ffreestanding '-std=c99' '-D_XOPEN_SOURCE=700' -pipe -g -I./include -I./src/internal -I./arch/x86_64 -c -o src/thread/pthread_rwlock_timedrdlock.o src/thread/pthread_rwlock_timedrdlock.c
+ ../tcc-0.9.27/tcc0 -Os -nostdinc -ffreestanding '-std=c99' '-D_XOPEN_SOURCE=700' -pipe -g -I./include -I./src/internal -I./arch/x86_64 -c -o src/thread/pthread_rwlock_timedwrlock.o src/thread/pthread_rwlock_timedwrlock.c
+ ../tcc-0.9.27/tcc0 -Os -nostdinc -ffreestanding '-std=c99' '-D_XOPEN_SOURCE=700' -pipe -g -I./include -I./src/internal -I./arch/x86_64 -c -o src/thread/pthread_rwlock_tryrdlock.o src/thread/pthread_rwlock_tryrdlock.c
+ ../tcc-0.9.27/tcc0 -Os -nostdinc -ffreestanding '-std=c99' '-D_XOPEN_SOURCE=700' -pipe -g -I./include -I./src/internal -I./arch/x86_64 -c -o src/thread/pthread_rwlock_trywrlock.o src/thread/pthread_rwlock_trywrlock.c
+ ../tcc-0.9.27/tcc0 -Os -nostdinc -ffreestanding '-std=c99' '-D_XOPEN_SOURCE=700' -pipe -g -I./include -I./src/internal -I./arch/x86_64 -c -o src/thread/pthread_rwlock_unlock.o src/thread/pthread_rwlock_unlock.c
+ ../tcc-0.9.27/tcc0 -Os -nostdinc -ffreestanding '-std=c99' '-D_XOPEN_SOURCE=700' -pipe -g -I./include -I./src/internal -I./arch/x86_64 -c -o src/thread/pthread_rwlock_wrlock.o src/thread/pthread_rwlock_wrlock.c
+ ../tcc-0.9.27/tcc0 -Os -nostdinc -ffreestanding '-std=c99' '-D_XOPEN_SOURCE=700' -pipe -g -I./include -I./src/internal -I./arch/x86_64 -c -o src/thread/pthread_self.o src/thread/pthread_self.c
+ ../tcc-0.9.27/tcc0 -Os -nostdinc -ffreestanding '-std=c99' '-D_XOPEN_SOURCE=700' -pipe -g -I./include -I./src/internal -I./arch/x86_64 -c -o src/thread/pthread_setcancelstate.o src/thread/pthread_setcancelstate.c
+ ../tcc-0.9.27/tcc0 -Os -nostdinc -ffreestanding '-std=c99' '-D_XOPEN_SOURCE=700' -pipe -g -I./include -I./src/internal -I./arch/x86_64 -c -o src/thread/pthread_setcanceltype.o src/thread/pthread_setcanceltype.c
+ ../tcc-0.9.27/tcc0 -Os -nostdinc -ffreestanding '-std=c99' '-D_XOPEN_SOURCE=700' -pipe -g -I./include -I./src/internal -I./arch/x86_64 -c -o src/thread/pthread_setspecific.o src/thread/pthread_setspecific.c
+ ../tcc-0.9.27/tcc0 -Os -nostdinc -ffreestanding '-std=c99' '-D_XOPEN_SOURCE=700' -pipe -g -I./include -I./src/internal -I./arch/x86_64 -c -o src/thread/pthread_spin_destroy.o src/thread/pthread_spin_destroy.c
+ ../tcc-0.9.27/tcc0 -Os -nostdinc -ffreestanding '-std=c99' '-D_XOPEN_SOURCE=700' -pipe -g -I./include -I./src/internal -I./arch/x86_64 -c -o src/thread/pthread_spin_init.o src/thread/pthread_spin_init.c
+ ../tcc-0.9.27/tcc0 -Os -nostdinc -ffreestanding '-std=c99' '-D_XOPEN_SOURCE=700' -pipe -g -I./include -I./src/internal -I./arch/x86_64 -c -o src/thread/pthread_spin_lock.o src/thread/pthread_spin_lock.c
+ ../tcc-0.9.27/tcc0 -Os -nostdinc -ffreestanding '-std=c99' '-D_XOPEN_SOURCE=700' -pipe -g -I./include -I./src/internal -I./arch/x86_64 -c -o src/thread/pthread_spin_trylock.o src/thread/pthread_spin_trylock.c
+ ../tcc-0.9.27/tcc0 -Os -nostdinc -ffreestanding '-std=c99' '-D_XOPEN_SOURCE=700' -pipe -g -I./include -I./src/internal -I./arch/x86_64 -c -o src/thread/pthread_spin_unlock.o src/thread/pthread_spin_unlock.c
+ ../tcc-0.9.27/tcc0 -Os -nostdinc -ffreestanding '-std=c99' '-D_XOPEN_SOURCE=700' -pipe -g -I./include -I./src/internal -I./arch/x86_64 -c -o src/thread/pthread_testcancel.o src/thread/pthread_testcancel.c
+ ../tcc-0.9.27/tcc0 -Os -nostdinc -ffreestanding '-std=c99' '-D_XOPEN_SOURCE=700' -pipe -g -I./include -I./src/internal -I./arch/x86_64 -c -o src/time/__asctime.o src/time/__asctime.c
+ ../tcc-0.9.27/tcc0 -Os -nostdinc -ffreestanding '-std=c99' '-D_XOPEN_SOURCE=700' -pipe -g -I./include -I./src/internal -I./arch/x86_64 -c -o src/time/__time_to_tm.o src/time/__time_to_tm.c
+ ../tcc-0.9.27/tcc0 -Os -nostdinc -ffreestanding '-std=c99' '-D_XOPEN_SOURCE=700' -pipe -g -I./include -I./src/internal -I./arch/x86_64 -c -o src/time/__tm_to_time.o src/time/__tm_to_time.c
+ ../tcc-0.9.27/tcc0 -Os -nostdinc -ffreestanding '-std=c99' '-D_XOPEN_SOURCE=700' -pipe -g -I./include -I./src/internal -I./arch/x86_64 -c -o src/time/asctime.o src/time/asctime.c
+ ../tcc-0.9.27/tcc0 -Os -nostdinc -ffreestanding '-std=c99' '-D_XOPEN_SOURCE=700' -pipe -g -I./include -I./src/internal -I./arch/x86_64 -c -o src/time/asctime_r.o src/time/asctime_r.c
+ ../tcc-0.9.27/tcc0 -Os -nostdinc -ffreestanding '-std=c99' '-D_XOPEN_SOURCE=700' -pipe -g -I./include -I./src/internal -I./arch/x86_64 -c -o src/time/clock.o src/time/clock.c
+ ../tcc-0.9.27/tcc0 -Os -nostdinc -ffreestanding '-std=c99' '-D_XOPEN_SOURCE=700' -pipe -g -I./include -I./src/internal -I./arch/x86_64 -c -o src/time/clock_gettime.o src/time/clock_gettime.c
+ ../tcc-0.9.27/tcc0 -Os -nostdinc -ffreestanding '-std=c99' '-D_XOPEN_SOURCE=700' -pipe -g -I./include -I./src/internal -I./arch/x86_64 -c -o src/time/ctime.o src/time/ctime.c
+ ../tcc-0.9.27/tcc0 -Os -nostdinc -ffreestanding '-std=c99' '-D_XOPEN_SOURCE=700' -pipe -g -I./include -I./src/internal -I./arch/x86_64 -c -o src/time/ctime_r.o src/time/ctime_r.c
+ ../tcc-0.9.27/tcc0 -Os -nostdinc -ffreestanding '-std=c99' '-D_XOPEN_SOURCE=700' -pipe -g -I./include -I./src/internal -I./arch/x86_64 -c -o src/time/difftime.o src/time/difftime.c
+ ../tcc-0.9.27/tcc0 -Os -nostdinc -ffreestanding '-std=c99' '-D_XOPEN_SOURCE=700' -pipe -g -I./include -I./src/internal -I./arch/x86_64 -c -o src/time/gettimeofday.o src/time/gettimeofday.c
+ ../tcc-0.9.27/tcc0 -Os -nostdinc -ffreestanding '-std=c99' '-D_XOPEN_SOURCE=700' -pipe -g -I./include -I./src/internal -I./arch/x86_64 -c -o src/time/gmtime.o src/time/gmtime.c
+ ../tcc-0.9.27/tcc0 -Os -nostdinc -ffreestanding '-std=c99' '-D_XOPEN_SOURCE=700' -pipe -g -I./include -I./src/internal -I./arch/x86_64 -c -o src/time/gmtime_r.o src/time/gmtime_r.c
+ ../tcc-0.9.27/tcc0 -Os -nostdinc -ffreestanding '-std=c99' '-D_XOPEN_SOURCE=700' -pipe -g -I./include -I./src/internal -I./arch/x86_64 -c -o src/time/localtime.o src/time/localtime.c
+ ../tcc-0.9.27/tcc0 -Os -nostdinc -ffreestanding '-std=c99' '-D_XOPEN_SOURCE=700' -pipe -g -I./include -I./src/internal -I./arch/x86_64 -c -o src/time/localtime_r.o src/time/localtime_r.c
+ ../tcc-0.9.27/tcc0 -Os -nostdinc -ffreestanding '-std=c99' '-D_XOPEN_SOURCE=700' -pipe -g -I./include -I./src/internal -I./arch/x86_64 -c -o src/time/mktime.o src/time/mktime.c
+ ../tcc-0.9.27/tcc0 -Os -nostdinc -ffreestanding '-std=c99' '-D_XOPEN_SOURCE=700' -pipe -g -I./include -I./src/internal -I./arch/x86_64 -c -o src/time/nanosleep.o src/time/nanosleep.c
+ ../tcc-0.9.27/tcc0 -Os -nostdinc -ffreestanding '-std=c99' '-D_XOPEN_SOURCE=700' -pipe -g -I./include -I./src/internal -I./arch/x86_64 -c -o src/time/strftime.o src/time/strftime.c
+ ../tcc-0.9.27/tcc0 -Os -nostdinc -ffreestanding '-std=c99' '-D_XOPEN_SOURCE=700' -pipe -g -I./include -I./src/internal -I./arch/x86_64 -c -o src/time/strptime.o src/time/strptime.c
+ ../tcc-0.9.27/tcc0 -Os -nostdinc -ffreestanding '-std=c99' '-D_XOPEN_SOURCE=700' -pipe -g -I./include -I./src/internal -I./arch/x86_64 -c -o src/time/time.o src/time/time.c
+ ../tcc-0.9.27/tcc0 -Os -nostdinc -ffreestanding '-std=c99' '-D_XOPEN_SOURCE=700' -pipe -g -I./include -I./src/internal -I./arch/x86_64 -c -o src/time/times.o src/time/times.c
+ ../tcc-0.9.27/tcc0 -Os -nostdinc -ffreestanding '-std=c99' '-D_XOPEN_SOURCE=700' -pipe -g -I./include -I./src/internal -I./arch/x86_64 -c -o src/time/tzset.o src/time/tzset.c
+ ../tcc-0.9.27/tcc0 -Os -nostdinc -ffreestanding '-std=c99' '-D_XOPEN_SOURCE=700' -pipe -g -I./include -I./src/internal -I./arch/x86_64 -c -o src/time/utime.o src/time/utime.c
+ ../tcc-0.9.27/tcc0 -Os -nostdinc -ffreestanding '-std=c99' '-D_XOPEN_SOURCE=700' -pipe -g -I./include -I./src/internal -I./arch/x86_64 -c -o src/unistd/_exit.o src/unistd/_exit.c
+ ../tcc-0.9.27/tcc0 -Os -nostdinc -ffreestanding '-std=c99' '-D_XOPEN_SOURCE=700' -pipe -g -I./include -I./src/internal -I./arch/x86_64 -c -o src/unistd/access.o src/unistd/access.c
+ ../tcc-0.9.27/tcc0 -Os -nostdinc -ffreestanding '-std=c99' '-D_XOPEN_SOURCE=700' -pipe -g -I./include -I./src/internal -I./arch/x86_64 -c -o src/unistd/alarm.o src/unistd/alarm.c
+ ../tcc-0.9.27/tcc0 -Os -nostdinc -ffreestanding '-std=c99' '-D_XOPEN_SOURCE=700' -pipe -g -I./include -I./src/internal -I./arch/x86_64 -c -o src/unistd/chdir.o src/unistd/chdir.c
+ ../tcc-0.9.27/tcc0 -Os -nostdinc -ffreestanding '-std=c99' '-D_XOPEN_SOURCE=700' -pipe -g -I./include -I./src/internal -I./arch/x86_64 -c -o src/unistd/chown.o src/unistd/chown.c
+ ../tcc-0.9.27/tcc0 -Os -nostdinc -ffreestanding '-std=c99' '-D_XOPEN_SOURCE=700' -pipe -g -I./include -I./src/internal -I./arch/x86_64 -c -o src/unistd/close.o src/unistd/close.c
+ ../tcc-0.9.27/tcc0 -Os -nostdinc -ffreestanding '-std=c99' '-D_XOPEN_SOURCE=700' -pipe -g -I./include -I./src/internal -I./arch/x86_64 -c -o src/unistd/ctermid.o src/unistd/ctermid.c
+ ../tcc-0.9.27/tcc0 -Os -nostdinc -ffreestanding '-std=c99' '-D_XOPEN_SOURCE=700' -pipe -g -I./include -I./src/internal -I./arch/x86_64 -c -o src/unistd/dup.o src/unistd/dup.c
+ ../tcc-0.9.27/tcc0 -Os -nostdinc -ffreestanding '-std=c99' '-D_XOPEN_SOURCE=700' -pipe -g -I./include -I./src/internal -I./arch/x86_64 -c -o src/unistd/dup2.o src/unistd/dup2.c
+ ../tcc-0.9.27/tcc0 -Os -nostdinc -ffreestanding '-std=c99' '-D_XOPEN_SOURCE=700' -pipe -g -I./include -I./src/internal -I./arch/x86_64 -c -o src/unistd/faccessat.o src/unistd/faccessat.c
+ ../tcc-0.9.27/tcc0 -Os -nostdinc -ffreestanding '-std=c99' '-D_XOPEN_SOURCE=700' -pipe -g -I./include -I./src/internal -I./arch/x86_64 -c -o src/unistd/fchdir.o src/unistd/fchdir.c
+ ../tcc-0.9.27/tcc0 -Os -nostdinc -ffreestanding '-std=c99' '-D_XOPEN_SOURCE=700' -pipe -g -I./include -I./src/internal -I./arch/x86_64 -c -o src/unistd/fchown.o src/unistd/fchown.c
+ ../tcc-0.9.27/tcc0 -Os -nostdinc -ffreestanding '-std=c99' '-D_XOPEN_SOURCE=700' -pipe -g -I./include -I./src/internal -I./arch/x86_64 -c -o src/unistd/fchownat.o src/unistd/fchownat.c
+ ../tcc-0.9.27/tcc0 -Os -nostdinc -ffreestanding '-std=c99' '-D_XOPEN_SOURCE=700' -pipe -g -I./include -I./src/internal -I./arch/x86_64 -c -o src/unistd/fdatasync.o src/unistd/fdatasync.c
+ ../tcc-0.9.27/tcc0 -Os -nostdinc -ffreestanding '-std=c99' '-D_XOPEN_SOURCE=700' -pipe -g -I./include -I./src/internal -I./arch/x86_64 -c -o src/unistd/fsync.o src/unistd/fsync.c
+ ../tcc-0.9.27/tcc0 -Os -nostdinc -ffreestanding '-std=c99' '-D_XOPEN_SOURCE=700' -pipe -g -I./include -I./src/internal -I./arch/x86_64 -c -o src/unistd/ftruncate.o src/unistd/ftruncate.c
+ ../tcc-0.9.27/tcc0 -Os -nostdinc -ffreestanding '-std=c99' '-D_XOPEN_SOURCE=700' -pipe -g -I./include -I./src/internal -I./arch/x86_64 -c -o src/unistd/getcwd.o src/unistd/getcwd.c
+ ../tcc-0.9.27/tcc0 -Os -nostdinc -ffreestanding '-std=c99' '-D_XOPEN_SOURCE=700' -pipe -g -I./include -I./src/internal -I./arch/x86_64 -c -o src/unistd/getegid.o src/unistd/getegid.c
+ ../tcc-0.9.27/tcc0 -Os -nostdinc -ffreestanding '-std=c99' '-D_XOPEN_SOURCE=700' -pipe -g -I./include -I./src/internal -I./arch/x86_64 -c -o src/unistd/geteuid.o src/unistd/geteuid.c
+ ../tcc-0.9.27/tcc0 -Os -nostdinc -ffreestanding '-std=c99' '-D_XOPEN_SOURCE=700' -pipe -g -I./include -I./src/internal -I./arch/x86_64 -c -o src/unistd/getgid.o src/unistd/getgid.c
+ ../tcc-0.9.27/tcc0 -Os -nostdinc -ffreestanding '-std=c99' '-D_XOPEN_SOURCE=700' -pipe -g -I./include -I./src/internal -I./arch/x86_64 -c -o src/unistd/getgroups.o src/unistd/getgroups.c
+ ../tcc-0.9.27/tcc0 -Os -nostdinc -ffreestanding '-std=c99' '-D_XOPEN_SOURCE=700' -pipe -g -I./include -I./src/internal -I./arch/x86_64 -c -o src/unistd/gethostname.o src/unistd/gethostname.c
+ ../tcc-0.9.27/tcc0 -Os -nostdinc -ffreestanding '-std=c99' '-D_XOPEN_SOURCE=700' -pipe -g -I./include -I./src/internal -I./arch/x86_64 -c -o src/unistd/getlogin.o src/unistd/getlogin.c
+ ../tcc-0.9.27/tcc0 -Os -nostdinc -ffreestanding '-std=c99' '-D_XOPEN_SOURCE=700' -pipe -g -I./include -I./src/internal -I./arch/x86_64 -c -o src/unistd/getlogin_r.o src/unistd/getlogin_r.c
+ ../tcc-0.9.27/tcc0 -Os -nostdinc -ffreestanding '-std=c99' '-D_XOPEN_SOURCE=700' -pipe -g -I./include -I./src/internal -I./arch/x86_64 -c -o src/unistd/getpgid.o src/unistd/getpgid.c
+ ../tcc-0.9.27/tcc0 -Os -nostdinc -ffreestanding '-std=c99' '-D_XOPEN_SOURCE=700' -pipe -g -I./include -I./src/internal -I./arch/x86_64 -c -o src/unistd/getpgrp.o src/unistd/getpgrp.c
+ ../tcc-0.9.27/tcc0 -Os -nostdinc -ffreestanding '-std=c99' '-D_XOPEN_SOURCE=700' -pipe -g -I./include -I./src/internal -I./arch/x86_64 -c -o src/unistd/getpid.o src/unistd/getpid.c
+ ../tcc-0.9.27/tcc0 -Os -nostdinc -ffreestanding '-std=c99' '-D_XOPEN_SOURCE=700' -pipe -g -I./include -I./src/internal -I./arch/x86_64 -c -o src/unistd/getppid.o src/unistd/getppid.c
+ ../tcc-0.9.27/tcc0 -Os -nostdinc -ffreestanding '-std=c99' '-D_XOPEN_SOURCE=700' -pipe -g -I./include -I./src/internal -I./arch/x86_64 -c -o src/unistd/getsid.o src/unistd/getsid.c
+ ../tcc-0.9.27/tcc0 -Os -nostdinc -ffreestanding '-std=c99' '-D_XOPEN_SOURCE=700' -pipe -g -I./include -I./src/internal -I./arch/x86_64 -c -o src/unistd/getuid.o src/unistd/getuid.c
+ ../tcc-0.9.27/tcc0 -Os -nostdinc -ffreestanding '-std=c99' '-D_XOPEN_SOURCE=700' -pipe -g -I./include -I./src/internal -I./arch/x86_64 -c -o src/unistd/isatty.o src/unistd/isatty.c
+ ../tcc-0.9.27/tcc0 -Os -nostdinc -ffreestanding '-std=c99' '-D_XOPEN_SOURCE=700' -pipe -g -I./include -I./src/internal -I./arch/x86_64 -c -o src/unistd/lchown.o src/unistd/lchown.c
+ ../tcc-0.9.27/tcc0 -Os -nostdinc -ffreestanding '-std=c99' '-D_XOPEN_SOURCE=700' -pipe -g -I./include -I./src/internal -I./arch/x86_64 -c -o src/unistd/link.o src/unistd/link.c
+ ../tcc-0.9.27/tcc0 -Os -nostdinc -ffreestanding '-std=c99' '-D_XOPEN_SOURCE=700' -pipe -g -I./include -I./src/internal -I./arch/x86_64 -c -o src/unistd/linkat.o src/unistd/linkat.c
+ ../tcc-0.9.27/tcc0 -Os -nostdinc -ffreestanding '-std=c99' '-D_XOPEN_SOURCE=700' -pipe -g -I./include -I./src/internal -I./arch/x86_64 -c -o src/unistd/lseek.o src/unistd/lseek.c
+ ../tcc-0.9.27/tcc0 -Os -nostdinc -ffreestanding '-std=c99' '-D_XOPEN_SOURCE=700' -pipe -g -I./include -I./src/internal -I./arch/x86_64 -c -o src/unistd/nice.o src/unistd/nice.c
+ ../tcc-0.9.27/tcc0 -Os -nostdinc -ffreestanding '-std=c99' '-D_XOPEN_SOURCE=700' -pipe -g -I./include -I./src/internal -I./arch/x86_64 -c -o src/unistd/pause.o src/unistd/pause.c
+ ../tcc-0.9.27/tcc0 -Os -nostdinc -ffreestanding '-std=c99' '-D_XOPEN_SOURCE=700' -pipe -g -I./include -I./src/internal -I./arch/x86_64 -c -o src/unistd/pipe.o src/unistd/pipe.c
+ ../tcc-0.9.27/tcc0 -Os -nostdinc -ffreestanding '-std=c99' '-D_XOPEN_SOURCE=700' -pipe -g -I./include -I./src/internal -I./arch/x86_64 -c -o src/unistd/pread.o src/unistd/pread.c
+ ../tcc-0.9.27/tcc0 -Os -nostdinc -ffreestanding '-std=c99' '-D_XOPEN_SOURCE=700' -pipe -g -I./include -I./src/internal -I./arch/x86_64 -c -o src/unistd/pwrite.o src/unistd/pwrite.c
+ ../tcc-0.9.27/tcc0 -Os -nostdinc -ffreestanding '-std=c99' '-D_XOPEN_SOURCE=700' -pipe -g -I./include -I./src/internal -I./arch/x86_64 -c -o src/unistd/read.o src/unistd/read.c
+ ../tcc-0.9.27/tcc0 -Os -nostdinc -ffreestanding '-std=c99' '-D_XOPEN_SOURCE=700' -pipe -g -I./include -I./src/internal -I./arch/x86_64 -c -o src/unistd/readlink.o src/unistd/readlink.c
+ ../tcc-0.9.27/tcc0 -Os -nostdinc -ffreestanding '-std=c99' '-D_XOPEN_SOURCE=700' -pipe -g -I./include -I./src/internal -I./arch/x86_64 -c -o src/unistd/readlinkat.o src/unistd/readlinkat.c
+ ../tcc-0.9.27/tcc0 -Os -nostdinc -ffreestanding '-std=c99' '-D_XOPEN_SOURCE=700' -pipe -g -I./include -I./src/internal -I./arch/x86_64 -c -o src/unistd/readv.o src/unistd/readv.c
+ ../tcc-0.9.27/tcc0 -Os -nostdinc -ffreestanding '-std=c99' '-D_XOPEN_SOURCE=700' -pipe -g -I./include -I./src/internal -I./arch/x86_64 -c -o src/unistd/renameat.o src/unistd/renameat.c
+ ../tcc-0.9.27/tcc0 -Os -nostdinc -ffreestanding '-std=c99' '-D_XOPEN_SOURCE=700' -pipe -g -I./include -I./src/internal -I./arch/x86_64 -c -o src/unistd/rmdir.o src/unistd/rmdir.c
+ ../tcc-0.9.27/tcc0 -Os -nostdinc -ffreestanding '-std=c99' '-D_XOPEN_SOURCE=700' -pipe -g -I./include -I./src/internal -I./arch/x86_64 -c -o src/unistd/setegid.o src/unistd/setegid.c
+ ../tcc-0.9.27/tcc0 -Os -nostdinc -ffreestanding '-std=c99' '-D_XOPEN_SOURCE=700' -pipe -g -I./include -I./src/internal -I./arch/x86_64 -c -o src/unistd/seteuid.o src/unistd/seteuid.c
+ ../tcc-0.9.27/tcc0 -Os -nostdinc -ffreestanding '-std=c99' '-D_XOPEN_SOURCE=700' -pipe -g -I./include -I./src/internal -I./arch/x86_64 -c -o src/unistd/setgid.o src/unistd/setgid.c
+ ../tcc-0.9.27/tcc0 -Os -nostdinc -ffreestanding '-std=c99' '-D_XOPEN_SOURCE=700' -pipe -g -I./include -I./src/internal -I./arch/x86_64 -c -o src/unistd/setpgid.o src/unistd/setpgid.c
+ ../tcc-0.9.27/tcc0 -Os -nostdinc -ffreestanding '-std=c99' '-D_XOPEN_SOURCE=700' -pipe -g -I./include -I./src/internal -I./arch/x86_64 -c -o src/unistd/setpgrp.o src/unistd/setpgrp.c
+ ../tcc-0.9.27/tcc0 -Os -nostdinc -ffreestanding '-std=c99' '-D_XOPEN_SOURCE=700' -pipe -g -I./include -I./src/internal -I./arch/x86_64 -c -o src/unistd/setregid.o src/unistd/setregid.c
+ ../tcc-0.9.27/tcc0 -Os -nostdinc -ffreestanding '-std=c99' '-D_XOPEN_SOURCE=700' -pipe -g -I./include -I./src/internal -I./arch/x86_64 -c -o src/unistd/setreuid.o src/unistd/setreuid.c
+ ../tcc-0.9.27/tcc0 -Os -nostdinc -ffreestanding '-std=c99' '-D_XOPEN_SOURCE=700' -pipe -g -I./include -I./src/internal -I./arch/x86_64 -c -o src/unistd/setsid.o src/unistd/setsid.c
+ ../tcc-0.9.27/tcc0 -Os -nostdinc -ffreestanding '-std=c99' '-D_XOPEN_SOURCE=700' -pipe -g -I./include -I./src/internal -I./arch/x86_64 -c -o src/unistd/setuid.o src/unistd/setuid.c
+ ../tcc-0.9.27/tcc0 -Os -nostdinc -ffreestanding '-std=c99' '-D_XOPEN_SOURCE=700' -pipe -g -I./include -I./src/internal -I./arch/x86_64 -c -o src/unistd/sleep.o src/unistd/sleep.c
+ ../tcc-0.9.27/tcc0 -Os -nostdinc -ffreestanding '-std=c99' '-D_XOPEN_SOURCE=700' -pipe -g -I./include -I./src/internal -I./arch/x86_64 -c -o src/unistd/symlink.o src/unistd/symlink.c
+ ../tcc-0.9.27/tcc0 -Os -nostdinc -ffreestanding '-std=c99' '-D_XOPEN_SOURCE=700' -pipe -g -I./include -I./src/internal -I./arch/x86_64 -c -o src/unistd/symlinkat.o src/unistd/symlinkat.c
+ ../tcc-0.9.27/tcc0 -Os -nostdinc -ffreestanding '-std=c99' '-D_XOPEN_SOURCE=700' -pipe -g -I./include -I./src/internal -I./arch/x86_64 -c -o src/unistd/sync.o src/unistd/sync.c
+ ../tcc-0.9.27/tcc0 -Os -nostdinc -ffreestanding '-std=c99' '-D_XOPEN_SOURCE=700' -pipe -g -I./include -I./src/internal -I./arch/x86_64 -c -o src/unistd/tcgetpgrp.o src/unistd/tcgetpgrp.c
+ ../tcc-0.9.27/tcc0 -Os -nostdinc -ffreestanding '-std=c99' '-D_XOPEN_SOURCE=700' -pipe -g -I./include -I./src/internal -I./arch/x86_64 -c -o src/unistd/tcsetpgrp.o src/unistd/tcsetpgrp.c
+ ../tcc-0.9.27/tcc0 -Os -nostdinc -ffreestanding '-std=c99' '-D_XOPEN_SOURCE=700' -pipe -g -I./include -I./src/internal -I./arch/x86_64 -c -o src/unistd/truncate.o src/unistd/truncate.c
+ ../tcc-0.9.27/tcc0 -Os -nostdinc -ffreestanding '-std=c99' '-D_XOPEN_SOURCE=700' -pipe -g -I./include -I./src/internal -I./arch/x86_64 -c -o src/unistd/ttyname.o src/unistd/ttyname.c
+ ../tcc-0.9.27/tcc0 -Os -nostdinc -ffreestanding '-std=c99' '-D_XOPEN_SOURCE=700' -pipe -g -I./include -I./src/internal -I./arch/x86_64 -c -o src/unistd/ttyname_r.o src/unistd/ttyname_r.c
+ ../tcc-0.9.27/tcc0 -Os -nostdinc -ffreestanding '-std=c99' '-D_XOPEN_SOURCE=700' -pipe -g -I./include -I./src/internal -I./arch/x86_64 -c -o src/unistd/ualarm.o src/unistd/ualarm.c
+ ../tcc-0.9.27/tcc0 -Os -nostdinc -ffreestanding '-std=c99' '-D_XOPEN_SOURCE=700' -pipe -g -I./include -I./src/internal -I./arch/x86_64 -c -o src/unistd/unlink.o src/unistd/unlink.c
+ ../tcc-0.9.27/tcc0 -Os -nostdinc -ffreestanding '-std=c99' '-D_XOPEN_SOURCE=700' -pipe -g -I./include -I./src/internal -I./arch/x86_64 -c -o src/unistd/unlinkat.o src/unistd/unlinkat.c
+ ../tcc-0.9.27/tcc0 -Os -nostdinc -ffreestanding '-std=c99' '-D_XOPEN_SOURCE=700' -pipe -g -I./include -I./src/internal -I./arch/x86_64 -c -o src/unistd/usleep.o src/unistd/usleep.c
+ ../tcc-0.9.27/tcc0 -Os -nostdinc -ffreestanding '-std=c99' '-D_XOPEN_SOURCE=700' -pipe -g -I./include -I./src/internal -I./arch/x86_64 -c -o src/unistd/write.o src/unistd/write.c
+ ../tcc-0.9.27/tcc0 -Os -nostdinc -ffreestanding '-std=c99' '-D_XOPEN_SOURCE=700' -pipe -g -I./include -I./src/internal -I./arch/x86_64 -c -o src/unistd/writev.o src/unistd/writev.c
+ ../../busybox cp ../tcc-0.9.27/lib/alloca86_64-bt.o src/alloca86_64-bt.o
+ ../../busybox cp ../tcc-0.9.27/lib/alloca86_64.o src/alloca86_64.o
+ ../tcc-0.9.27/tcc0 -Os -nostdinc -ffreestanding '-std=c99' '-D_XOPEN_SOURCE=700' -pipe -g -I./include -I./src/internal -I./arch/x86_64 -c -o ../tcc-0.9.27/lib/libtcc1.o ../tcc-0.9.27/lib/libtcc1.c
+ ../../busybox cp ../tcc-0.9.27/lib/libtcc1.o src/libtcc1.o
+ ../tcc-0.9.27/tcc0 -Os -nostdinc -ffreestanding '-std=c99' '-D_XOPEN_SOURCE=700' -pipe -g -I./include -I./src/internal -I./arch/x86_64 -c -o ../tcc-0.9.27/lib/va_list.o ../tcc-0.9.27/lib/va_list.c
+ ../../busybox cp ../tcc-0.9.27/lib/va_list.o src/va_list.o
+ ../tcc-0.9.27/tcc0 -c -o src/syscall.o src/syscall.s
+ ../../busybox mkdir -p lib
+ ../tcc-0.9.27/tcc0 -ar rc lib/libc.a src/conf/confstr.o src/conf/fpathconf.o src/conf/pathconf.o src/conf/sysconf.o src/ctype/__ctype_get_mb_cur_max.o src/ctype/isalnum.o src/ctype/isalpha.o src/ctype/isascii.o src/ctype/isblank.o src/ctype/iscntrl.o src/ctype/isdigit.o src/ctype/isgraph.o src/ctype/islower.o src/ctype/isprint.o src/ctype/ispunct.o src/ctype/isspace.o src/ctype/isupper.o src/ctype/iswalnum.o src/ctype/iswalpha.o src/ctype/iswblank.o src/ctype/iswcntrl.o src/ctype/iswctype.o src/ctype/iswdigit.o src/ctype/iswgraph.o src/ctype/iswlower.o src/ctype/iswprint.o src/ctype/iswpunct.o src/ctype/iswspace.o src/ctype/iswupper.o src/ctype/iswxdigit.o src/ctype/isxdigit.o src/ctype/toascii.o src/ctype/tolower.o src/ctype/toupper.o src/ctype/towctrans.o src/ctype/wcswidth.o src/ctype/wctrans.o src/ctype/wcwidth.o src/dirent/__getdents.o src/dirent/alphasort.o src/dirent/closedir.o src/dirent/dirfd.o src/dirent/fdopendir.o src/dirent/opendir.o src/dirent/readdir.o src/dirent/readdir_r.o src/dirent/rewinddir.o src/dirent/scandir.o src/dirent/seekdir.o src/dirent/telldir.o src/env/__environ.o src/env/__libc_start_main.o src/env/clearenv.o src/env/getenv.o src/env/putenv.o src/env/setenv.o src/env/unsetenv.o src/errno/__errno_location.o src/errno/strerror.o src/exit/_Exit.o src/exit/abort.o src/exit/assert.o src/exit/atexit.o src/exit/exit.o src/fcntl/creat.o src/fcntl/fcntl.o src/fcntl/open.o src/fcntl/openat.o src/internal/libc.o src/internal/syscall.o src/ipc/ftok.o src/ipc/semctl.o src/ipc/semget.o src/ipc/semop.o src/ipc/shmat.o src/ipc/shmctl.o src/ipc/shmdt.o src/ipc/shmget.o src/linux/brk.o src/linux/chroot.o src/linux/daemon.o src/linux/epoll_create.o src/linux/epoll_create1.o src/linux/epoll_ctl.o src/linux/epoll_pwait.o src/linux/epoll_wait.o src/linux/getdtablesize.o src/linux/gethostid.o src/linux/getopt_long.o src/linux/getpagesize.o src/linux/getpass.o src/linux/initgroups.o src/linux/klogctl.o src/linux/mntent.o src/linux/mount.o src/linux/prctl.o src/linux/reboot.o src/linux/sbrk.o src/linux/sendfile.o src/linux/setgroups.o src/linux/sethostname.o src/linux/settimeofday.o src/linux/signalfd.o src/linux/stime.o src/linux/swapoff.o src/linux/swapon.o src/linux/sysinfo.o src/linux/umount.o src/linux/umount2.o src/linux/utimes.o src/linux/wait3.o src/linux/wait4.o src/locale/catclose.o src/locale/catgets.o src/locale/catopen.o src/locale/duplocale.o src/locale/freelocale.o src/locale/iconv.o src/locale/intl.o src/locale/isalnum_l.o src/locale/isalpha_l.o src/locale/isblank_l.o src/locale/iscntrl_l.o src/locale/isdigit_l.o src/locale/isgraph_l.o src/locale/islower_l.o src/locale/isprint_l.o src/locale/ispunct_l.o src/locale/isspace_l.o src/locale/isupper_l.o src/locale/isxdigit_l.o src/locale/langinfo.o src/locale/localeconv.o src/locale/newlocale.o src/locale/nl_langinfo.o src/locale/setlocale.o src/locale/strcoll.o src/locale/strxfrm.o src/locale/tolower_l.o src/locale/toupper_l.o src/locale/wcscoll.o src/locale/wcsxfrm.o src/malloc/__brk.o src/malloc/__simple_malloc.o src/malloc/calloc.o src/malloc/malloc.o src/malloc/memalign.o src/malloc/posix_memalign.o src/math/__fpclassify.o src/math/__fpclassifyf.o src/math/__fpclassifyl.o src/math/e_acos.o src/math/e_acosf.o src/math/e_acosh.o src/math/e_acoshf.o src/math/e_asin.o src/math/e_asinf.o src/math/e_atan2.o src/math/e_atan2f.o src/math/e_atanh.o src/math/e_atanhf.o src/math/e_cosh.o src/math/e_coshf.o src/math/e_exp.o src/math/e_expf.o src/math/e_fmod.o src/math/e_fmodf.o src/math/e_hypot.o src/math/e_hypotf.o src/math/e_log.o src/math/e_log10.o src/math/e_log10f.o src/math/e_logf.o src/math/e_pow.o src/math/e_powf.o src/math/e_rem_pio2.o src/math/e_rem_pio2f.o src/math/e_remainder.o src/math/e_remainderf.o src/math/e_scalb.o src/math/e_scalbf.o src/math/e_sinh.o src/math/e_sinhf.o src/math/e_sqrt.o src/math/e_sqrtf.o src/math/k_cos.o src/math/k_cosf.o src/math/k_rem_pio2.o src/math/k_rem_pio2f.o src/math/k_sin.o src/math/k_sinf.o src/math/k_tan.o src/math/k_tanf.o src/math/log.o src/math/log10.o src/math/log10f.o src/math/log10l.o src/math/log1p.o src/math/log1pf.o src/math/log1pl.o src/math/log2.o src/math/log2f.o src/math/log2l.o src/math/logb.o src/math/logbf.o src/math/logbl.o src/math/logf.o src/math/logl.o src/math/s_asinh.o src/math/s_asinhf.o src/math/s_atan.o src/math/s_atanf.o src/math/s_cbrt.o src/math/s_cbrtf.o src/math/s_ceil.o src/math/s_ceilf.o src/math/s_copysign.o src/math/s_copysignf.o src/math/s_cos.o src/math/s_cosf.o src/math/s_erf.o src/math/s_erff.o src/math/s_expm1.o src/math/s_expm1f.o src/math/s_fabs.o src/math/s_fabsf.o src/math/s_floor.o src/math/s_floorf.o src/math/s_ilogb.o src/math/s_ilogbf.o src/math/s_ldexp.o src/math/s_ldexpf.o src/math/s_llrint.o src/math/s_log1p.o src/math/s_log1pf.o src/math/s_logb.o src/math/s_logbf.o src/math/s_lrint.o src/math/s_lrintf.o src/math/s_modf.o src/math/s_modff.o src/math/s_nextafter.o src/math/s_nextafterf.o src/math/s_remquo.o src/math/s_remquof.o src/math/s_rint.o src/math/s_rintf.o src/math/s_round.o src/math/s_roundf.o src/math/s_scalbln.o src/math/s_scalblnf.o src/math/s_sin.o src/math/s_sinf.o src/math/s_tan.o src/math/s_tanf.o src/math/s_tanh.o src/math/s_tanhf.o src/math/s_trunc.o src/math/s_truncf.o src/misc/basename.o src/misc/bswap_32.o src/misc/bswap_64.o src/misc/crypt.o src/misc/cuserid.o src/misc/dirname.o src/misc/ffs.o src/misc/ftw.o src/misc/getdomainname.o src/misc/getgrouplist.o src/misc/getopt.o src/misc/getpriority.o src/misc/getrlimit.o src/misc/getrusage.o src/misc/getsubopt.o src/misc/ioctl.o src/misc/lockf.o src/misc/nftw.o src/misc/openpty.o src/misc/pty.o src/misc/realpath.o src/misc/sched_yield.o src/misc/setpriority.o src/misc/setrlimit.o src/misc/syslog.o src/misc/uname.o src/mman/madvise.o src/mman/mlock.o src/mman/mlockall.o src/mman/mmap.o src/mman/mprotect.o src/mman/mremap.o src/mman/msync.o src/mman/munlock.o src/mman/munlockall.o src/mman/munmap.o src/mman/posix_madvise.o src/multibyte/btowc.o src/multibyte/decode.o src/multibyte/internal.o src/multibyte/mblen.o src/multibyte/mbrlen.o src/multibyte/mbrtowc.o src/multibyte/mbsinit.o src/multibyte/mbsnrtowcs.o src/multibyte/mbsrtowcs.o src/multibyte/mbstowcs.o src/multibyte/mbtowc.o src/multibyte/wcrtomb.o src/multibyte/wcsnrtombs.o src/multibyte/wcsrtombs.o src/multibyte/wcstombs.o src/multibyte/wctob.o src/multibyte/wctomb.o src/network/__dns.o src/network/__ipparse.o src/network/accept.o src/network/bind.o src/network/connect.o src/network/dn_expand.o src/network/ent.o src/network/freeaddrinfo.o src/network/gai_strerror.o src/network/getaddrinfo.o src/network/gethostbyaddr.o src/network/gethostbyaddr_r.o src/network/gethostbyname.o src/network/gethostbyname2.o src/network/gethostbyname2_r.o src/network/gethostbyname_r.o src/network/getnameinfo.o src/network/getpeername.o src/network/getservbyname.o src/network/getservbyname_r.o src/network/getservbyport.o src/network/getservbyport_r.o src/network/getsockname.o src/network/getsockopt.o src/network/h_errno.o src/network/hstrerror.o src/network/htonl.o src/network/htons.o src/network/in6addr_any.o src/network/in6addr_loopback.o src/network/inet_addr.o src/network/inet_aton.o src/network/inet_ntoa.o src/network/inet_ntop.o src/network/inet_pton.o src/network/listen.o src/network/ntohl.o src/network/ntohs.o src/network/proto.o src/network/recv.o src/network/recvfrom.o src/network/recvmsg.o src/network/res_init.o src/network/res_query.o src/network/send.o src/network/sendmsg.o src/network/sendto.o src/network/serv.o src/network/setsockopt.o src/network/shutdown.o src/network/sockatmark.o src/network/socket.o src/network/socketpair.o src/passwd/getgr_r.o src/passwd/getgrent.o src/passwd/getgrent_a.o src/passwd/getpw_r.o src/passwd/getpwent.o src/passwd/getpwent_a.o src/passwd/getspent.o src/passwd/getspnam.o src/passwd/getspnam_r.o src/passwd/lckpwdf.o src/prng/__rand48_step.o src/prng/__seed48.o src/prng/drand48.o src/prng/lcong48.o src/prng/lrand48.o src/prng/mrand48.o src/prng/rand.o src/prng/rand_r.o src/prng/random.o src/prng/seed48.o src/prng/srand48.o src/prng/srandom.o src/process/execl.o src/process/execle.o src/process/execlp.o src/process/execv.o src/process/execve.o src/process/execvp.o src/process/fork.o src/process/system.o src/process/vfork.o src/process/wait.o src/process/waitid.o src/process/waitpid.o src/regex/fnmatch.o src/regex/glob.o src/regex/regcomp.o src/regex/regerror.o src/regex/regexec.o src/regex/tre-mem.o src/select/poll.o src/select/pselect.o src/select/select.o src/setjmp/longjmp.o src/setjmp/setjmp.o src/signal/getitimer.o src/signal/kill.o src/signal/killpg.o src/signal/raise.o src/signal/restore.o src/signal/setitimer.o src/signal/sigaction.o src/signal/sigaddset.o src/signal/sigaltstack.o src/signal/sigdelset.o src/signal/sigemptyset.o src/signal/sigfillset.o src/signal/sighold.o src/signal/sigignore.o src/signal/siginterrupt.o src/signal/sigismember.o src/signal/siglongjmp.o src/signal/signal.o src/signal/sigpause.o src/signal/sigpending.o src/signal/sigprocmask.o src/signal/sigqueue.o src/signal/sigrelse.o src/signal/sigrtmax.o src/signal/sigrtmin.o src/signal/sigset.o src/signal/sigsetjmp.o src/signal/sigsuspend.o src/signal/sigtimedwait.o src/signal/sigwait.o src/signal/sigwaitinfo.o src/stat/chmod.o src/stat/fchmod.o src/stat/fchmodat.o src/stat/fstat.o src/stat/fstatat.o src/stat/fstatvfs.o src/stat/lstat.o src/stat/mkdir.o src/stat/mkdirat.o src/stat/mkfifo.o src/stat/mkfifoat.o src/stat/mknod.o src/stat/mknodat.o src/stat/stat.o src/stat/statvfs.o src/stat/umask.o src/stdio/__fclose_ca.o src/stdio/__fdopen.o src/stdio/__fopen_rb_ca.o src/stdio/__fpending.o src/stdio/__ofl.o src/stdio/__overflow.o src/stdio/__scanf.o src/stdio/__stdio_close.o src/stdio/__stdio_read.o src/stdio/__stdio_seek.o src/stdio/__stdio_write.o src/stdio/__uflow.o src/stdio/__underflow.o src/stdio/asprintf.o src/stdio/clearerr.o src/stdio/dprintf.o src/stdio/fclose.o src/stdio/feof.o src/stdio/ferror.o src/stdio/fflush.o src/stdio/fgetc.o src/stdio/fgetpos.o src/stdio/fgets.o src/stdio/fgetwc.o src/stdio/fgetws.o src/stdio/fileno.o src/stdio/fmemopen.o src/stdio/fopen.o src/stdio/fprintf.o src/stdio/fputc.o src/stdio/fputs.o src/stdio/fputwc.o src/stdio/fputws.o src/stdio/fread.o src/stdio/freopen.o src/stdio/fscanf.o src/stdio/fseek.o src/stdio/fsetpos.o src/stdio/ftell.o src/stdio/fwide.o src/stdio/fwrite.o src/stdio/fwscanf.o src/stdio/getc.o src/stdio/getc_unlocked.o src/stdio/getchar.o src/stdio/getchar_unlocked.o src/stdio/getdelim.o src/stdio/getline.o src/stdio/gets.o src/stdio/getw.o src/stdio/getwc.o src/stdio/getwchar.o src/stdio/pclose.o src/stdio/perror.o src/stdio/popen.o src/stdio/printf.o src/stdio/putc.o src/stdio/putc_unlocked.o src/stdio/putchar.o src/stdio/putchar_unlocked.o src/stdio/puts.o src/stdio/putw.o src/stdio/putwc.o src/stdio/putwchar.o src/stdio/remove.o src/stdio/rename.o src/stdio/rewind.o src/stdio/scanf.o src/stdio/setbuf.o src/stdio/setvbuf.o src/stdio/snprintf.o src/stdio/sprintf.o src/stdio/sscanf.o src/stdio/stderr.o src/stdio/stdin.o src/stdio/stdout.o src/stdio/swscanf.o src/stdio/tempnam.o src/stdio/tmpfile.o src/stdio/tmpnam.o src/stdio/ungetc.o src/stdio/ungetwc.o src/stdio/vasprintf.o src/stdio/vdprintf.o src/stdio/vfprintf.o src/stdio/vfscanf.o src/stdio/vfwscanf.o src/stdio/vprintf.o src/stdio/vscanf.o src/stdio/vsnprintf.o src/stdio/vsprintf.o src/stdio/vsscanf.o src/stdio/vswscanf.o src/stdio/vwscanf.o src/stdio/wscanf.o src/stdlib/abs.o src/stdlib/atof.o src/stdlib/atoi.o src/stdlib/atol.o src/stdlib/atoll.o src/stdlib/bsearch.o src/stdlib/div.o src/stdlib/frexp.o src/stdlib/frexpf.o src/stdlib/frexpl.o src/stdlib/imaxabs.o src/stdlib/imaxdiv.o src/stdlib/labs.o src/stdlib/ldiv.o src/stdlib/llabs.o src/stdlib/lldiv.o src/stdlib/qsort.o src/stdlib/strtod.o src/stdlib/strtof.o src/stdlib/strtoimax.o src/stdlib/strtol.o src/stdlib/strtold.o src/stdlib/strtoll.o src/stdlib/strtoul.o src/stdlib/strtoull.o src/stdlib/strtoumax.o src/stdlib/wcstoimax.o src/stdlib/wcstol.o src/stdlib/wcstoll.o src/stdlib/wcstoul.o src/stdlib/wcstoull.o src/stdlib/wcstoumax.o src/string/bcmp.o src/string/bcopy.o src/string/bzero.o src/string/index.o src/string/memchr.o src/string/memcmp.o src/string/memcpy.o src/string/memmove.o src/string/mempcpy.o src/string/memset.o src/string/rindex.o src/string/stpcpy.o src/string/stpncpy.o src/string/strcasecmp.o src/string/strcasestr.o src/string/strcat.o src/string/strchr.o src/string/strchrnul.o src/string/strcmp.o src/string/strcpy.o src/string/strcspn.o src/string/strdup.o src/string/strerror_r.o src/string/strlcat.o src/string/strlcpy.o src/string/strlen.o src/string/strncasecmp.o src/string/strncat.o src/string/strncmp.o src/string/strncpy.o src/string/strndup.o src/string/strnlen.o src/string/strpbrk.o src/string/strrchr.o src/string/strsep.o src/string/strsignal.o src/string/strspn.o src/string/strstr.o src/string/strtok.o src/string/strtok_r.o src/string/swab.o src/string/wcscat.o src/string/wcschr.o src/string/wcscmp.o src/string/wcscpy.o src/string/wcscspn.o src/string/wcslen.o src/string/wcsncat.o src/string/wcsncmp.o src/string/wcsncpy.o src/string/wcspbrk.o src/string/wcsrchr.o src/string/wcsspn.o src/string/wcsstr.o src/string/wcswcs.o src/string/wmemchr.o src/string/wmemcmp.o src/string/wmemcpy.o src/string/wmemmove.o src/string/wmemset.o src/stub/utmpx.o src/temp/mkdtemp.o src/temp/mkstemp.o src/temp/mktemp.o src/termios/cfgetospeed.o src/termios/cfsetospeed.o src/termios/tcdrain.o src/termios/tcflow.o src/termios/tcflush.o src/termios/tcgetattr.o src/termios/tcgetsid.o src/termios/tcsendbreak.o src/termios/tcsetattr.o src/thread/__futex.o src/thread/__lock.o src/thread/__set_thread_area.o src/thread/__timedwait.o src/thread/__unmapself.o src/thread/__wait.o src/thread/__wake.o src/thread/cancellation.o src/thread/clone.o src/thread/pthread_attr_destroy.o src/thread/pthread_attr_getdetachstate.o src/thread/pthread_attr_getguardsize.o src/thread/pthread_attr_getscope.o src/thread/pthread_attr_getstacksize.o src/thread/pthread_attr_init.o src/thread/pthread_attr_setdetachstate.o src/thread/pthread_attr_setguardsize.o src/thread/pthread_attr_setscope.o src/thread/pthread_attr_setstacksize.o src/thread/pthread_barrier_destroy.o src/thread/pthread_barrier_init.o src/thread/pthread_barrier_wait.o src/thread/pthread_cancel.o src/thread/pthread_cond_broadcast.o src/thread/pthread_cond_destroy.o src/thread/pthread_cond_init.o src/thread/pthread_cond_signal.o src/thread/pthread_cond_timedwait.o src/thread/pthread_cond_wait.o src/thread/pthread_create.o src/thread/pthread_detach.o src/thread/pthread_equal.o src/thread/pthread_getspecific.o src/thread/pthread_join.o src/thread/pthread_key_create.o src/thread/pthread_key_delete.o src/thread/pthread_kill.o src/thread/pthread_mutex_destroy.o src/thread/pthread_mutex_init.o src/thread/pthread_mutex_lock.o src/thread/pthread_mutex_timedlock.o src/thread/pthread_mutex_trylock.o src/thread/pthread_mutex_unlock.o src/thread/pthread_mutexattr_destroy.o src/thread/pthread_mutexattr_gettype.o src/thread/pthread_mutexattr_init.o src/thread/pthread_mutexattr_settype.o src/thread/pthread_once.o src/thread/pthread_rwlock_destroy.o src/thread/pthread_rwlock_init.o src/thread/pthread_rwlock_rdlock.o src/thread/pthread_rwlock_timedrdlock.o src/thread/pthread_rwlock_timedwrlock.o src/thread/pthread_rwlock_tryrdlock.o src/thread/pthread_rwlock_trywrlock.o src/thread/pthread_rwlock_unlock.o src/thread/pthread_rwlock_wrlock.o src/thread/pthread_self.o src/thread/pthread_setcancelstate.o src/thread/pthread_setcanceltype.o src/thread/pthread_setspecific.o src/thread/pthread_spin_destroy.o src/thread/pthread_spin_init.o src/thread/pthread_spin_lock.o src/thread/pthread_spin_trylock.o src/thread/pthread_spin_unlock.o src/thread/pthread_testcancel.o src/time/__asctime.o src/time/__time_to_tm.o src/time/__tm_to_time.o src/time/asctime.o src/time/asctime_r.o src/time/clock.o src/time/clock_gettime.o src/time/ctime.o src/time/ctime_r.o src/time/difftime.o src/time/gettimeofday.o src/time/gmtime.o src/time/gmtime_r.o src/time/localtime.o src/time/localtime_r.o src/time/mktime.o src/time/nanosleep.o src/time/strftime.o src/time/strptime.o src/time/time.o src/time/times.o src/time/tzset.o src/time/utime.o src/unistd/_exit.o src/unistd/access.o src/unistd/alarm.o src/unistd/chdir.o src/unistd/chown.o src/unistd/close.o src/unistd/ctermid.o src/unistd/dup.o src/unistd/dup2.o src/unistd/faccessat.o src/unistd/fchdir.o src/unistd/fchown.o src/unistd/fchownat.o src/unistd/fdatasync.o src/unistd/fsync.o src/unistd/ftruncate.o src/unistd/getcwd.o src/unistd/getegid.o src/unistd/geteuid.o src/unistd/getgid.o src/unistd/getgroups.o src/unistd/gethostname.o src/unistd/getlogin.o src/unistd/getlogin_r.o src/unistd/getpgid.o src/unistd/getpgrp.o src/unistd/getpid.o src/unistd/getppid.o src/unistd/getsid.o src/unistd/getuid.o src/unistd/isatty.o src/unistd/lchown.o src/unistd/link.o src/unistd/linkat.o src/unistd/lseek.o src/unistd/nice.o src/unistd/pause.o src/unistd/pipe.o src/unistd/pread.o src/unistd/pwrite.o src/unistd/read.o src/unistd/readlink.o src/unistd/readlinkat.o src/unistd/readv.o src/unistd/renameat.o src/unistd/rmdir.o src/unistd/setegid.o src/unistd/seteuid.o src/unistd/setgid.o src/unistd/setpgid.o src/unistd/setpgrp.o src/unistd/setregid.o src/unistd/setreuid.o src/unistd/setsid.o src/unistd/setuid.o src/unistd/sleep.o src/unistd/symlink.o src/unistd/symlinkat.o src/unistd/sync.o src/unistd/tcgetpgrp.o src/unistd/tcsetpgrp.o src/unistd/truncate.o src/unistd/ttyname.o src/unistd/ttyname_r.o src/unistd/ualarm.o src/unistd/unlink.o src/unistd/unlinkat.o src/unistd/usleep.o src/unistd/write.o src/unistd/writev.o src/alloca86_64-bt.o src/alloca86_64.o src/libtcc1.o src/va_list.o src/syscall.o
+ ../../busybox install -D -m 644 lib/libc.a ../musl-bootstrap/lib/libc.a
+ ../tcc-0.9.27/tcc0 -Os -nostdinc -ffreestanding '-std=c99' '-D_XOPEN_SOURCE=700' -pipe -g -I./include -I./src/internal -I./arch/x86_64 -c -o crt/crt1.o crt/x86_64/crt1.s
+ ../../busybox cp crt/crt1.o lib/crt1.o
+ ../../busybox install -D -m 644 lib/crt1.o ../musl-bootstrap/lib/crt1.o
+ ../tcc-0.9.27/tcc0 -Os -nostdinc -ffreestanding '-std=c99' '-D_XOPEN_SOURCE=700' -pipe -g -I./include -I./src/internal -I./arch/x86_64 -c -o crt/crti.o crt/crti.c
+ ../../busybox cp crt/crti.o lib/crti.o
+ ../../busybox install -D -m 644 lib/crti.o ../musl-bootstrap/lib/crti.o
+ ../tcc-0.9.27/tcc0 -Os -nostdinc -ffreestanding '-std=c99' '-D_XOPEN_SOURCE=700' -pipe -g -I./include -I./src/internal -I./arch/x86_64 -c -o crt/crtn.o crt/crtn.c
+ ../../busybox cp crt/crtn.o lib/crtn.o
+ ../../busybox install -D -m 644 lib/crtn.o ../musl-bootstrap/lib/crtn.o
+ ../../busybox install -D -m 644 include/alloca.h ../musl-bootstrap/include/alloca.h
+ ../../busybox install -D -m 644 include/arpa/inet.h ../musl-bootstrap/include/arpa/inet.h
+ ../../busybox install -D -m 644 include/arpa/nameser.h ../musl-bootstrap/include/arpa/nameser.h
+ ../../busybox install -D -m 644 include/arpa/telnet.h ../musl-bootstrap/include/arpa/telnet.h
+ ../../busybox install -D -m 644 include/assert.h ../musl-bootstrap/include/assert.h
+ ../../busybox install -D -m 644 include/bits/alltypes.h ../musl-bootstrap/include/bits/alltypes.h
+ ../../busybox install -D -m 644 include/byteswap.h ../musl-bootstrap/include/byteswap.h
+ ../../busybox install -D -m 644 include/cpio.h ../musl-bootstrap/include/cpio.h
+ ../../busybox install -D -m 644 include/ctype.h ../musl-bootstrap/include/ctype.h
+ ../../busybox install -D -m 644 include/dirent.h ../musl-bootstrap/include/dirent.h
+ ../../busybox install -D -m 644 include/elf.h ../musl-bootstrap/include/elf.h
+ ../../busybox install -D -m 644 include/endian.h ../musl-bootstrap/include/endian.h
+ ../../busybox install -D -m 644 include/errno.h ../musl-bootstrap/include/errno.h
+ ../../busybox install -D -m 644 include/fcntl.h ../musl-bootstrap/include/fcntl.h
+ ../../busybox install -D -m 644 include/features.h ../musl-bootstrap/include/features.h
+ ../../busybox install -D -m 644 include/fenv.h ../musl-bootstrap/include/fenv.h
+ ../../busybox install -D -m 644 include/float.h ../musl-bootstrap/include/float.h
+ ../../busybox install -D -m 644 include/fnmatch.h ../musl-bootstrap/include/fnmatch.h
+ ../../busybox install -D -m 644 include/ftw.h ../musl-bootstrap/include/ftw.h
+ ../../busybox install -D -m 644 include/getopt.h ../musl-bootstrap/include/getopt.h
+ ../../busybox install -D -m 644 include/glob.h ../musl-bootstrap/include/glob.h
+ ../../busybox install -D -m 644 include/grp.h ../musl-bootstrap/include/grp.h
+ ../../busybox install -D -m 644 include/iconv.h ../musl-bootstrap/include/iconv.h
+ ../../busybox install -D -m 644 include/inttypes.h ../musl-bootstrap/include/inttypes.h
+ ../../busybox install -D -m 644 include/iso646.h ../musl-bootstrap/include/iso646.h
+ ../../busybox install -D -m 644 include/langinfo.h ../musl-bootstrap/include/langinfo.h
+ ../../busybox install -D -m 644 include/libgen.h ../musl-bootstrap/include/libgen.h
+ ../../busybox install -D -m 644 include/libintl.h ../musl-bootstrap/include/libintl.h
+ ../../busybox install -D -m 644 include/limits.h ../musl-bootstrap/include/limits.h
+ ../../busybox install -D -m 644 include/linux/loop.h ../musl-bootstrap/include/linux/loop.h
+ ../../busybox install -D -m 644 include/linux/version.h ../musl-bootstrap/include/linux/version.h
+ ../../busybox install -D -m 644 include/locale.h ../musl-bootstrap/include/locale.h
+ ../../busybox install -D -m 644 include/malloc.h ../musl-bootstrap/include/malloc.h
+ ../../busybox install -D -m 644 include/math.h ../musl-bootstrap/include/math.h
+ ../../busybox install -D -m 644 include/mntent.h ../musl-bootstrap/include/mntent.h
+ ../../busybox install -D -m 644 include/net/ethernet.h ../musl-bootstrap/include/net/ethernet.h
+ ../../busybox install -D -m 644 include/net/if.h ../musl-bootstrap/include/net/if.h
+ ../../busybox install -D -m 644 include/net/if_arp.h ../musl-bootstrap/include/net/if_arp.h
+ ../../busybox install -D -m 644 include/net/route.h ../musl-bootstrap/include/net/route.h
+ ../../busybox install -D -m 644 include/netdb.h ../musl-bootstrap/include/netdb.h
+ ../../busybox install -D -m 644 include/netinet/icmp6.h ../musl-bootstrap/include/netinet/icmp6.h
+ ../../busybox install -D -m 644 include/netinet/if_ether.h ../musl-bootstrap/include/netinet/if_ether.h
+ ../../busybox install -D -m 644 include/netinet/in.h ../musl-bootstrap/include/netinet/in.h
+ ../../busybox install -D -m 644 include/netinet/ip.h ../musl-bootstrap/include/netinet/ip.h
+ ../../busybox install -D -m 644 include/netinet/ip6.h ../musl-bootstrap/include/netinet/ip6.h
+ ../../busybox install -D -m 644 include/netinet/ip_icmp.h ../musl-bootstrap/include/netinet/ip_icmp.h
+ ../../busybox install -D -m 644 include/netinet/tcp.h ../musl-bootstrap/include/netinet/tcp.h
+ ../../busybox install -D -m 644 include/netinet/udp.h ../musl-bootstrap/include/netinet/udp.h
+ ../../busybox install -D -m 644 include/nl_types.h ../musl-bootstrap/include/nl_types.h
+ ../../busybox install -D -m 644 include/paths.h ../musl-bootstrap/include/paths.h
+ ../../busybox install -D -m 644 include/poll.h ../musl-bootstrap/include/poll.h
+ ../../busybox install -D -m 644 include/pthread.h ../musl-bootstrap/include/pthread.h
+ ../../busybox install -D -m 644 include/pty.h ../musl-bootstrap/include/pty.h
+ ../../busybox install -D -m 644 include/pwd.h ../musl-bootstrap/include/pwd.h
+ ../../busybox install -D -m 644 include/regex.h ../musl-bootstrap/include/regex.h
+ ../../busybox install -D -m 644 include/resolv.h ../musl-bootstrap/include/resolv.h
+ ../../busybox install -D -m 644 include/sched.h ../musl-bootstrap/include/sched.h
+ ../../busybox install -D -m 644 include/search.h ../musl-bootstrap/include/search.h
+ ../../busybox install -D -m 644 include/semaphore.h ../musl-bootstrap/include/semaphore.h
+ ../../busybox install -D -m 644 include/setjmp.h ../musl-bootstrap/include/setjmp.h
+ ../../busybox install -D -m 644 include/shadow.h ../musl-bootstrap/include/shadow.h
+ ../../busybox install -D -m 644 include/signal.h ../musl-bootstrap/include/signal.h
+ ../../busybox install -D -m 644 include/stdarg.h ../musl-bootstrap/include/stdarg.h
+ ../../busybox install -D -m 644 include/stdbool.h ../musl-bootstrap/include/stdbool.h
+ ../../busybox install -D -m 644 include/stddef.h ../musl-bootstrap/include/stddef.h
+ ../../busybox install -D -m 644 include/stdint.h ../musl-bootstrap/include/stdint.h
+ ../../busybox install -D -m 644 include/stdio.h ../musl-bootstrap/include/stdio.h
+ ../../busybox install -D -m 644 include/stdlib.h ../musl-bootstrap/include/stdlib.h
+ ../../busybox install -D -m 644 include/string.h ../musl-bootstrap/include/string.h
+ ../../busybox install -D -m 644 include/strings.h ../musl-bootstrap/include/strings.h
+ ../../busybox install -D -m 644 include/stropts.h ../musl-bootstrap/include/stropts.h
+ ../../busybox install -D -m 644 include/sys/epoll.h ../musl-bootstrap/include/sys/epoll.h
+ ../../busybox install -D -m 644 include/sys/file.h ../musl-bootstrap/include/sys/file.h
+ ../../busybox install -D -m 644 include/sys/ioctl.h ../musl-bootstrap/include/sys/ioctl.h
+ ../../busybox install -D -m 644 include/sys/ipc.h ../musl-bootstrap/include/sys/ipc.h
+ ../../busybox install -D -m 644 include/sys/kd.h ../musl-bootstrap/include/sys/kd.h
+ ../../busybox install -D -m 644 include/sys/klog.h ../musl-bootstrap/include/sys/klog.h
+ ../../busybox install -D -m 644 include/sys/mman.h ../musl-bootstrap/include/sys/mman.h
+ ../../busybox install -D -m 644 include/sys/mount.h ../musl-bootstrap/include/sys/mount.h
+ ../../busybox install -D -m 644 include/sys/msg.h ../musl-bootstrap/include/sys/msg.h
+ ../../busybox install -D -m 644 include/sys/mtio.h ../musl-bootstrap/include/sys/mtio.h
+ ../../busybox install -D -m 644 include/sys/param.h ../musl-bootstrap/include/sys/param.h
+ ../../busybox install -D -m 644 include/sys/poll.h ../musl-bootstrap/include/sys/poll.h
+ ../../busybox install -D -m 644 include/sys/prctl.h ../musl-bootstrap/include/sys/prctl.h
+ ../../busybox install -D -m 644 include/sys/procfs.h ../musl-bootstrap/include/sys/procfs.h
+ ../../busybox install -D -m 644 include/sys/ptrace.h ../musl-bootstrap/include/sys/ptrace.h
+ ../../busybox install -D -m 644 include/sys/reboot.h ../musl-bootstrap/include/sys/reboot.h
+ ../../busybox install -D -m 644 include/sys/reg.h ../musl-bootstrap/include/sys/reg.h
+ ../../busybox install -D -m 644 include/sys/resource.h ../musl-bootstrap/include/sys/resource.h
+ ../../busybox install -D -m 644 include/sys/select.h ../musl-bootstrap/include/sys/select.h
+ ../../busybox install -D -m 644 include/sys/sem.h ../musl-bootstrap/include/sys/sem.h
+ ../../busybox install -D -m 644 include/sys/shm.h ../musl-bootstrap/include/sys/shm.h
+ ../../busybox install -D -m 644 include/sys/signalfd.h ../musl-bootstrap/include/sys/signalfd.h
+ ../../busybox install -D -m 644 include/sys/socket.h ../musl-bootstrap/include/sys/socket.h
+ ../../busybox install -D -m 644 include/sys/soundcard.h ../musl-bootstrap/include/sys/soundcard.h
+ ../../busybox install -D -m 644 include/sys/stat.h ../musl-bootstrap/include/sys/stat.h
+ ../../busybox install -D -m 644 include/sys/statfs.h ../musl-bootstrap/include/sys/statfs.h
+ ../../busybox install -D -m 644 include/sys/statvfs.h ../musl-bootstrap/include/sys/statvfs.h
+ ../../busybox install -D -m 644 include/sys/stropts.h ../musl-bootstrap/include/sys/stropts.h
+ ../../busybox install -D -m 644 include/sys/swap.h ../musl-bootstrap/include/sys/swap.h
+ ../../busybox install -D -m 644 include/sys/sysctl.h ../musl-bootstrap/include/sys/sysctl.h
+ ../../busybox install -D -m 644 include/sys/sysinfo.h ../musl-bootstrap/include/sys/sysinfo.h
+ ../../busybox install -D -m 644 include/sys/sysmacros.h ../musl-bootstrap/include/sys/sysmacros.h
+ ../../busybox install -D -m 644 include/sys/time.h ../musl-bootstrap/include/sys/time.h
+ ../../busybox install -D -m 644 include/sys/times.h ../musl-bootstrap/include/sys/times.h
+ ../../busybox install -D -m 644 include/sys/types.h ../musl-bootstrap/include/sys/types.h
+ ../../busybox install -D -m 644 include/sys/ucontext.h ../musl-bootstrap/include/sys/ucontext.h
+ ../../busybox install -D -m 644 include/sys/uio.h ../musl-bootstrap/include/sys/uio.h
+ ../../busybox install -D -m 644 include/sys/un.h ../musl-bootstrap/include/sys/un.h
+ ../../busybox install -D -m 644 include/sys/user.h ../musl-bootstrap/include/sys/user.h
+ ../../busybox install -D -m 644 include/sys/utsname.h ../musl-bootstrap/include/sys/utsname.h
+ ../../busybox install -D -m 644 include/sys/vfs.h ../musl-bootstrap/include/sys/vfs.h
+ ../../busybox install -D -m 644 include/sys/vt.h ../musl-bootstrap/include/sys/vt.h
+ ../../busybox install -D -m 644 include/sys/wait.h ../musl-bootstrap/include/sys/wait.h
+ ../../busybox install -D -m 644 include/syslog.h ../musl-bootstrap/include/syslog.h
+ ../../busybox install -D -m 644 include/tar.h ../musl-bootstrap/include/tar.h
+ ../../busybox install -D -m 644 include/termios.h ../musl-bootstrap/include/termios.h
+ ../../busybox install -D -m 644 include/time.h ../musl-bootstrap/include/time.h
+ ../../busybox install -D -m 644 include/ucontext.h ../musl-bootstrap/include/ucontext.h
+ ../../busybox install -D -m 644 include/ulimit.h ../musl-bootstrap/include/ulimit.h
+ ../../busybox install -D -m 644 include/unistd.h ../musl-bootstrap/include/unistd.h
+ ../../busybox install -D -m 644 include/utime.h ../musl-bootstrap/include/utime.h
+ ../../busybox install -D -m 644 include/utmp.h ../musl-bootstrap/include/utmp.h
+ ../../busybox install -D -m 644 include/utmpx.h ../musl-bootstrap/include/utmpx.h
+ ../../busybox install -D -m 644 include/wchar.h ../musl-bootstrap/include/wchar.h
+ ../../busybox install -D -m 644 include/wctype.h ../musl-bootstrap/include/wctype.h
+ ../../busybox install -D -m 644 include/wordexp.h ../musl-bootstrap/include/wordexp.h
+ cd tcc-0.9.27
+ ./tcc0 -nostdinc -nostdlib -B ../tcc-bootstrap -I ../musl-bootstrap/include tcc.c ../musl-bootstrap/lib/crt1.o ../musl-bootstrap/lib/crti.o ../musl-bootstrap/lib/crtn.o ../musl-bootstrap/lib/libc.a -o tcc
In file included from tcc.c:21:
In file included from tcc.h:27:
../musl-bootstrap/include/stdlib.h:84: error: include file 'bits/wexitstatus.h' not found
Error: Tried to longjmp from libtcc.c:548 with value 1
+ ../busybox mkdir -p musl-bootstrap-final/include
+ ../busybox mkdir -p musl-bootstrap-final/bin
+ ../busybox mkdir -p musl-bootstrap-final/lib
+ cd musl-final
+ ./build.sh
+ ../../busybox ln -sf ../arch/x86_64/bits include/bits
+ ../../busybox ash include/bits/alltypes.h.sh
include/bits/alltypes.h.sh: line 2: sed: not found
+ ../tcc-0.9.27/tcc -Os -nostdinc -ffreestanding '-std=c99' '-D_XOPEN_SOURCE=700' -pipe -g -I./include -I./src/internal -I./arch/x86_64 -c -o src/conf/confstr.o src/conf/confstr.c
./build.sh: line 4: ../tcc-0.9.27/tcc: not found
+ ../tcc-0.9.27/tcc -Os -nostdinc -ffreestanding '-std=c99' '-D_XOPEN_SOURCE=700' -pipe -g -I./include -I./src/internal -I./arch/x86_64 -c -o src/conf/fpathconf.o src/conf/fpathconf.c
./build.sh: line 5: ../tcc-0.9.27/tcc: not found
+ ../tcc-0.9.27/tcc -Os -nostdinc -ffreestanding '-std=c99' '-D_XOPEN_SOURCE=700' -pipe -g -I./include -I./src/internal -I./arch/x86_64 -c -o src/conf/pathconf.o src/conf/pathconf.c
./build.sh: line 6: ../tcc-0.9.27/tcc: not found
+ ../tcc-0.9.27/tcc -Os -nostdinc -ffreestanding '-std=c99' '-D_XOPEN_SOURCE=700' -pipe -g -I./include -I./src/internal -I./arch/x86_64 -c -o src/conf/sysconf.o src/conf/sysconf.c
./build.sh: line 7: ../tcc-0.9.27/tcc: not found
+ ../tcc-0.9.27/tcc -Os -nostdinc -ffreestanding '-std=c99' '-D_XOPEN_SOURCE=700' -pipe -g -I./include -I./src/internal -I./arch/x86_64 -c -o src/ctype/__ctype_get_mb_cur_max.o src/ctype/__ctype_get_mb_cur_max.c
./build.sh: line 8: ../tcc-0.9.27/tcc: not found
+ ../tcc-0.9.27/tcc -Os -nostdinc -ffreestanding '-std=c99' '-D_XOPEN_SOURCE=700' -pipe -g -I./include -I./src/internal -I./arch/x86_64 -c -o src/ctype/isalnum.o src/ctype/isalnum.c
./build.sh: line 9: ../tcc-0.9.27/tcc: not found
+ ../tcc-0.9.27/tcc -Os -nostdinc -ffreestanding '-std=c99' '-D_XOPEN_SOURCE=700' -pipe -g -I./include -I./src/internal -I./arch/x86_64 -c -o src/ctype/isalpha.o src/ctype/isalpha.c
./build.sh: line 10: ../tcc-0.9.27/tcc: not found
+ ../tcc-0.9.27/tcc -Os -nostdinc -ffreestanding '-std=c99' '-D_XOPEN_SOURCE=700' -pipe -g -I./include -I./src/internal -I./arch/x86_64 -c -o src/ctype/isascii.o src/ctype/isascii.c
./build.sh: line 11: ../tcc-0.9.27/tcc: not found
+ ../tcc-0.9.27/tcc -Os -nostdinc -ffreestanding '-std=c99' '-D_XOPEN_SOURCE=700' -pipe -g -I./include -I./src/internal -I./arch/x86_64 -c -o src/ctype/isblank.o src/ctype/isblank.c
./build.sh: line 12: ../tcc-0.9.27/tcc: not found
+ ../tcc-0.9.27/tcc -Os -nostdinc -ffreestanding '-std=c99' '-D_XOPEN_SOURCE=700' -pipe -g -I./include -I./src/internal -I./arch/x86_64 -c -o src/ctype/iscntrl.o src/ctype/iscntrl.c
./build.sh: line 13: ../tcc-0.9.27/tcc: not found
+ ../tcc-0.9.27/tcc -Os -nostdinc -ffreestanding '-std=c99' '-D_XOPEN_SOURCE=700' -pipe -g -I./include -I./src/internal -I./arch/x86_64 -c -o src/ctype/isdigit.o src/ctype/isdigit.c
./build.sh: line 14: ../tcc-0.9.27/tcc: not found
+ ../tcc-0.9.27/tcc -Os -nostdinc -ffreestanding '-std=c99' '-D_XOPEN_SOURCE=700' -pipe -g -I./include -I./src/internal -I./arch/x86_64 -c -o src/ctype/isgraph.o src/ctype/isgraph.c
./build.sh: line 15: ../tcc-0.9.27/tcc: not found
+ ../tcc-0.9.27/tcc -Os -nostdinc -ffreestanding '-std=c99' '-D_XOPEN_SOURCE=700' -pipe -g -I./include -I./src/internal -I./arch/x86_64 -c -o src/ctype/islower.o src/ctype/islower.c
./build.sh: line 16: ../tcc-0.9.27/tcc: not found
+ ../tcc-0.9.27/tcc -Os -nostdinc -ffreestanding '-std=c99' '-D_XOPEN_SOURCE=700' -pipe -g -I./include -I./src/internal -I./arch/x86_64 -c -o src/ctype/isprint.o src/ctype/isprint.c
./build.sh: line 17: ../tcc-0.9.27/tcc: not found
+ ../tcc-0.9.27/tcc -Os -nostdinc -ffreestanding '-std=c99' '-D_XOPEN_SOURCE=700' -pipe -g -I./include -I./src/internal -I./arch/x86_64 -c -o src/ctype/ispunct.o src/ctype/ispunct.c
./build.sh: line 18: ../tcc-0.9.27/tcc: not found
+ ../tcc-0.9.27/tcc -Os -nostdinc -ffreestanding '-std=c99' '-D_XOPEN_SOURCE=700' -pipe -g -I./include -I./src/internal -I./arch/x86_64 -c -o src/ctype/isspace.o src/ctype/isspace.c
./build.sh: line 19: ../tcc-0.9.27/tcc: not found
+ ../tcc-0.9.27/tcc -Os -nostdinc -ffreestanding '-std=c99' '-D_XOPEN_SOURCE=700' -pipe -g -I./include -I./src/internal -I./arch/x86_64 -c -o src/ctype/isupper.o src/ctype/isupper.c
./build.sh: line 20: ../tcc-0.9.27/tcc: not found
+ ../tcc-0.9.27/tcc -Os -nostdinc -ffreestanding '-std=c99' '-D_XOPEN_SOURCE=700' -pipe -g -I./include -I./src/internal -I./arch/x86_64 -c -o src/ctype/iswalnum.o src/ctype/iswalnum.c
./build.sh: line 21: ../tcc-0.9.27/tcc: not found
+ ../tcc-0.9.27/tcc -Os -nostdinc -ffreestanding '-std=c99' '-D_XOPEN_SOURCE=700' -pipe -g -I./include -I./src/internal -I./arch/x86_64 -c -o src/ctype/iswalpha.o src/ctype/iswalpha.c
./build.sh: line 22: ../tcc-0.9.27/tcc: not found
+ ../tcc-0.9.27/tcc -Os -nostdinc -ffreestanding '-std=c99' '-D_XOPEN_SOURCE=700' -pipe -g -I./include -I./src/internal -I./arch/x86_64 -c -o src/ctype/iswblank.o src/ctype/iswblank.c
./build.sh: line 23: ../tcc-0.9.27/tcc: not found
+ ../tcc-0.9.27/tcc -Os -nostdinc -ffreestanding '-std=c99' '-D_XOPEN_SOURCE=700' -pipe -g -I./include -I./src/internal -I./arch/x86_64 -c -o src/ctype/iswcntrl.o src/ctype/iswcntrl.c
./build.sh: line 24: ../tcc-0.9.27/tcc: not found
+ ../tcc-0.9.27/tcc -Os -nostdinc -ffreestanding '-std=c99' '-D_XOPEN_SOURCE=700' -pipe -g -I./include -I./src/internal -I./arch/x86_64 -c -o src/ctype/iswctype.o src/ctype/iswctype.c
./build.sh: line 25: ../tcc-0.9.27/tcc: not found
+ ../tcc-0.9.27/tcc -Os -nostdinc -ffreestanding '-std=c99' '-D_XOPEN_SOURCE=700' -pipe -g -I./include -I./src/internal -I./arch/x86_64 -c -o src/ctype/iswdigit.o src/ctype/iswdigit.c
./build.sh: line 26: ../tcc-0.9.27/tcc: not found
+ ../tcc-0.9.27/tcc -Os -nostdinc -ffreestanding '-std=c99' '-D_XOPEN_SOURCE=700' -pipe -g -I./include -I./src/internal -I./arch/x86_64 -c -o src/ctype/iswgraph.o src/ctype/iswgraph.c
./build.sh: line 27: ../tcc-0.9.27/tcc: not found
+ ../tcc-0.9.27/tcc -Os -nostdinc -ffreestanding '-std=c99' '-D_XOPEN_SOURCE=700' -pipe -g -I./include -I./src/internal -I./arch/x86_64 -c -o src/ctype/iswlower.o src/ctype/iswlower.c
./build.sh: line 28: ../tcc-0.9.27/tcc: not found
+ ../tcc-0.9.27/tcc -Os -nostdinc -ffreestanding '-std=c99' '-D_XOPEN_SOURCE=700' -pipe -g -I./include -I./src/internal -I./arch/x86_64 -c -o src/ctype/iswprint.o src/ctype/iswprint.c
./build.sh: line 29: ../tcc-0.9.27/tcc: not found
+ ../tcc-0.9.27/tcc -Os -nostdinc -ffreestanding '-std=c99' '-D_XOPEN_SOURCE=700' -pipe -g -I./include -I./src/internal -I./arch/x86_64 -c -o src/ctype/iswpunct.o src/ctype/iswpunct.c
./build.sh: line 30: ../tcc-0.9.27/tcc: not found
+ ../tcc-0.9.27/tcc -Os -nostdinc -ffreestanding '-std=c99' '-D_XOPEN_SOURCE=700' -pipe -g -I./include -I./src/internal -I./arch/x86_64 -c -o src/ctype/iswspace.o src/ctype/iswspace.c
./build.sh: line 31: ../tcc-0.9.27/tcc: not found
+ ../tcc-0.9.27/tcc -Os -nostdinc -ffreestanding '-std=c99' '-D_XOPEN_SOURCE=700' -pipe -g -I./include -I./src/internal -I./arch/x86_64 -c -o src/ctype/iswupper.o src/ctype/iswupper.c
./build.sh: line 32: ../tcc-0.9.27/tcc: not found
+ ../tcc-0.9.27/tcc -Os -nostdinc -ffreestanding '-std=c99' '-D_XOPEN_SOURCE=700' -pipe -g -I./include -I./src/internal -I./arch/x86_64 -c -o src/ctype/iswxdigit.o src/ctype/iswxdigit.c
./build.sh: line 33: ../tcc-0.9.27/tcc: not found
+ ../tcc-0.9.27/tcc -Os -nostdinc -ffreestanding '-std=c99' '-D_XOPEN_SOURCE=700' -pipe -g -I./include -I./src/internal -I./arch/x86_64 -c -o src/ctype/isxdigit.o src/ctype/isxdigit.c
./build.sh: line 34: ../tcc-0.9.27/tcc: not found
+ ../tcc-0.9.27/tcc -Os -nostdinc -ffreestanding '-std=c99' '-D_XOPEN_SOURCE=700' -pipe -g -I./include -I./src/internal -I./arch/x86_64 -c -o src/ctype/toascii.o src/ctype/toascii.c
./build.sh: line 35: ../tcc-0.9.27/tcc: not found
+ ../tcc-0.9.27/tcc -Os -nostdinc -ffreestanding '-std=c99' '-D_XOPEN_SOURCE=700' -pipe -g -I./include -I./src/internal -I./arch/x86_64 -c -o src/ctype/tolower.o src/ctype/tolower.c
./build.sh: line 36: ../tcc-0.9.27/tcc: not found
+ ../tcc-0.9.27/tcc -Os -nostdinc -ffreestanding '-std=c99' '-D_XOPEN_SOURCE=700' -pipe -g -I./include -I./src/internal -I./arch/x86_64 -c -o src/ctype/toupper.o src/ctype/toupper.c
./build.sh: line 37: ../tcc-0.9.27/tcc: not found
+ ../tcc-0.9.27/tcc -Os -nostdinc -ffreestanding '-std=c99' '-D_XOPEN_SOURCE=700' -pipe -g -I./include -I./src/internal -I./arch/x86_64 -c -o src/ctype/towctrans.o src/ctype/towctrans.c
./build.sh: line 38: ../tcc-0.9.27/tcc: not found
+ ../tcc-0.9.27/tcc -Os -nostdinc -ffreestanding '-std=c99' '-D_XOPEN_SOURCE=700' -pipe -g -I./include -I./src/internal -I./arch/x86_64 -c -o src/ctype/wcswidth.o src/ctype/wcswidth.c
./build.sh: line 39: ../tcc-0.9.27/tcc: not found
+ ../tcc-0.9.27/tcc -Os -nostdinc -ffreestanding '-std=c99' '-D_XOPEN_SOURCE=700' -pipe -g -I./include -I./src/internal -I./arch/x86_64 -c -o src/ctype/wctrans.o src/ctype/wctrans.c
./build.sh: line 40: ../tcc-0.9.27/tcc: not found
+ ../tcc-0.9.27/tcc -Os -nostdinc -ffreestanding '-std=c99' '-D_XOPEN_SOURCE=700' -pipe -g -I./include -I./src/internal -I./arch/x86_64 -c -o src/ctype/wcwidth.o src/ctype/wcwidth.c
./build.sh: line 41: ../tcc-0.9.27/tcc: not found
+ ../tcc-0.9.27/tcc -Os -nostdinc -ffreestanding '-std=c99' '-D_XOPEN_SOURCE=700' -pipe -g -I./include -I./src/internal -I./arch/x86_64 -c -o src/dirent/__getdents.o src/dirent/__getdents.c
./build.sh: line 42: ../tcc-0.9.27/tcc: not found
+ ../tcc-0.9.27/tcc -Os -nostdinc -ffreestanding '-std=c99' '-D_XOPEN_SOURCE=700' -pipe -g -I./include -I./src/internal -I./arch/x86_64 -c -o src/dirent/alphasort.o src/dirent/alphasort.c
./build.sh: line 43: ../tcc-0.9.27/tcc: not found
+ ../tcc-0.9.27/tcc -Os -nostdinc -ffreestanding '-std=c99' '-D_XOPEN_SOURCE=700' -pipe -g -I./include -I./src/internal -I./arch/x86_64 -c -o src/dirent/closedir.o src/dirent/closedir.c
./build.sh: line 44: ../tcc-0.9.27/tcc: not found
+ ../tcc-0.9.27/tcc -Os -nostdinc -ffreestanding '-std=c99' '-D_XOPEN_SOURCE=700' -pipe -g -I./include -I./src/internal -I./arch/x86_64 -c -o src/dirent/dirfd.o src/dirent/dirfd.c
./build.sh: line 45: ../tcc-0.9.27/tcc: not found
+ ../tcc-0.9.27/tcc -Os -nostdinc -ffreestanding '-std=c99' '-D_XOPEN_SOURCE=700' -pipe -g -I./include -I./src/internal -I./arch/x86_64 -c -o src/dirent/fdopendir.o src/dirent/fdopendir.c
./build.sh: line 46: ../tcc-0.9.27/tcc: not found
+ ../tcc-0.9.27/tcc -Os -nostdinc -ffreestanding '-std=c99' '-D_XOPEN_SOURCE=700' -pipe -g -I./include -I./src/internal -I./arch/x86_64 -c -o src/dirent/opendir.o src/dirent/opendir.c
./build.sh: line 47: ../tcc-0.9.27/tcc: not found
+ ../tcc-0.9.27/tcc -Os -nostdinc -ffreestanding '-std=c99' '-D_XOPEN_SOURCE=700' -pipe -g -I./include -I./src/internal -I./arch/x86_64 -c -o src/dirent/readdir.o src/dirent/readdir.c
./build.sh: line 48: ../tcc-0.9.27/tcc: not found
+ ../tcc-0.9.27/tcc -Os -nostdinc -ffreestanding '-std=c99' '-D_XOPEN_SOURCE=700' -pipe -g -I./include -I./src/internal -I./arch/x86_64 -c -o src/dirent/readdir_r.o src/dirent/readdir_r.c
./build.sh: line 49: ../tcc-0.9.27/tcc: not found
+ ../tcc-0.9.27/tcc -Os -nostdinc -ffreestanding '-std=c99' '-D_XOPEN_SOURCE=700' -pipe -g -I./include -I./src/internal -I./arch/x86_64 -c -o src/dirent/rewinddir.o src/dirent/rewinddir.c
./build.sh: line 50: ../tcc-0.9.27/tcc: not found
+ ../tcc-0.9.27/tcc -Os -nostdinc -ffreestanding '-std=c99' '-D_XOPEN_SOURCE=700' -pipe -g -I./include -I./src/internal -I./arch/x86_64 -c -o src/dirent/scandir.o src/dirent/scandir.c
./build.sh: line 51: ../tcc-0.9.27/tcc: not found
+ ../tcc-0.9.27/tcc -Os -nostdinc -ffreestanding '-std=c99' '-D_XOPEN_SOURCE=700' -pipe -g -I./include -I./src/internal -I./arch/x86_64 -c -o src/dirent/seekdir.o src/dirent/seekdir.c
./build.sh: line 52: ../tcc-0.9.27/tcc: not found
+ ../tcc-0.9.27/tcc -Os -nostdinc -ffreestanding '-std=c99' '-D_XOPEN_SOURCE=700' -pipe -g -I./include -I./src/internal -I./arch/x86_64 -c -o src/dirent/telldir.o src/dirent/telldir.c
./build.sh: line 53: ../tcc-0.9.27/tcc: not found
+ ../tcc-0.9.27/tcc -Os -nostdinc -ffreestanding '-std=c99' '-D_XOPEN_SOURCE=700' -pipe -g -I./include -I./src/internal -I./arch/x86_64 -c -o src/env/__environ.o src/env/__environ.c
./build.sh: line 54: ../tcc-0.9.27/tcc: not found
+ ../tcc-0.9.27/tcc -Os -nostdinc -ffreestanding '-std=c99' '-D_XOPEN_SOURCE=700' -pipe -g -I./include -I./src/internal -I./arch/x86_64 -c -o src/env/__libc_start_main.o src/env/__libc_start_main.c
./build.sh: line 55: ../tcc-0.9.27/tcc: not found
+ ../tcc-0.9.27/tcc -Os -nostdinc -ffreestanding '-std=c99' '-D_XOPEN_SOURCE=700' -pipe -g -I./include -I./src/internal -I./arch/x86_64 -c -o src/env/clearenv.o src/env/clearenv.c
./build.sh: line 56: ../tcc-0.9.27/tcc: not found
+ ../tcc-0.9.27/tcc -Os -nostdinc -ffreestanding '-std=c99' '-D_XOPEN_SOURCE=700' -pipe -g -I./include -I./src/internal -I./arch/x86_64 -c -o src/env/getenv.o src/env/getenv.c
./build.sh: line 57: ../tcc-0.9.27/tcc: not found
+ ../tcc-0.9.27/tcc -Os -nostdinc -ffreestanding '-std=c99' '-D_XOPEN_SOURCE=700' -pipe -g -I./include -I./src/internal -I./arch/x86_64 -c -o src/env/putenv.o src/env/putenv.c
./build.sh: line 58: ../tcc-0.9.27/tcc: not found
+ ../tcc-0.9.27/tcc -Os -nostdinc -ffreestanding '-std=c99' '-D_XOPEN_SOURCE=700' -pipe -g -I./include -I./src/internal -I./arch/x86_64 -c -o src/env/setenv.o src/env/setenv.c
./build.sh: line 59: ../tcc-0.9.27/tcc: not found
+ ../tcc-0.9.27/tcc -Os -nostdinc -ffreestanding '-std=c99' '-D_XOPEN_SOURCE=700' -pipe -g -I./include -I./src/internal -I./arch/x86_64 -c -o src/env/unsetenv.o src/env/unsetenv.c
./build.sh: line 60: ../tcc-0.9.27/tcc: not found
+ ../tcc-0.9.27/tcc -Os -nostdinc -ffreestanding '-std=c99' '-D_XOPEN_SOURCE=700' -pipe -g -I./include -I./src/internal -I./arch/x86_64 -c -o src/errno/__errno_location.o src/errno/__errno_location.c
./build.sh: line 61: ../tcc-0.9.27/tcc: not found
+ ../tcc-0.9.27/tcc -Os -nostdinc -ffreestanding '-std=c99' '-D_XOPEN_SOURCE=700' -pipe -g -I./include -I./src/internal -I./arch/x86_64 -c -o src/errno/strerror.o src/errno/strerror.c
./build.sh: line 62: ../tcc-0.9.27/tcc: not found
+ ../tcc-0.9.27/tcc -Os -nostdinc -ffreestanding '-std=c99' '-D_XOPEN_SOURCE=700' -pipe -g -I./include -I./src/internal -I./arch/x86_64 -c -o src/exit/_Exit.o src/exit/_Exit.c
./build.sh: line 63: ../tcc-0.9.27/tcc: not found
+ ../tcc-0.9.27/tcc -Os -nostdinc -ffreestanding '-std=c99' '-D_XOPEN_SOURCE=700' -pipe -g -I./include -I./src/internal -I./arch/x86_64 -c -o src/exit/abort.o src/exit/abort.c
./build.sh: line 64: ../tcc-0.9.27/tcc: not found
+ ../tcc-0.9.27/tcc -Os -nostdinc -ffreestanding '-std=c99' '-D_XOPEN_SOURCE=700' -pipe -g -I./include -I./src/internal -I./arch/x86_64 -c -o src/exit/assert.o src/exit/assert.c
./build.sh: line 65: ../tcc-0.9.27/tcc: not found
+ ../tcc-0.9.27/tcc -Os -nostdinc -ffreestanding '-std=c99' '-D_XOPEN_SOURCE=700' -pipe -g -I./include -I./src/internal -I./arch/x86_64 -c -o src/exit/atexit.o src/exit/atexit.c
./build.sh: line 66: ../tcc-0.9.27/tcc: not found
+ ../tcc-0.9.27/tcc -Os -nostdinc -ffreestanding '-std=c99' '-D_XOPEN_SOURCE=700' -pipe -g -I./include -I./src/internal -I./arch/x86_64 -c -o src/exit/exit.o src/exit/exit.c
./build.sh: line 67: ../tcc-0.9.27/tcc: not found
+ ../tcc-0.9.27/tcc -Os -nostdinc -ffreestanding '-std=c99' '-D_XOPEN_SOURCE=700' -pipe -g -I./include -I./src/internal -I./arch/x86_64 -c -o src/fcntl/creat.o src/fcntl/creat.c
./build.sh: line 68: ../tcc-0.9.27/tcc: not found
+ ../tcc-0.9.27/tcc -Os -nostdinc -ffreestanding '-std=c99' '-D_XOPEN_SOURCE=700' -pipe -g -I./include -I./src/internal -I./arch/x86_64 -c -o src/fcntl/fcntl.o src/fcntl/fcntl.c
./build.sh: line 69: ../tcc-0.9.27/tcc: not found
+ ../tcc-0.9.27/tcc -Os -nostdinc -ffreestanding '-std=c99' '-D_XOPEN_SOURCE=700' -pipe -g -I./include -I./src/internal -I./arch/x86_64 -c -o src/fcntl/open.o src/fcntl/open.c
./build.sh: line 70: ../tcc-0.9.27/tcc: not found
+ ../tcc-0.9.27/tcc -Os -nostdinc -ffreestanding '-std=c99' '-D_XOPEN_SOURCE=700' -pipe -g -I./include -I./src/internal -I./arch/x86_64 -c -o src/fcntl/openat.o src/fcntl/openat.c
./build.sh: line 71: ../tcc-0.9.27/tcc: not found
+ ../tcc-0.9.27/tcc -Os -nostdinc -ffreestanding '-std=c99' '-D_XOPEN_SOURCE=700' -pipe -g -I./include -I./src/internal -I./arch/x86_64 -c -o src/internal/libc.o src/internal/libc.c
./build.sh: line 72: ../tcc-0.9.27/tcc: not found
+ ../tcc-0.9.27/tcc -Os -nostdinc -ffreestanding '-std=c99' '-D_XOPEN_SOURCE=700' -pipe -g -I./include -I./src/internal -I./arch/x86_64 -c -o src/internal/syscall.o src/internal/syscall.c
./build.sh: line 73: ../tcc-0.9.27/tcc: not found
+ ../tcc-0.9.27/tcc -Os -nostdinc -ffreestanding '-std=c99' '-D_XOPEN_SOURCE=700' -pipe -g -I./include -I./src/internal -I./arch/x86_64 -c -o src/ipc/ftok.o src/ipc/ftok.c
./build.sh: line 74: ../tcc-0.9.27/tcc: not found
+ ../tcc-0.9.27/tcc -Os -nostdinc -ffreestanding '-std=c99' '-D_XOPEN_SOURCE=700' -pipe -g -I./include -I./src/internal -I./arch/x86_64 -c -o src/ipc/semctl.o src/ipc/semctl.c
./build.sh: line 75: ../tcc-0.9.27/tcc: not found
+ ../tcc-0.9.27/tcc -Os -nostdinc -ffreestanding '-std=c99' '-D_XOPEN_SOURCE=700' -pipe -g -I./include -I./src/internal -I./arch/x86_64 -c -o src/ipc/semget.o src/ipc/semget.c
./build.sh: line 76: ../tcc-0.9.27/tcc: not found
+ ../tcc-0.9.27/tcc -Os -nostdinc -ffreestanding '-std=c99' '-D_XOPEN_SOURCE=700' -pipe -g -I./include -I./src/internal -I./arch/x86_64 -c -o src/ipc/semop.o src/ipc/semop.c
./build.sh: line 77: ../tcc-0.9.27/tcc: not found
+ ../tcc-0.9.27/tcc -Os -nostdinc -ffreestanding '-std=c99' '-D_XOPEN_SOURCE=700' -pipe -g -I./include -I./src/internal -I./arch/x86_64 -c -o src/ipc/shmat.o src/ipc/shmat.c
./build.sh: line 78: ../tcc-0.9.27/tcc: not found
+ ../tcc-0.9.27/tcc -Os -nostdinc -ffreestanding '-std=c99' '-D_XOPEN_SOURCE=700' -pipe -g -I./include -I./src/internal -I./arch/x86_64 -c -o src/ipc/shmctl.o src/ipc/shmctl.c
./build.sh: line 79: ../tcc-0.9.27/tcc: not found
+ ../tcc-0.9.27/tcc -Os -nostdinc -ffreestanding '-std=c99' '-D_XOPEN_SOURCE=700' -pipe -g -I./include -I./src/internal -I./arch/x86_64 -c -o src/ipc/shmdt.o src/ipc/shmdt.c
./build.sh: line 80: ../tcc-0.9.27/tcc: not found
+ ../tcc-0.9.27/tcc -Os -nostdinc -ffreestanding '-std=c99' '-D_XOPEN_SOURCE=700' -pipe -g -I./include -I./src/internal -I./arch/x86_64 -c -o src/ipc/shmget.o src/ipc/shmget.c
./build.sh: line 81: ../tcc-0.9.27/tcc: not found
+ ../tcc-0.9.27/tcc -Os -nostdinc -ffreestanding '-std=c99' '-D_XOPEN_SOURCE=700' -pipe -g -I./include -I./src/internal -I./arch/x86_64 -c -o src/linux/brk.o src/linux/brk.c
./build.sh: line 82: ../tcc-0.9.27/tcc: not found
+ ../tcc-0.9.27/tcc -Os -nostdinc -ffreestanding '-std=c99' '-D_XOPEN_SOURCE=700' -pipe -g -I./include -I./src/internal -I./arch/x86_64 -c -o src/linux/chroot.o src/linux/chroot.c
./build.sh: line 83: ../tcc-0.9.27/tcc: not found
+ ../tcc-0.9.27/tcc -Os -nostdinc -ffreestanding '-std=c99' '-D_XOPEN_SOURCE=700' -pipe -g -I./include -I./src/internal -I./arch/x86_64 -c -o src/linux/daemon.o src/linux/daemon.c
./build.sh: line 84: ../tcc-0.9.27/tcc: not found
+ ../tcc-0.9.27/tcc -Os -nostdinc -ffreestanding '-std=c99' '-D_XOPEN_SOURCE=700' -pipe -g -I./include -I./src/internal -I./arch/x86_64 -c -o src/linux/epoll_create.o src/linux/epoll_create.c
./build.sh: line 85: ../tcc-0.9.27/tcc: not found
+ ../tcc-0.9.27/tcc -Os -nostdinc -ffreestanding '-std=c99' '-D_XOPEN_SOURCE=700' -pipe -g -I./include -I./src/internal -I./arch/x86_64 -c -o src/linux/epoll_create1.o src/linux/epoll_create1.c
./build.sh: line 86: ../tcc-0.9.27/tcc: not found
+ ../tcc-0.9.27/tcc -Os -nostdinc -ffreestanding '-std=c99' '-D_XOPEN_SOURCE=700' -pipe -g -I./include -I./src/internal -I./arch/x86_64 -c -o src/linux/epoll_ctl.o src/linux/epoll_ctl.c
./build.sh: line 87: ../tcc-0.9.27/tcc: not found
+ ../tcc-0.9.27/tcc -Os -nostdinc -ffreestanding '-std=c99' '-D_XOPEN_SOURCE=700' -pipe -g -I./include -I./src/internal -I./arch/x86_64 -c -o src/linux/epoll_pwait.o src/linux/epoll_pwait.c
./build.sh: line 88: ../tcc-0.9.27/tcc: not found
+ ../tcc-0.9.27/tcc -Os -nostdinc -ffreestanding '-std=c99' '-D_XOPEN_SOURCE=700' -pipe -g -I./include -I./src/internal -I./arch/x86_64 -c -o src/linux/epoll_wait.o src/linux/epoll_wait.c
./build.sh: line 89: ../tcc-0.9.27/tcc: not found
+ ../tcc-0.9.27/tcc -Os -nostdinc -ffreestanding '-std=c99' '-D_XOPEN_SOURCE=700' -pipe -g -I./include -I./src/internal -I./arch/x86_64 -c -o src/linux/getdtablesize.o src/linux/getdtablesize.c
./build.sh: line 90: ../tcc-0.9.27/tcc: not found
+ ../tcc-0.9.27/tcc -Os -nostdinc -ffreestanding '-std=c99' '-D_XOPEN_SOURCE=700' -pipe -g -I./include -I./src/internal -I./arch/x86_64 -c -o src/linux/gethostid.o src/linux/gethostid.c
./build.sh: line 91: ../tcc-0.9.27/tcc: not found
+ ../tcc-0.9.27/tcc -Os -nostdinc -ffreestanding '-std=c99' '-D_XOPEN_SOURCE=700' -pipe -g -I./include -I./src/internal -I./arch/x86_64 -c -o src/linux/getopt_long.o src/linux/getopt_long.c
./build.sh: line 92: ../tcc-0.9.27/tcc: not found
+ ../tcc-0.9.27/tcc -Os -nostdinc -ffreestanding '-std=c99' '-D_XOPEN_SOURCE=700' -pipe -g -I./include -I./src/internal -I./arch/x86_64 -c -o src/linux/getpagesize.o src/linux/getpagesize.c
./build.sh: line 93: ../tcc-0.9.27/tcc: not found
+ ../tcc-0.9.27/tcc -Os -nostdinc -ffreestanding '-std=c99' '-D_XOPEN_SOURCE=700' -pipe -g -I./include -I./src/internal -I./arch/x86_64 -c -o src/linux/getpass.o src/linux/getpass.c
./build.sh: line 94: ../tcc-0.9.27/tcc: not found
+ ../tcc-0.9.27/tcc -Os -nostdinc -ffreestanding '-std=c99' '-D_XOPEN_SOURCE=700' -pipe -g -I./include -I./src/internal -I./arch/x86_64 -c -o src/linux/initgroups.o src/linux/initgroups.c
./build.sh: line 95: ../tcc-0.9.27/tcc: not found
+ ../tcc-0.9.27/tcc -Os -nostdinc -ffreestanding '-std=c99' '-D_XOPEN_SOURCE=700' -pipe -g -I./include -I./src/internal -I./arch/x86_64 -c -o src/linux/klogctl.o src/linux/klogctl.c
./build.sh: line 96: ../tcc-0.9.27/tcc: not found
+ ../tcc-0.9.27/tcc -Os -nostdinc -ffreestanding '-std=c99' '-D_XOPEN_SOURCE=700' -pipe -g -I./include -I./src/internal -I./arch/x86_64 -c -o src/linux/mntent.o src/linux/mntent.c
./build.sh: line 97: ../tcc-0.9.27/tcc: not found
+ ../tcc-0.9.27/tcc -Os -nostdinc -ffreestanding '-std=c99' '-D_XOPEN_SOURCE=700' -pipe -g -I./include -I./src/internal -I./arch/x86_64 -c -o src/linux/mount.o src/linux/mount.c
./build.sh: line 98: ../tcc-0.9.27/tcc: not found
+ ../tcc-0.9.27/tcc -Os -nostdinc -ffreestanding '-std=c99' '-D_XOPEN_SOURCE=700' -pipe -g -I./include -I./src/internal -I./arch/x86_64 -c -o src/linux/prctl.o src/linux/prctl.c
./build.sh: line 99: ../tcc-0.9.27/tcc: not found
+ ../tcc-0.9.27/tcc -Os -nostdinc -ffreestanding '-std=c99' '-D_XOPEN_SOURCE=700' -pipe -g -I./include -I./src/internal -I./arch/x86_64 -c -o src/linux/reboot.o src/linux/reboot.c
./build.sh: line 100: ../tcc-0.9.27/tcc: not found
+ ../tcc-0.9.27/tcc -Os -nostdinc -ffreestanding '-std=c99' '-D_XOPEN_SOURCE=700' -pipe -g -I./include -I./src/internal -I./arch/x86_64 -c -o src/linux/sbrk.o src/linux/sbrk.c
./build.sh: line 101: ../tcc-0.9.27/tcc: not found
+ ../tcc-0.9.27/tcc -Os -nostdinc -ffreestanding '-std=c99' '-D_XOPEN_SOURCE=700' -pipe -g -I./include -I./src/internal -I./arch/x86_64 -c -o src/linux/sendfile.o src/linux/sendfile.c
./build.sh: line 102: ../tcc-0.9.27/tcc: not found
+ ../tcc-0.9.27/tcc -Os -nostdinc -ffreestanding '-std=c99' '-D_XOPEN_SOURCE=700' -pipe -g -I./include -I./src/internal -I./arch/x86_64 -c -o src/linux/setgroups.o src/linux/setgroups.c
./build.sh: line 103: ../tcc-0.9.27/tcc: not found
+ ../tcc-0.9.27/tcc -Os -nostdinc -ffreestanding '-std=c99' '-D_XOPEN_SOURCE=700' -pipe -g -I./include -I./src/internal -I./arch/x86_64 -c -o src/linux/sethostname.o src/linux/sethostname.c
./build.sh: line 104: ../tcc-0.9.27/tcc: not found
+ ../tcc-0.9.27/tcc -Os -nostdinc -ffreestanding '-std=c99' '-D_XOPEN_SOURCE=700' -pipe -g -I./include -I./src/internal -I./arch/x86_64 -c -o src/linux/settimeofday.o src/linux/settimeofday.c
./build.sh: line 105: ../tcc-0.9.27/tcc: not found
+ ../tcc-0.9.27/tcc -Os -nostdinc -ffreestanding '-std=c99' '-D_XOPEN_SOURCE=700' -pipe -g -I./include -I./src/internal -I./arch/x86_64 -c -o src/linux/signalfd.o src/linux/signalfd.c
./build.sh: line 106: ../tcc-0.9.27/tcc: not found
+ ../tcc-0.9.27/tcc -Os -nostdinc -ffreestanding '-std=c99' '-D_XOPEN_SOURCE=700' -pipe -g -I./include -I./src/internal -I./arch/x86_64 -c -o src/linux/stime.o src/linux/stime.c
./build.sh: line 107: ../tcc-0.9.27/tcc: not found
+ ../tcc-0.9.27/tcc -Os -nostdinc -ffreestanding '-std=c99' '-D_XOPEN_SOURCE=700' -pipe -g -I./include -I./src/internal -I./arch/x86_64 -c -o src/linux/swapoff.o src/linux/swapoff.c
./build.sh: line 108: ../tcc-0.9.27/tcc: not found
+ ../tcc-0.9.27/tcc -Os -nostdinc -ffreestanding '-std=c99' '-D_XOPEN_SOURCE=700' -pipe -g -I./include -I./src/internal -I./arch/x86_64 -c -o src/linux/swapon.o src/linux/swapon.c
./build.sh: line 109: ../tcc-0.9.27/tcc: not found
+ ../tcc-0.9.27/tcc -Os -nostdinc -ffreestanding '-std=c99' '-D_XOPEN_SOURCE=700' -pipe -g -I./include -I./src/internal -I./arch/x86_64 -c -o src/linux/sysinfo.o src/linux/sysinfo.c
./build.sh: line 110: ../tcc-0.9.27/tcc: not found
+ ../tcc-0.9.27/tcc -Os -nostdinc -ffreestanding '-std=c99' '-D_XOPEN_SOURCE=700' -pipe -g -I./include -I./src/internal -I./arch/x86_64 -c -o src/linux/umount.o src/linux/umount.c
./build.sh: line 111: ../tcc-0.9.27/tcc: not found
+ ../tcc-0.9.27/tcc -Os -nostdinc -ffreestanding '-std=c99' '-D_XOPEN_SOURCE=700' -pipe -g -I./include -I./src/internal -I./arch/x86_64 -c -o src/linux/umount2.o src/linux/umount2.c
./build.sh: line 112: ../tcc-0.9.27/tcc: not found
+ ../tcc-0.9.27/tcc -Os -nostdinc -ffreestanding '-std=c99' '-D_XOPEN_SOURCE=700' -pipe -g -I./include -I./src/internal -I./arch/x86_64 -c -o src/linux/utimes.o src/linux/utimes.c
./build.sh: line 113: ../tcc-0.9.27/tcc: not found
+ ../tcc-0.9.27/tcc -Os -nostdinc -ffreestanding '-std=c99' '-D_XOPEN_SOURCE=700' -pipe -g -I./include -I./src/internal -I./arch/x86_64 -c -o src/linux/wait3.o src/linux/wait3.c
./build.sh: line 114: ../tcc-0.9.27/tcc: not found
+ ../tcc-0.9.27/tcc -Os -nostdinc -ffreestanding '-std=c99' '-D_XOPEN_SOURCE=700' -pipe -g -I./include -I./src/internal -I./arch/x86_64 -c -o src/linux/wait4.o src/linux/wait4.c
./build.sh: line 115: ../tcc-0.9.27/tcc: not found
+ ../tcc-0.9.27/tcc -Os -nostdinc -ffreestanding '-std=c99' '-D_XOPEN_SOURCE=700' -pipe -g -I./include -I./src/internal -I./arch/x86_64 -c -o src/locale/catclose.o src/locale/catclose.c
./build.sh: line 116: ../tcc-0.9.27/tcc: not found
+ ../tcc-0.9.27/tcc -Os -nostdinc -ffreestanding '-std=c99' '-D_XOPEN_SOURCE=700' -pipe -g -I./include -I./src/internal -I./arch/x86_64 -c -o src/locale/catgets.o src/locale/catgets.c
./build.sh: line 117: ../tcc-0.9.27/tcc: not found
+ ../tcc-0.9.27/tcc -Os -nostdinc -ffreestanding '-std=c99' '-D_XOPEN_SOURCE=700' -pipe -g -I./include -I./src/internal -I./arch/x86_64 -c -o src/locale/catopen.o src/locale/catopen.c
./build.sh: line 118: ../tcc-0.9.27/tcc: not found
+ ../tcc-0.9.27/tcc -Os -nostdinc -ffreestanding '-std=c99' '-D_XOPEN_SOURCE=700' -pipe -g -I./include -I./src/internal -I./arch/x86_64 -c -o src/locale/duplocale.o src/locale/duplocale.c
./build.sh: line 119: ../tcc-0.9.27/tcc: not found
+ ../tcc-0.9.27/tcc -Os -nostdinc -ffreestanding '-std=c99' '-D_XOPEN_SOURCE=700' -pipe -g -I./include -I./src/internal -I./arch/x86_64 -c -o src/locale/freelocale.o src/locale/freelocale.c
./build.sh: line 120: ../tcc-0.9.27/tcc: not found
+ ../tcc-0.9.27/tcc -Os -nostdinc -ffreestanding '-std=c99' '-D_XOPEN_SOURCE=700' -pipe -g -I./include -I./src/internal -I./arch/x86_64 -c -o src/locale/iconv.o src/locale/iconv.c
./build.sh: line 121: ../tcc-0.9.27/tcc: not found
+ ../tcc-0.9.27/tcc -Os -nostdinc -ffreestanding '-std=c99' '-D_XOPEN_SOURCE=700' -pipe -g -I./include -I./src/internal -I./arch/x86_64 -c -o src/locale/intl.o src/locale/intl.c
./build.sh: line 122: ../tcc-0.9.27/tcc: not found
+ ../tcc-0.9.27/tcc -Os -nostdinc -ffreestanding '-std=c99' '-D_XOPEN_SOURCE=700' -pipe -g -I./include -I./src/internal -I./arch/x86_64 -c -o src/locale/isalnum_l.o src/locale/isalnum_l.c
./build.sh: line 123: ../tcc-0.9.27/tcc: not found
+ ../tcc-0.9.27/tcc -Os -nostdinc -ffreestanding '-std=c99' '-D_XOPEN_SOURCE=700' -pipe -g -I./include -I./src/internal -I./arch/x86_64 -c -o src/locale/isalpha_l.o src/locale/isalpha_l.c
./build.sh: line 124: ../tcc-0.9.27/tcc: not found
+ ../tcc-0.9.27/tcc -Os -nostdinc -ffreestanding '-std=c99' '-D_XOPEN_SOURCE=700' -pipe -g -I./include -I./src/internal -I./arch/x86_64 -c -o src/locale/isblank_l.o src/locale/isblank_l.c
./build.sh: line 125: ../tcc-0.9.27/tcc: not found
+ ../tcc-0.9.27/tcc -Os -nostdinc -ffreestanding '-std=c99' '-D_XOPEN_SOURCE=700' -pipe -g -I./include -I./src/internal -I./arch/x86_64 -c -o src/locale/iscntrl_l.o src/locale/iscntrl_l.c
./build.sh: line 126: ../tcc-0.9.27/tcc: not found
+ ../tcc-0.9.27/tcc -Os -nostdinc -ffreestanding '-std=c99' '-D_XOPEN_SOURCE=700' -pipe -g -I./include -I./src/internal -I./arch/x86_64 -c -o src/locale/isdigit_l.o src/locale/isdigit_l.c
./build.sh: line 127: ../tcc-0.9.27/tcc: not found
+ ../tcc-0.9.27/tcc -Os -nostdinc -ffreestanding '-std=c99' '-D_XOPEN_SOURCE=700' -pipe -g -I./include -I./src/internal -I./arch/x86_64 -c -o src/locale/isgraph_l.o src/locale/isgraph_l.c
./build.sh: line 128: ../tcc-0.9.27/tcc: not found
+ ../tcc-0.9.27/tcc -Os -nostdinc -ffreestanding '-std=c99' '-D_XOPEN_SOURCE=700' -pipe -g -I./include -I./src/internal -I./arch/x86_64 -c -o src/locale/islower_l.o src/locale/islower_l.c
./build.sh: line 129: ../tcc-0.9.27/tcc: not found
+ ../tcc-0.9.27/tcc -Os -nostdinc -ffreestanding '-std=c99' '-D_XOPEN_SOURCE=700' -pipe -g -I./include -I./src/internal -I./arch/x86_64 -c -o src/locale/isprint_l.o src/locale/isprint_l.c
./build.sh: line 130: ../tcc-0.9.27/tcc: not found
+ ../tcc-0.9.27/tcc -Os -nostdinc -ffreestanding '-std=c99' '-D_XOPEN_SOURCE=700' -pipe -g -I./include -I./src/internal -I./arch/x86_64 -c -o src/locale/ispunct_l.o src/locale/ispunct_l.c
./build.sh: line 131: ../tcc-0.9.27/tcc: not found
+ ../tcc-0.9.27/tcc -Os -nostdinc -ffreestanding '-std=c99' '-D_XOPEN_SOURCE=700' -pipe -g -I./include -I./src/internal -I./arch/x86_64 -c -o src/locale/isspace_l.o src/locale/isspace_l.c
./build.sh: line 132: ../tcc-0.9.27/tcc: not found
+ ../tcc-0.9.27/tcc -Os -nostdinc -ffreestanding '-std=c99' '-D_XOPEN_SOURCE=700' -pipe -g -I./include -I./src/internal -I./arch/x86_64 -c -o src/locale/isupper_l.o src/locale/isupper_l.c
./build.sh: line 133: ../tcc-0.9.27/tcc: not found
+ ../tcc-0.9.27/tcc -Os -nostdinc -ffreestanding '-std=c99' '-D_XOPEN_SOURCE=700' -pipe -g -I./include -I./src/internal -I./arch/x86_64 -c -o src/locale/isxdigit_l.o src/locale/isxdigit_l.c
./build.sh: line 134: ../tcc-0.9.27/tcc: not found
+ ../tcc-0.9.27/tcc -Os -nostdinc -ffreestanding '-std=c99' '-D_XOPEN_SOURCE=700' -pipe -g -I./include -I./src/internal -I./arch/x86_64 -c -o src/locale/langinfo.o src/locale/langinfo.c
./build.sh: line 135: ../tcc-0.9.27/tcc: not found
+ ../tcc-0.9.27/tcc -Os -nostdinc -ffreestanding '-std=c99' '-D_XOPEN_SOURCE=700' -pipe -g -I./include -I./src/internal -I./arch/x86_64 -c -o src/locale/localeconv.o src/locale/localeconv.c
./build.sh: line 136: ../tcc-0.9.27/tcc: not found
+ ../tcc-0.9.27/tcc -Os -nostdinc -ffreestanding '-std=c99' '-D_XOPEN_SOURCE=700' -pipe -g -I./include -I./src/internal -I./arch/x86_64 -c -o src/locale/newlocale.o src/locale/newlocale.c
./build.sh: line 137: ../tcc-0.9.27/tcc: not found
+ ../tcc-0.9.27/tcc -Os -nostdinc -ffreestanding '-std=c99' '-D_XOPEN_SOURCE=700' -pipe -g -I./include -I./src/internal -I./arch/x86_64 -c -o src/locale/nl_langinfo.o src/locale/nl_langinfo.c
./build.sh: line 138: ../tcc-0.9.27/tcc: not found
+ ../tcc-0.9.27/tcc -Os -nostdinc -ffreestanding '-std=c99' '-D_XOPEN_SOURCE=700' -pipe -g -I./include -I./src/internal -I./arch/x86_64 -c -o src/locale/setlocale.o src/locale/setlocale.c
./build.sh: line 139: ../tcc-0.9.27/tcc: not found
+ ../tcc-0.9.27/tcc -Os -nostdinc -ffreestanding '-std=c99' '-D_XOPEN_SOURCE=700' -pipe -g -I./include -I./src/internal -I./arch/x86_64 -c -o src/locale/strcoll.o src/locale/strcoll.c
./build.sh: line 140: ../tcc-0.9.27/tcc: not found
+ ../tcc-0.9.27/tcc -Os -nostdinc -ffreestanding '-std=c99' '-D_XOPEN_SOURCE=700' -pipe -g -I./include -I./src/internal -I./arch/x86_64 -c -o src/locale/strxfrm.o src/locale/strxfrm.c
./build.sh: line 141: ../tcc-0.9.27/tcc: not found
+ ../tcc-0.9.27/tcc -Os -nostdinc -ffreestanding '-std=c99' '-D_XOPEN_SOURCE=700' -pipe -g -I./include -I./src/internal -I./arch/x86_64 -c -o src/locale/tolower_l.o src/locale/tolower_l.c
./build.sh: line 142: ../tcc-0.9.27/tcc: not found
+ ../tcc-0.9.27/tcc -Os -nostdinc -ffreestanding '-std=c99' '-D_XOPEN_SOURCE=700' -pipe -g -I./include -I./src/internal -I./arch/x86_64 -c -o src/locale/toupper_l.o src/locale/toupper_l.c
./build.sh: line 143: ../tcc-0.9.27/tcc: not found
+ ../tcc-0.9.27/tcc -Os -nostdinc -ffreestanding '-std=c99' '-D_XOPEN_SOURCE=700' -pipe -g -I./include -I./src/internal -I./arch/x86_64 -c -o src/locale/wcscoll.o src/locale/wcscoll.c
./build.sh: line 144: ../tcc-0.9.27/tcc: not found
+ ../tcc-0.9.27/tcc -Os -nostdinc -ffreestanding '-std=c99' '-D_XOPEN_SOURCE=700' -pipe -g -I./include -I./src/internal -I./arch/x86_64 -c -o src/locale/wcsxfrm.o src/locale/wcsxfrm.c
./build.sh: line 145: ../tcc-0.9.27/tcc: not found
+ ../tcc-0.9.27/tcc -Os -nostdinc -ffreestanding '-std=c99' '-D_XOPEN_SOURCE=700' -pipe -g -I./include -I./src/internal -I./arch/x86_64 -c -o src/malloc/__brk.o src/malloc/__brk.c
./build.sh: line 146: ../tcc-0.9.27/tcc: not found
+ ../tcc-0.9.27/tcc -Os -nostdinc -ffreestanding '-std=c99' '-D_XOPEN_SOURCE=700' -pipe -g -I./include -I./src/internal -I./arch/x86_64 -c -o src/malloc/__simple_malloc.o src/malloc/__simple_malloc.c
./build.sh: line 147: ../tcc-0.9.27/tcc: not found
+ ../tcc-0.9.27/tcc -Os -nostdinc -ffreestanding '-std=c99' '-D_XOPEN_SOURCE=700' -pipe -g -I./include -I./src/internal -I./arch/x86_64 -c -o src/malloc/calloc.o src/malloc/calloc.c
./build.sh: line 148: ../tcc-0.9.27/tcc: not found
+ ../tcc-0.9.27/tcc -Os -nostdinc -ffreestanding '-std=c99' '-D_XOPEN_SOURCE=700' -pipe -g -I./include -I./src/internal -I./arch/x86_64 -c -o src/malloc/malloc.o src/malloc/malloc.c
./build.sh: line 149: ../tcc-0.9.27/tcc: not found
+ ../tcc-0.9.27/tcc -Os -nostdinc -ffreestanding '-std=c99' '-D_XOPEN_SOURCE=700' -pipe -g -I./include -I./src/internal -I./arch/x86_64 -c -o src/malloc/memalign.o src/malloc/memalign.c
./build.sh: line 150: ../tcc-0.9.27/tcc: not found
+ ../tcc-0.9.27/tcc -Os -nostdinc -ffreestanding '-std=c99' '-D_XOPEN_SOURCE=700' -pipe -g -I./include -I./src/internal -I./arch/x86_64 -c -o src/malloc/posix_memalign.o src/malloc/posix_memalign.c
./build.sh: line 151: ../tcc-0.9.27/tcc: not found
+ ../tcc-0.9.27/tcc -Os -nostdinc -ffreestanding '-std=c99' '-D_XOPEN_SOURCE=700' -pipe -g -I./include -I./src/internal -I./arch/x86_64 -c -o src/math/__fpclassify.o src/math/__fpclassify.c
./build.sh: line 152: ../tcc-0.9.27/tcc: not found
+ ../tcc-0.9.27/tcc -Os -nostdinc -ffreestanding '-std=c99' '-D_XOPEN_SOURCE=700' -pipe -g -I./include -I./src/internal -I./arch/x86_64 -c -o src/math/__fpclassifyf.o src/math/__fpclassifyf.c
./build.sh: line 153: ../tcc-0.9.27/tcc: not found
+ ../tcc-0.9.27/tcc -Os -nostdinc -ffreestanding '-std=c99' '-D_XOPEN_SOURCE=700' -pipe -g -I./include -I./src/internal -I./arch/x86_64 -c -o src/math/__fpclassifyl.o src/math/__fpclassifyl.c
./build.sh: line 154: ../tcc-0.9.27/tcc: not found
+ ../tcc-0.9.27/tcc -Os -nostdinc -ffreestanding '-std=c99' '-D_XOPEN_SOURCE=700' -pipe -g -I./include -I./src/internal -I./arch/x86_64 -c -o src/math/e_acos.o src/math/e_acos.c
./build.sh: line 155: ../tcc-0.9.27/tcc: not found
+ ../tcc-0.9.27/tcc -Os -nostdinc -ffreestanding '-std=c99' '-D_XOPEN_SOURCE=700' -pipe -g -I./include -I./src/internal -I./arch/x86_64 -c -o src/math/e_acosf.o src/math/e_acosf.c
./build.sh: line 156: ../tcc-0.9.27/tcc: not found
+ ../tcc-0.9.27/tcc -Os -nostdinc -ffreestanding '-std=c99' '-D_XOPEN_SOURCE=700' -pipe -g -I./include -I./src/internal -I./arch/x86_64 -c -o src/math/e_acosh.o src/math/e_acosh.c
./build.sh: line 157: ../tcc-0.9.27/tcc: not found
+ ../tcc-0.9.27/tcc -Os -nostdinc -ffreestanding '-std=c99' '-D_XOPEN_SOURCE=700' -pipe -g -I./include -I./src/internal -I./arch/x86_64 -c -o src/math/e_acoshf.o src/math/e_acoshf.c
./build.sh: line 158: ../tcc-0.9.27/tcc: not found
+ ../tcc-0.9.27/tcc -Os -nostdinc -ffreestanding '-std=c99' '-D_XOPEN_SOURCE=700' -pipe -g -I./include -I./src/internal -I./arch/x86_64 -c -o src/math/e_asin.o src/math/e_asin.c
./build.sh: line 159: ../tcc-0.9.27/tcc: not found
+ ../tcc-0.9.27/tcc -Os -nostdinc -ffreestanding '-std=c99' '-D_XOPEN_SOURCE=700' -pipe -g -I./include -I./src/internal -I./arch/x86_64 -c -o src/math/e_asinf.o src/math/e_asinf.c
./build.sh: line 160: ../tcc-0.9.27/tcc: not found
+ ../tcc-0.9.27/tcc -Os -nostdinc -ffreestanding '-std=c99' '-D_XOPEN_SOURCE=700' -pipe -g -I./include -I./src/internal -I./arch/x86_64 -c -o src/math/e_atan2.o src/math/e_atan2.c
./build.sh: line 161: ../tcc-0.9.27/tcc: not found
+ ../tcc-0.9.27/tcc -Os -nostdinc -ffreestanding '-std=c99' '-D_XOPEN_SOURCE=700' -pipe -g -I./include -I./src/internal -I./arch/x86_64 -c -o src/math/e_atan2f.o src/math/e_atan2f.c
./build.sh: line 162: ../tcc-0.9.27/tcc: not found
+ ../tcc-0.9.27/tcc -Os -nostdinc -ffreestanding '-std=c99' '-D_XOPEN_SOURCE=700' -pipe -g -I./include -I./src/internal -I./arch/x86_64 -c -o src/math/e_atanh.o src/math/e_atanh.c
./build.sh: line 163: ../tcc-0.9.27/tcc: not found
+ ../tcc-0.9.27/tcc -Os -nostdinc -ffreestanding '-std=c99' '-D_XOPEN_SOURCE=700' -pipe -g -I./include -I./src/internal -I./arch/x86_64 -c -o src/math/e_atanhf.o src/math/e_atanhf.c
./build.sh: line 164: ../tcc-0.9.27/tcc: not found
+ ../tcc-0.9.27/tcc -Os -nostdinc -ffreestanding '-std=c99' '-D_XOPEN_SOURCE=700' -pipe -g -I./include -I./src/internal -I./arch/x86_64 -c -o src/math/e_cosh.o src/math/e_cosh.c
./build.sh: line 165: ../tcc-0.9.27/tcc: not found
+ ../tcc-0.9.27/tcc -Os -nostdinc -ffreestanding '-std=c99' '-D_XOPEN_SOURCE=700' -pipe -g -I./include -I./src/internal -I./arch/x86_64 -c -o src/math/e_coshf.o src/math/e_coshf.c
./build.sh: line 166: ../tcc-0.9.27/tcc: not found
+ ../tcc-0.9.27/tcc -Os -nostdinc -ffreestanding '-std=c99' '-D_XOPEN_SOURCE=700' -pipe -g -I./include -I./src/internal -I./arch/x86_64 -c -o src/math/e_exp.o src/math/e_exp.c
./build.sh: line 167: ../tcc-0.9.27/tcc: not found
+ ../tcc-0.9.27/tcc -Os -nostdinc -ffreestanding '-std=c99' '-D_XOPEN_SOURCE=700' -pipe -g -I./include -I./src/internal -I./arch/x86_64 -c -o src/math/e_expf.o src/math/e_expf.c
./build.sh: line 168: ../tcc-0.9.27/tcc: not found
+ ../tcc-0.9.27/tcc -Os -nostdinc -ffreestanding '-std=c99' '-D_XOPEN_SOURCE=700' -pipe -g -I./include -I./src/internal -I./arch/x86_64 -c -o src/math/e_fmod.o src/math/e_fmod.c
./build.sh: line 169: ../tcc-0.9.27/tcc: not found
+ ../tcc-0.9.27/tcc -Os -nostdinc -ffreestanding '-std=c99' '-D_XOPEN_SOURCE=700' -pipe -g -I./include -I./src/internal -I./arch/x86_64 -c -o src/math/e_fmodf.o src/math/e_fmodf.c
./build.sh: line 170: ../tcc-0.9.27/tcc: not found
+ ../tcc-0.9.27/tcc -Os -nostdinc -ffreestanding '-std=c99' '-D_XOPEN_SOURCE=700' -pipe -g -I./include -I./src/internal -I./arch/x86_64 -c -o src/math/e_hypot.o src/math/e_hypot.c
./build.sh: line 171: ../tcc-0.9.27/tcc: not found
+ ../tcc-0.9.27/tcc -Os -nostdinc -ffreestanding '-std=c99' '-D_XOPEN_SOURCE=700' -pipe -g -I./include -I./src/internal -I./arch/x86_64 -c -o src/math/e_hypotf.o src/math/e_hypotf.c
./build.sh: line 172: ../tcc-0.9.27/tcc: not found
+ ../tcc-0.9.27/tcc -Os -nostdinc -ffreestanding '-std=c99' '-D_XOPEN_SOURCE=700' -pipe -g -I./include -I./src/internal -I./arch/x86_64 -c -o src/math/e_log.o src/math/e_log.c
./build.sh: line 173: ../tcc-0.9.27/tcc: not found
+ ../tcc-0.9.27/tcc -Os -nostdinc -ffreestanding '-std=c99' '-D_XOPEN_SOURCE=700' -pipe -g -I./include -I./src/internal -I./arch/x86_64 -c -o src/math/e_log10.o src/math/e_log10.c
./build.sh: line 174: ../tcc-0.9.27/tcc: not found
+ ../tcc-0.9.27/tcc -Os -nostdinc -ffreestanding '-std=c99' '-D_XOPEN_SOURCE=700' -pipe -g -I./include -I./src/internal -I./arch/x86_64 -c -o src/math/e_log10f.o src/math/e_log10f.c
./build.sh: line 175: ../tcc-0.9.27/tcc: not found
+ ../tcc-0.9.27/tcc -Os -nostdinc -ffreestanding '-std=c99' '-D_XOPEN_SOURCE=700' -pipe -g -I./include -I./src/internal -I./arch/x86_64 -c -o src/math/e_logf.o src/math/e_logf.c
./build.sh: line 176: ../tcc-0.9.27/tcc: not found
+ ../tcc-0.9.27/tcc -Os -nostdinc -ffreestanding '-std=c99' '-D_XOPEN_SOURCE=700' -pipe -g -I./include -I./src/internal -I./arch/x86_64 -c -o src/math/e_pow.o src/math/e_pow.c
./build.sh: line 177: ../tcc-0.9.27/tcc: not found
+ ../tcc-0.9.27/tcc -Os -nostdinc -ffreestanding '-std=c99' '-D_XOPEN_SOURCE=700' -pipe -g -I./include -I./src/internal -I./arch/x86_64 -c -o src/math/e_powf.o src/math/e_powf.c
./build.sh: line 178: ../tcc-0.9.27/tcc: not found
+ ../tcc-0.9.27/tcc -Os -nostdinc -ffreestanding '-std=c99' '-D_XOPEN_SOURCE=700' -pipe -g -I./include -I./src/internal -I./arch/x86_64 -c -o src/math/e_rem_pio2.o src/math/e_rem_pio2.c
./build.sh: line 179: ../tcc-0.9.27/tcc: not found
+ ../tcc-0.9.27/tcc -Os -nostdinc -ffreestanding '-std=c99' '-D_XOPEN_SOURCE=700' -pipe -g -I./include -I./src/internal -I./arch/x86_64 -c -o src/math/e_rem_pio2f.o src/math/e_rem_pio2f.c
./build.sh: line 180: ../tcc-0.9.27/tcc: not found
+ ../tcc-0.9.27/tcc -Os -nostdinc -ffreestanding '-std=c99' '-D_XOPEN_SOURCE=700' -pipe -g -I./include -I./src/internal -I./arch/x86_64 -c -o src/math/e_remainder.o src/math/e_remainder.c
./build.sh: line 181: ../tcc-0.9.27/tcc: not found
+ ../tcc-0.9.27/tcc -Os -nostdinc -ffreestanding '-std=c99' '-D_XOPEN_SOURCE=700' -pipe -g -I./include -I./src/internal -I./arch/x86_64 -c -o src/math/e_remainderf.o src/math/e_remainderf.c
./build.sh: line 182: ../tcc-0.9.27/tcc: not found
+ ../tcc-0.9.27/tcc -Os -nostdinc -ffreestanding '-std=c99' '-D_XOPEN_SOURCE=700' -pipe -g -I./include -I./src/internal -I./arch/x86_64 -c -o src/math/e_scalb.o src/math/e_scalb.c
./build.sh: line 183: ../tcc-0.9.27/tcc: not found
+ ../tcc-0.9.27/tcc -Os -nostdinc -ffreestanding '-std=c99' '-D_XOPEN_SOURCE=700' -pipe -g -I./include -I./src/internal -I./arch/x86_64 -c -o src/math/e_scalbf.o src/math/e_scalbf.c
./build.sh: line 184: ../tcc-0.9.27/tcc: not found
+ ../tcc-0.9.27/tcc -Os -nostdinc -ffreestanding '-std=c99' '-D_XOPEN_SOURCE=700' -pipe -g -I./include -I./src/internal -I./arch/x86_64 -c -o src/math/e_sinh.o src/math/e_sinh.c
./build.sh: line 185: ../tcc-0.9.27/tcc: not found
+ ../tcc-0.9.27/tcc -Os -nostdinc -ffreestanding '-std=c99' '-D_XOPEN_SOURCE=700' -pipe -g -I./include -I./src/internal -I./arch/x86_64 -c -o src/math/e_sinhf.o src/math/e_sinhf.c
./build.sh: line 186: ../tcc-0.9.27/tcc: not found
+ ../tcc-0.9.27/tcc -Os -nostdinc -ffreestanding '-std=c99' '-D_XOPEN_SOURCE=700' -pipe -g -I./include -I./src/internal -I./arch/x86_64 -c -o src/math/e_sqrt.o src/math/e_sqrt.c
./build.sh: line 187: ../tcc-0.9.27/tcc: not found
+ ../tcc-0.9.27/tcc -Os -nostdinc -ffreestanding '-std=c99' '-D_XOPEN_SOURCE=700' -pipe -g -I./include -I./src/internal -I./arch/x86_64 -c -o src/math/e_sqrtf.o src/math/e_sqrtf.c
./build.sh: line 188: ../tcc-0.9.27/tcc: not found
+ ../tcc-0.9.27/tcc -Os -nostdinc -ffreestanding '-std=c99' '-D_XOPEN_SOURCE=700' -pipe -g -I./include -I./src/internal -I./arch/x86_64 -c -o src/math/k_cos.o src/math/k_cos.c
./build.sh: line 189: ../tcc-0.9.27/tcc: not found
+ ../tcc-0.9.27/tcc -Os -nostdinc -ffreestanding '-std=c99' '-D_XOPEN_SOURCE=700' -pipe -g -I./include -I./src/internal -I./arch/x86_64 -c -o src/math/k_cosf.o src/math/k_cosf.c
./build.sh: line 190: ../tcc-0.9.27/tcc: not found
+ ../tcc-0.9.27/tcc -Os -nostdinc -ffreestanding '-std=c99' '-D_XOPEN_SOURCE=700' -pipe -g -I./include -I./src/internal -I./arch/x86_64 -c -o src/math/k_rem_pio2.o src/math/k_rem_pio2.c
./build.sh: line 191: ../tcc-0.9.27/tcc: not found
+ ../tcc-0.9.27/tcc -Os -nostdinc -ffreestanding '-std=c99' '-D_XOPEN_SOURCE=700' -pipe -g -I./include -I./src/internal -I./arch/x86_64 -c -o src/math/k_rem_pio2f.o src/math/k_rem_pio2f.c
./build.sh: line 192: ../tcc-0.9.27/tcc: not found
+ ../tcc-0.9.27/tcc -Os -nostdinc -ffreestanding '-std=c99' '-D_XOPEN_SOURCE=700' -pipe -g -I./include -I./src/internal -I./arch/x86_64 -c -o src/math/k_sin.o src/math/k_sin.c
./build.sh: line 193: ../tcc-0.9.27/tcc: not found
+ ../tcc-0.9.27/tcc -Os -nostdinc -ffreestanding '-std=c99' '-D_XOPEN_SOURCE=700' -pipe -g -I./include -I./src/internal -I./arch/x86_64 -c -o src/math/k_sinf.o src/math/k_sinf.c
./build.sh: line 194: ../tcc-0.9.27/tcc: not found
+ ../tcc-0.9.27/tcc -Os -nostdinc -ffreestanding '-std=c99' '-D_XOPEN_SOURCE=700' -pipe -g -I./include -I./src/internal -I./arch/x86_64 -c -o src/math/k_tan.o src/math/k_tan.c
./build.sh: line 195: ../tcc-0.9.27/tcc: not found
+ ../tcc-0.9.27/tcc -Os -nostdinc -ffreestanding '-std=c99' '-D_XOPEN_SOURCE=700' -pipe -g -I./include -I./src/internal -I./arch/x86_64 -c -o src/math/k_tanf.o src/math/k_tanf.c
./build.sh: line 196: ../tcc-0.9.27/tcc: not found
+ ../tcc-0.9.27/tcc -Os -nostdinc -ffreestanding '-std=c99' '-D_XOPEN_SOURCE=700' -pipe -g -I./include -I./src/internal -I./arch/x86_64 -c -o src/math/log.o src/math/log.c
./build.sh: line 197: ../tcc-0.9.27/tcc: not found
+ ../tcc-0.9.27/tcc -Os -nostdinc -ffreestanding '-std=c99' '-D_XOPEN_SOURCE=700' -pipe -g -I./include -I./src/internal -I./arch/x86_64 -c -o src/math/log10.o src/math/log10.c
./build.sh: line 198: ../tcc-0.9.27/tcc: not found
+ ../tcc-0.9.27/tcc -Os -nostdinc -ffreestanding '-std=c99' '-D_XOPEN_SOURCE=700' -pipe -g -I./include -I./src/internal -I./arch/x86_64 -c -o src/math/log10f.o src/math/log10f.c
./build.sh: line 199: ../tcc-0.9.27/tcc: not found
+ ../tcc-0.9.27/tcc -Os -nostdinc -ffreestanding '-std=c99' '-D_XOPEN_SOURCE=700' -pipe -g -I./include -I./src/internal -I./arch/x86_64 -c -o src/math/log10l.o src/math/log10l.c
./build.sh: line 200: ../tcc-0.9.27/tcc: not found
+ ../tcc-0.9.27/tcc -Os -nostdinc -ffreestanding '-std=c99' '-D_XOPEN_SOURCE=700' -pipe -g -I./include -I./src/internal -I./arch/x86_64 -c -o src/math/log1p.o src/math/log1p.c
./build.sh: line 201: ../tcc-0.9.27/tcc: not found
+ ../tcc-0.9.27/tcc -Os -nostdinc -ffreestanding '-std=c99' '-D_XOPEN_SOURCE=700' -pipe -g -I./include -I./src/internal -I./arch/x86_64 -c -o src/math/log1pf.o src/math/log1pf.c
./build.sh: line 202: ../tcc-0.9.27/tcc: not found
+ ../tcc-0.9.27/tcc -Os -nostdinc -ffreestanding '-std=c99' '-D_XOPEN_SOURCE=700' -pipe -g -I./include -I./src/internal -I./arch/x86_64 -c -o src/math/log1pl.o src/math/log1pl.c
./build.sh: line 203: ../tcc-0.9.27/tcc: not found
+ ../tcc-0.9.27/tcc -Os -nostdinc -ffreestanding '-std=c99' '-D_XOPEN_SOURCE=700' -pipe -g -I./include -I./src/internal -I./arch/x86_64 -c -o src/math/log2.o src/math/log2.c
./build.sh: line 204: ../tcc-0.9.27/tcc: not found
+ ../tcc-0.9.27/tcc -Os -nostdinc -ffreestanding '-std=c99' '-D_XOPEN_SOURCE=700' -pipe -g -I./include -I./src/internal -I./arch/x86_64 -c -o src/math/log2f.o src/math/log2f.c
./build.sh: line 205: ../tcc-0.9.27/tcc: not found
+ ../tcc-0.9.27/tcc -Os -nostdinc -ffreestanding '-std=c99' '-D_XOPEN_SOURCE=700' -pipe -g -I./include -I./src/internal -I./arch/x86_64 -c -o src/math/log2l.o src/math/log2l.c
./build.sh: line 206: ../tcc-0.9.27/tcc: not found
+ ../tcc-0.9.27/tcc -Os -nostdinc -ffreestanding '-std=c99' '-D_XOPEN_SOURCE=700' -pipe -g -I./include -I./src/internal -I./arch/x86_64 -c -o src/math/logb.o src/math/logb.c
./build.sh: line 207: ../tcc-0.9.27/tcc: not found
+ ../tcc-0.9.27/tcc -Os -nostdinc -ffreestanding '-std=c99' '-D_XOPEN_SOURCE=700' -pipe -g -I./include -I./src/internal -I./arch/x86_64 -c -o src/math/logbf.o src/math/logbf.c
./build.sh: line 208: ../tcc-0.9.27/tcc: not found
+ ../tcc-0.9.27/tcc -Os -nostdinc -ffreestanding '-std=c99' '-D_XOPEN_SOURCE=700' -pipe -g -I./include -I./src/internal -I./arch/x86_64 -c -o src/math/logbl.o src/math/logbl.c
./build.sh: line 209: ../tcc-0.9.27/tcc: not found
+ ../tcc-0.9.27/tcc -Os -nostdinc -ffreestanding '-std=c99' '-D_XOPEN_SOURCE=700' -pipe -g -I./include -I./src/internal -I./arch/x86_64 -c -o src/math/logf.o src/math/logf.c
./build.sh: line 210: ../tcc-0.9.27/tcc: not found
+ ../tcc-0.9.27/tcc -Os -nostdinc -ffreestanding '-std=c99' '-D_XOPEN_SOURCE=700' -pipe -g -I./include -I./src/internal -I./arch/x86_64 -c -o src/math/logl.o src/math/logl.c
./build.sh: line 211: ../tcc-0.9.27/tcc: not found
+ ../tcc-0.9.27/tcc -Os -nostdinc -ffreestanding '-std=c99' '-D_XOPEN_SOURCE=700' -pipe -g -I./include -I./src/internal -I./arch/x86_64 -c -o src/math/s_asinh.o src/math/s_asinh.c
./build.sh: line 212: ../tcc-0.9.27/tcc: not found
+ ../tcc-0.9.27/tcc -Os -nostdinc -ffreestanding '-std=c99' '-D_XOPEN_SOURCE=700' -pipe -g -I./include -I./src/internal -I./arch/x86_64 -c -o src/math/s_asinhf.o src/math/s_asinhf.c
./build.sh: line 213: ../tcc-0.9.27/tcc: not found
+ ../tcc-0.9.27/tcc -Os -nostdinc -ffreestanding '-std=c99' '-D_XOPEN_SOURCE=700' -pipe -g -I./include -I./src/internal -I./arch/x86_64 -c -o src/math/s_atan.o src/math/s_atan.c
./build.sh: line 214: ../tcc-0.9.27/tcc: not found
+ ../tcc-0.9.27/tcc -Os -nostdinc -ffreestanding '-std=c99' '-D_XOPEN_SOURCE=700' -pipe -g -I./include -I./src/internal -I./arch/x86_64 -c -o src/math/s_atanf.o src/math/s_atanf.c
./build.sh: line 215: ../tcc-0.9.27/tcc: not found
+ ../tcc-0.9.27/tcc -Os -nostdinc -ffreestanding '-std=c99' '-D_XOPEN_SOURCE=700' -pipe -g -I./include -I./src/internal -I./arch/x86_64 -c -o src/math/s_cbrt.o src/math/s_cbrt.c
./build.sh: line 216: ../tcc-0.9.27/tcc: not found
+ ../tcc-0.9.27/tcc -Os -nostdinc -ffreestanding '-std=c99' '-D_XOPEN_SOURCE=700' -pipe -g -I./include -I./src/internal -I./arch/x86_64 -c -o src/math/s_cbrtf.o src/math/s_cbrtf.c
./build.sh: line 217: ../tcc-0.9.27/tcc: not found
+ ../tcc-0.9.27/tcc -Os -nostdinc -ffreestanding '-std=c99' '-D_XOPEN_SOURCE=700' -pipe -g -I./include -I./src/internal -I./arch/x86_64 -c -o src/math/s_ceil.o src/math/s_ceil.c
./build.sh: line 218: ../tcc-0.9.27/tcc: not found
+ ../tcc-0.9.27/tcc -Os -nostdinc -ffreestanding '-std=c99' '-D_XOPEN_SOURCE=700' -pipe -g -I./include -I./src/internal -I./arch/x86_64 -c -o src/math/s_ceilf.o src/math/s_ceilf.c
./build.sh: line 219: ../tcc-0.9.27/tcc: not found
+ ../tcc-0.9.27/tcc -Os -nostdinc -ffreestanding '-std=c99' '-D_XOPEN_SOURCE=700' -pipe -g -I./include -I./src/internal -I./arch/x86_64 -c -o src/math/s_copysign.o src/math/s_copysign.c
./build.sh: line 220: ../tcc-0.9.27/tcc: not found
+ ../tcc-0.9.27/tcc -Os -nostdinc -ffreestanding '-std=c99' '-D_XOPEN_SOURCE=700' -pipe -g -I./include -I./src/internal -I./arch/x86_64 -c -o src/math/s_copysignf.o src/math/s_copysignf.c
./build.sh: line 221: ../tcc-0.9.27/tcc: not found
+ ../tcc-0.9.27/tcc -Os -nostdinc -ffreestanding '-std=c99' '-D_XOPEN_SOURCE=700' -pipe -g -I./include -I./src/internal -I./arch/x86_64 -c -o src/math/s_cos.o src/math/s_cos.c
./build.sh: line 222: ../tcc-0.9.27/tcc: not found
+ ../tcc-0.9.27/tcc -Os -nostdinc -ffreestanding '-std=c99' '-D_XOPEN_SOURCE=700' -pipe -g -I./include -I./src/internal -I./arch/x86_64 -c -o src/math/s_cosf.o src/math/s_cosf.c
./build.sh: line 223: ../tcc-0.9.27/tcc: not found
+ ../tcc-0.9.27/tcc -Os -nostdinc -ffreestanding '-std=c99' '-D_XOPEN_SOURCE=700' -pipe -g -I./include -I./src/internal -I./arch/x86_64 -c -o src/math/s_erf.o src/math/s_erf.c
./build.sh: line 224: ../tcc-0.9.27/tcc: not found
+ ../tcc-0.9.27/tcc -Os -nostdinc -ffreestanding '-std=c99' '-D_XOPEN_SOURCE=700' -pipe -g -I./include -I./src/internal -I./arch/x86_64 -c -o src/math/s_erff.o src/math/s_erff.c
./build.sh: line 225: ../tcc-0.9.27/tcc: not found
+ ../tcc-0.9.27/tcc -Os -nostdinc -ffreestanding '-std=c99' '-D_XOPEN_SOURCE=700' -pipe -g -I./include -I./src/internal -I./arch/x86_64 -c -o src/math/s_expm1.o src/math/s_expm1.c
./build.sh: line 226: ../tcc-0.9.27/tcc: not found
+ ../tcc-0.9.27/tcc -Os -nostdinc -ffreestanding '-std=c99' '-D_XOPEN_SOURCE=700' -pipe -g -I./include -I./src/internal -I./arch/x86_64 -c -o src/math/s_expm1f.o src/math/s_expm1f.c
./build.sh: line 227: ../tcc-0.9.27/tcc: not found
+ ../tcc-0.9.27/tcc -Os -nostdinc -ffreestanding '-std=c99' '-D_XOPEN_SOURCE=700' -pipe -g -I./include -I./src/internal -I./arch/x86_64 -c -o src/math/s_fabs.o src/math/s_fabs.c
./build.sh: line 228: ../tcc-0.9.27/tcc: not found
+ ../tcc-0.9.27/tcc -Os -nostdinc -ffreestanding '-std=c99' '-D_XOPEN_SOURCE=700' -pipe -g -I./include -I./src/internal -I./arch/x86_64 -c -o src/math/s_fabsf.o src/math/s_fabsf.c
./build.sh: line 229: ../tcc-0.9.27/tcc: not found
+ ../tcc-0.9.27/tcc -Os -nostdinc -ffreestanding '-std=c99' '-D_XOPEN_SOURCE=700' -pipe -g -I./include -I./src/internal -I./arch/x86_64 -c -o src/math/s_floor.o src/math/s_floor.c
./build.sh: line 230: ../tcc-0.9.27/tcc: not found
+ ../tcc-0.9.27/tcc -Os -nostdinc -ffreestanding '-std=c99' '-D_XOPEN_SOURCE=700' -pipe -g -I./include -I./src/internal -I./arch/x86_64 -c -o src/math/s_floorf.o src/math/s_floorf.c
./build.sh: line 231: ../tcc-0.9.27/tcc: not found
+ ../tcc-0.9.27/tcc -Os -nostdinc -ffreestanding '-std=c99' '-D_XOPEN_SOURCE=700' -pipe -g -I./include -I./src/internal -I./arch/x86_64 -c -o src/math/s_ilogb.o src/math/s_ilogb.c
./build.sh: line 232: ../tcc-0.9.27/tcc: not found
+ ../tcc-0.9.27/tcc -Os -nostdinc -ffreestanding '-std=c99' '-D_XOPEN_SOURCE=700' -pipe -g -I./include -I./src/internal -I./arch/x86_64 -c -o src/math/s_ilogbf.o src/math/s_ilogbf.c
./build.sh: line 233: ../tcc-0.9.27/tcc: not found
+ ../tcc-0.9.27/tcc -Os -nostdinc -ffreestanding '-std=c99' '-D_XOPEN_SOURCE=700' -pipe -g -I./include -I./src/internal -I./arch/x86_64 -c -o src/math/s_ldexp.o src/math/s_ldexp.c
./build.sh: line 234: ../tcc-0.9.27/tcc: not found
+ ../tcc-0.9.27/tcc -Os -nostdinc -ffreestanding '-std=c99' '-D_XOPEN_SOURCE=700' -pipe -g -I./include -I./src/internal -I./arch/x86_64 -c -o src/math/s_ldexpf.o src/math/s_ldexpf.c
./build.sh: line 235: ../tcc-0.9.27/tcc: not found
+ ../tcc-0.9.27/tcc -Os -nostdinc -ffreestanding '-std=c99' '-D_XOPEN_SOURCE=700' -pipe -g -I./include -I./src/internal -I./arch/x86_64 -c -o src/math/s_llrint.o src/math/s_llrint.c
./build.sh: line 236: ../tcc-0.9.27/tcc: not found
+ ../tcc-0.9.27/tcc -Os -nostdinc -ffreestanding '-std=c99' '-D_XOPEN_SOURCE=700' -pipe -g -I./include -I./src/internal -I./arch/x86_64 -c -o src/math/s_log1p.o src/math/s_log1p.c
./build.sh: line 237: ../tcc-0.9.27/tcc: not found
+ ../tcc-0.9.27/tcc -Os -nostdinc -ffreestanding '-std=c99' '-D_XOPEN_SOURCE=700' -pipe -g -I./include -I./src/internal -I./arch/x86_64 -c -o src/math/s_log1pf.o src/math/s_log1pf.c
./build.sh: line 238: ../tcc-0.9.27/tcc: not found
+ ../tcc-0.9.27/tcc -Os -nostdinc -ffreestanding '-std=c99' '-D_XOPEN_SOURCE=700' -pipe -g -I./include -I./src/internal -I./arch/x86_64 -c -o src/math/s_logb.o src/math/s_logb.c
./build.sh: line 239: ../tcc-0.9.27/tcc: not found
+ ../tcc-0.9.27/tcc -Os -nostdinc -ffreestanding '-std=c99' '-D_XOPEN_SOURCE=700' -pipe -g -I./include -I./src/internal -I./arch/x86_64 -c -o src/math/s_logbf.o src/math/s_logbf.c
./build.sh: line 240: ../tcc-0.9.27/tcc: not found
+ ../tcc-0.9.27/tcc -Os -nostdinc -ffreestanding '-std=c99' '-D_XOPEN_SOURCE=700' -pipe -g -I./include -I./src/internal -I./arch/x86_64 -c -o src/math/s_lrint.o src/math/s_lrint.c
./build.sh: line 241: ../tcc-0.9.27/tcc: not found
+ ../tcc-0.9.27/tcc -Os -nostdinc -ffreestanding '-std=c99' '-D_XOPEN_SOURCE=700' -pipe -g -I./include -I./src/internal -I./arch/x86_64 -c -o src/math/s_lrintf.o src/math/s_lrintf.c
./build.sh: line 242: ../tcc-0.9.27/tcc: not found
+ ../tcc-0.9.27/tcc -Os -nostdinc -ffreestanding '-std=c99' '-D_XOPEN_SOURCE=700' -pipe -g -I./include -I./src/internal -I./arch/x86_64 -c -o src/math/s_modf.o src/math/s_modf.c
./build.sh: line 243: ../tcc-0.9.27/tcc: not found
+ ../tcc-0.9.27/tcc -Os -nostdinc -ffreestanding '-std=c99' '-D_XOPEN_SOURCE=700' -pipe -g -I./include -I./src/internal -I./arch/x86_64 -c -o src/math/s_modff.o src/math/s_modff.c
./build.sh: line 244: ../tcc-0.9.27/tcc: not found
+ ../tcc-0.9.27/tcc -Os -nostdinc -ffreestanding '-std=c99' '-D_XOPEN_SOURCE=700' -pipe -g -I./include -I./src/internal -I./arch/x86_64 -c -o src/math/s_nextafter.o src/math/s_nextafter.c
./build.sh: line 245: ../tcc-0.9.27/tcc: not found
+ ../tcc-0.9.27/tcc -Os -nostdinc -ffreestanding '-std=c99' '-D_XOPEN_SOURCE=700' -pipe -g -I./include -I./src/internal -I./arch/x86_64 -c -o src/math/s_nextafterf.o src/math/s_nextafterf.c
./build.sh: line 246: ../tcc-0.9.27/tcc: not found
+ ../tcc-0.9.27/tcc -Os -nostdinc -ffreestanding '-std=c99' '-D_XOPEN_SOURCE=700' -pipe -g -I./include -I./src/internal -I./arch/x86_64 -c -o src/math/s_remquo.o src/math/s_remquo.c
./build.sh: line 247: ../tcc-0.9.27/tcc: not found
+ ../tcc-0.9.27/tcc -Os -nostdinc -ffreestanding '-std=c99' '-D_XOPEN_SOURCE=700' -pipe -g -I./include -I./src/internal -I./arch/x86_64 -c -o src/math/s_remquof.o src/math/s_remquof.c
./build.sh: line 248: ../tcc-0.9.27/tcc: not found
+ ../tcc-0.9.27/tcc -Os -nostdinc -ffreestanding '-std=c99' '-D_XOPEN_SOURCE=700' -pipe -g -I./include -I./src/internal -I./arch/x86_64 -c -o src/math/s_rint.o src/math/s_rint.c
./build.sh: line 249: ../tcc-0.9.27/tcc: not found
+ ../tcc-0.9.27/tcc -Os -nostdinc -ffreestanding '-std=c99' '-D_XOPEN_SOURCE=700' -pipe -g -I./include -I./src/internal -I./arch/x86_64 -c -o src/math/s_rintf.o src/math/s_rintf.c
./build.sh: line 250: ../tcc-0.9.27/tcc: not found
+ ../tcc-0.9.27/tcc -Os -nostdinc -ffreestanding '-std=c99' '-D_XOPEN_SOURCE=700' -pipe -g -I./include -I./src/internal -I./arch/x86_64 -c -o src/math/s_round.o src/math/s_round.c
./build.sh: line 251: ../tcc-0.9.27/tcc: not found
+ ../tcc-0.9.27/tcc -Os -nostdinc -ffreestanding '-std=c99' '-D_XOPEN_SOURCE=700' -pipe -g -I./include -I./src/internal -I./arch/x86_64 -c -o src/math/s_roundf.o src/math/s_roundf.c
./build.sh: line 252: ../tcc-0.9.27/tcc: not found
+ ../tcc-0.9.27/tcc -Os -nostdinc -ffreestanding '-std=c99' '-D_XOPEN_SOURCE=700' -pipe -g -I./include -I./src/internal -I./arch/x86_64 -c -o src/math/s_scalbln.o src/math/s_scalbln.c
./build.sh: line 253: ../tcc-0.9.27/tcc: not found
+ ../tcc-0.9.27/tcc -Os -nostdinc -ffreestanding '-std=c99' '-D_XOPEN_SOURCE=700' -pipe -g -I./include -I./src/internal -I./arch/x86_64 -c -o src/math/s_scalblnf.o src/math/s_scalblnf.c
./build.sh: line 254: ../tcc-0.9.27/tcc: not found
+ ../tcc-0.9.27/tcc -Os -nostdinc -ffreestanding '-std=c99' '-D_XOPEN_SOURCE=700' -pipe -g -I./include -I./src/internal -I./arch/x86_64 -c -o src/math/s_sin.o src/math/s_sin.c
./build.sh: line 255: ../tcc-0.9.27/tcc: not found
+ ../tcc-0.9.27/tcc -Os -nostdinc -ffreestanding '-std=c99' '-D_XOPEN_SOURCE=700' -pipe -g -I./include -I./src/internal -I./arch/x86_64 -c -o src/math/s_sinf.o src/math/s_sinf.c
./build.sh: line 256: ../tcc-0.9.27/tcc: not found
+ ../tcc-0.9.27/tcc -Os -nostdinc -ffreestanding '-std=c99' '-D_XOPEN_SOURCE=700' -pipe -g -I./include -I./src/internal -I./arch/x86_64 -c -o src/math/s_tan.o src/math/s_tan.c
./build.sh: line 257: ../tcc-0.9.27/tcc: not found
+ ../tcc-0.9.27/tcc -Os -nostdinc -ffreestanding '-std=c99' '-D_XOPEN_SOURCE=700' -pipe -g -I./include -I./src/internal -I./arch/x86_64 -c -o src/math/s_tanf.o src/math/s_tanf.c
./build.sh: line 258: ../tcc-0.9.27/tcc: not found
+ ../tcc-0.9.27/tcc -Os -nostdinc -ffreestanding '-std=c99' '-D_XOPEN_SOURCE=700' -pipe -g -I./include -I./src/internal -I./arch/x86_64 -c -o src/math/s_tanh.o src/math/s_tanh.c
./build.sh: line 259: ../tcc-0.9.27/tcc: not found
+ ../tcc-0.9.27/tcc -Os -nostdinc -ffreestanding '-std=c99' '-D_XOPEN_SOURCE=700' -pipe -g -I./include -I./src/internal -I./arch/x86_64 -c -o src/math/s_tanhf.o src/math/s_tanhf.c
./build.sh: line 260: ../tcc-0.9.27/tcc: not found
+ ../tcc-0.9.27/tcc -Os -nostdinc -ffreestanding '-std=c99' '-D_XOPEN_SOURCE=700' -pipe -g -I./include -I./src/internal -I./arch/x86_64 -c -o src/math/s_trunc.o src/math/s_trunc.c
./build.sh: line 261: ../tcc-0.9.27/tcc: not found
+ ../tcc-0.9.27/tcc -Os -nostdinc -ffreestanding '-std=c99' '-D_XOPEN_SOURCE=700' -pipe -g -I./include -I./src/internal -I./arch/x86_64 -c -o src/math/s_truncf.o src/math/s_truncf.c
./build.sh: line 262: ../tcc-0.9.27/tcc: not found
+ ../tcc-0.9.27/tcc -Os -nostdinc -ffreestanding '-std=c99' '-D_XOPEN_SOURCE=700' -pipe -g -I./include -I./src/internal -I./arch/x86_64 -c -o src/misc/basename.o src/misc/basename.c
./build.sh: line 263: ../tcc-0.9.27/tcc: not found
+ ../tcc-0.9.27/tcc -Os -nostdinc -ffreestanding '-std=c99' '-D_XOPEN_SOURCE=700' -pipe -g -I./include -I./src/internal -I./arch/x86_64 -c -o src/misc/bswap_32.o src/misc/bswap_32.c
./build.sh: line 264: ../tcc-0.9.27/tcc: not found
+ ../tcc-0.9.27/tcc -Os -nostdinc -ffreestanding '-std=c99' '-D_XOPEN_SOURCE=700' -pipe -g -I./include -I./src/internal -I./arch/x86_64 -c -o src/misc/bswap_64.o src/misc/bswap_64.c
./build.sh: line 265: ../tcc-0.9.27/tcc: not found
+ ../tcc-0.9.27/tcc -Os -nostdinc -ffreestanding '-std=c99' '-D_XOPEN_SOURCE=700' -pipe -g -I./include -I./src/internal -I./arch/x86_64 -c -o src/misc/crypt.o src/misc/crypt.c
./build.sh: line 266: ../tcc-0.9.27/tcc: not found
+ ../tcc-0.9.27/tcc -Os -nostdinc -ffreestanding '-std=c99' '-D_XOPEN_SOURCE=700' -pipe -g -I./include -I./src/internal -I./arch/x86_64 -c -o src/misc/cuserid.o src/misc/cuserid.c
./build.sh: line 267: ../tcc-0.9.27/tcc: not found
+ ../tcc-0.9.27/tcc -Os -nostdinc -ffreestanding '-std=c99' '-D_XOPEN_SOURCE=700' -pipe -g -I./include -I./src/internal -I./arch/x86_64 -c -o src/misc/dirname.o src/misc/dirname.c
./build.sh: line 268: ../tcc-0.9.27/tcc: not found
+ ../tcc-0.9.27/tcc -Os -nostdinc -ffreestanding '-std=c99' '-D_XOPEN_SOURCE=700' -pipe -g -I./include -I./src/internal -I./arch/x86_64 -c -o src/misc/ffs.o src/misc/ffs.c
./build.sh: line 269: ../tcc-0.9.27/tcc: not found
+ ../tcc-0.9.27/tcc -Os -nostdinc -ffreestanding '-std=c99' '-D_XOPEN_SOURCE=700' -pipe -g -I./include -I./src/internal -I./arch/x86_64 -c -o src/misc/ftw.o src/misc/ftw.c
./build.sh: line 270: ../tcc-0.9.27/tcc: not found
+ ../tcc-0.9.27/tcc -Os -nostdinc -ffreestanding '-std=c99' '-D_XOPEN_SOURCE=700' -pipe -g -I./include -I./src/internal -I./arch/x86_64 -c -o src/misc/getdomainname.o src/misc/getdomainname.c
./build.sh: line 271: ../tcc-0.9.27/tcc: not found
+ ../tcc-0.9.27/tcc -Os -nostdinc -ffreestanding '-std=c99' '-D_XOPEN_SOURCE=700' -pipe -g -I./include -I./src/internal -I./arch/x86_64 -c -o src/misc/getgrouplist.o src/misc/getgrouplist.c
./build.sh: line 272: ../tcc-0.9.27/tcc: not found
+ ../tcc-0.9.27/tcc -Os -nostdinc -ffreestanding '-std=c99' '-D_XOPEN_SOURCE=700' -pipe -g -I./include -I./src/internal -I./arch/x86_64 -c -o src/misc/getopt.o src/misc/getopt.c
./build.sh: line 273: ../tcc-0.9.27/tcc: not found
+ ../tcc-0.9.27/tcc -Os -nostdinc -ffreestanding '-std=c99' '-D_XOPEN_SOURCE=700' -pipe -g -I./include -I./src/internal -I./arch/x86_64 -c -o src/misc/getpriority.o src/misc/getpriority.c
./build.sh: line 274: ../tcc-0.9.27/tcc: not found
+ ../tcc-0.9.27/tcc -Os -nostdinc -ffreestanding '-std=c99' '-D_XOPEN_SOURCE=700' -pipe -g -I./include -I./src/internal -I./arch/x86_64 -c -o src/misc/getrlimit.o src/misc/getrlimit.c
./build.sh: line 275: ../tcc-0.9.27/tcc: not found
+ ../tcc-0.9.27/tcc -Os -nostdinc -ffreestanding '-std=c99' '-D_XOPEN_SOURCE=700' -pipe -g -I./include -I./src/internal -I./arch/x86_64 -c -o src/misc/getrusage.o src/misc/getrusage.c
./build.sh: line 276: ../tcc-0.9.27/tcc: not found
+ ../tcc-0.9.27/tcc -Os -nostdinc -ffreestanding '-std=c99' '-D_XOPEN_SOURCE=700' -pipe -g -I./include -I./src/internal -I./arch/x86_64 -c -o src/misc/getsubopt.o src/misc/getsubopt.c
./build.sh: line 277: ../tcc-0.9.27/tcc: not found
+ ../tcc-0.9.27/tcc -Os -nostdinc -ffreestanding '-std=c99' '-D_XOPEN_SOURCE=700' -pipe -g -I./include -I./src/internal -I./arch/x86_64 -c -o src/misc/ioctl.o src/misc/ioctl.c
./build.sh: line 278: ../tcc-0.9.27/tcc: not found
+ ../tcc-0.9.27/tcc -Os -nostdinc -ffreestanding '-std=c99' '-D_XOPEN_SOURCE=700' -pipe -g -I./include -I./src/internal -I./arch/x86_64 -c -o src/misc/lockf.o src/misc/lockf.c
./build.sh: line 279: ../tcc-0.9.27/tcc: not found
+ ../tcc-0.9.27/tcc -Os -nostdinc -ffreestanding '-std=c99' '-D_XOPEN_SOURCE=700' -pipe -g -I./include -I./src/internal -I./arch/x86_64 -c -o src/misc/nftw.o src/misc/nftw.c
./build.sh: line 280: ../tcc-0.9.27/tcc: not found
+ ../tcc-0.9.27/tcc -Os -nostdinc -ffreestanding '-std=c99' '-D_XOPEN_SOURCE=700' -pipe -g -I./include -I./src/internal -I./arch/x86_64 -c -o src/misc/openpty.o src/misc/openpty.c
./build.sh: line 281: ../tcc-0.9.27/tcc: not found
+ ../tcc-0.9.27/tcc -Os -nostdinc -ffreestanding '-std=c99' '-D_XOPEN_SOURCE=700' -pipe -g -I./include -I./src/internal -I./arch/x86_64 -c -o src/misc/pty.o src/misc/pty.c
./build.sh: line 282: ../tcc-0.9.27/tcc: not found
+ ../tcc-0.9.27/tcc -Os -nostdinc -ffreestanding '-std=c99' '-D_XOPEN_SOURCE=700' -pipe -g -I./include -I./src/internal -I./arch/x86_64 -c -o src/misc/realpath.o src/misc/realpath.c
./build.sh: line 283: ../tcc-0.9.27/tcc: not found
+ ../tcc-0.9.27/tcc -Os -nostdinc -ffreestanding '-std=c99' '-D_XOPEN_SOURCE=700' -pipe -g -I./include -I./src/internal -I./arch/x86_64 -c -o src/misc/sched_yield.o src/misc/sched_yield.c
./build.sh: line 284: ../tcc-0.9.27/tcc: not found
+ ../tcc-0.9.27/tcc -Os -nostdinc -ffreestanding '-std=c99' '-D_XOPEN_SOURCE=700' -pipe -g -I./include -I./src/internal -I./arch/x86_64 -c -o src/misc/setpriority.o src/misc/setpriority.c
./build.sh: line 285: ../tcc-0.9.27/tcc: not found
+ ../tcc-0.9.27/tcc -Os -nostdinc -ffreestanding '-std=c99' '-D_XOPEN_SOURCE=700' -pipe -g -I./include -I./src/internal -I./arch/x86_64 -c -o src/misc/setrlimit.o src/misc/setrlimit.c
./build.sh: line 286: ../tcc-0.9.27/tcc: not found
+ ../tcc-0.9.27/tcc -Os -nostdinc -ffreestanding '-std=c99' '-D_XOPEN_SOURCE=700' -pipe -g -I./include -I./src/internal -I./arch/x86_64 -c -o src/misc/syslog.o src/misc/syslog.c
./build.sh: line 287: ../tcc-0.9.27/tcc: not found
+ ../tcc-0.9.27/tcc -Os -nostdinc -ffreestanding '-std=c99' '-D_XOPEN_SOURCE=700' -pipe -g -I./include -I./src/internal -I./arch/x86_64 -c -o src/misc/uname.o src/misc/uname.c
./build.sh: line 288: ../tcc-0.9.27/tcc: not found
+ ../tcc-0.9.27/tcc -Os -nostdinc -ffreestanding '-std=c99' '-D_XOPEN_SOURCE=700' -pipe -g -I./include -I./src/internal -I./arch/x86_64 -c -o src/mman/madvise.o src/mman/madvise.c
./build.sh: line 289: ../tcc-0.9.27/tcc: not found
+ ../tcc-0.9.27/tcc -Os -nostdinc -ffreestanding '-std=c99' '-D_XOPEN_SOURCE=700' -pipe -g -I./include -I./src/internal -I./arch/x86_64 -c -o src/mman/mlock.o src/mman/mlock.c
./build.sh: line 290: ../tcc-0.9.27/tcc: not found
+ ../tcc-0.9.27/tcc -Os -nostdinc -ffreestanding '-std=c99' '-D_XOPEN_SOURCE=700' -pipe -g -I./include -I./src/internal -I./arch/x86_64 -c -o src/mman/mlockall.o src/mman/mlockall.c
./build.sh: line 291: ../tcc-0.9.27/tcc: not found
+ ../tcc-0.9.27/tcc -Os -nostdinc -ffreestanding '-std=c99' '-D_XOPEN_SOURCE=700' -pipe -g -I./include -I./src/internal -I./arch/x86_64 -c -o src/mman/mmap.o src/mman/mmap.c
./build.sh: line 292: ../tcc-0.9.27/tcc: not found
+ ../tcc-0.9.27/tcc -Os -nostdinc -ffreestanding '-std=c99' '-D_XOPEN_SOURCE=700' -pipe -g -I./include -I./src/internal -I./arch/x86_64 -c -o src/mman/mprotect.o src/mman/mprotect.c
./build.sh: line 293: ../tcc-0.9.27/tcc: not found
+ ../tcc-0.9.27/tcc -Os -nostdinc -ffreestanding '-std=c99' '-D_XOPEN_SOURCE=700' -pipe -g -I./include -I./src/internal -I./arch/x86_64 -c -o src/mman/mremap.o src/mman/mremap.c
./build.sh: line 294: ../tcc-0.9.27/tcc: not found
+ ../tcc-0.9.27/tcc -Os -nostdinc -ffreestanding '-std=c99' '-D_XOPEN_SOURCE=700' -pipe -g -I./include -I./src/internal -I./arch/x86_64 -c -o src/mman/msync.o src/mman/msync.c
./build.sh: line 295: ../tcc-0.9.27/tcc: not found
+ ../tcc-0.9.27/tcc -Os -nostdinc -ffreestanding '-std=c99' '-D_XOPEN_SOURCE=700' -pipe -g -I./include -I./src/internal -I./arch/x86_64 -c -o src/mman/munlock.o src/mman/munlock.c
./build.sh: line 296: ../tcc-0.9.27/tcc: not found
+ ../tcc-0.9.27/tcc -Os -nostdinc -ffreestanding '-std=c99' '-D_XOPEN_SOURCE=700' -pipe -g -I./include -I./src/internal -I./arch/x86_64 -c -o src/mman/munlockall.o src/mman/munlockall.c
./build.sh: line 297: ../tcc-0.9.27/tcc: not found
+ ../tcc-0.9.27/tcc -Os -nostdinc -ffreestanding '-std=c99' '-D_XOPEN_SOURCE=700' -pipe -g -I./include -I./src/internal -I./arch/x86_64 -c -o src/mman/munmap.o src/mman/munmap.c
./build.sh: line 298: ../tcc-0.9.27/tcc: not found
+ ../tcc-0.9.27/tcc -Os -nostdinc -ffreestanding '-std=c99' '-D_XOPEN_SOURCE=700' -pipe -g -I./include -I./src/internal -I./arch/x86_64 -c -o src/mman/posix_madvise.o src/mman/posix_madvise.c
./build.sh: line 299: ../tcc-0.9.27/tcc: not found
+ ../tcc-0.9.27/tcc -Os -nostdinc -ffreestanding '-std=c99' '-D_XOPEN_SOURCE=700' -pipe -g -I./include -I./src/internal -I./arch/x86_64 -c -o src/multibyte/btowc.o src/multibyte/btowc.c
./build.sh: line 300: ../tcc-0.9.27/tcc: not found
+ ../tcc-0.9.27/tcc -Os -nostdinc -ffreestanding '-std=c99' '-D_XOPEN_SOURCE=700' -pipe -g -I./include -I./src/internal -I./arch/x86_64 -c -o src/multibyte/decode.o src/multibyte/decode.c
./build.sh: line 301: ../tcc-0.9.27/tcc: not found
+ ../tcc-0.9.27/tcc -Os -nostdinc -ffreestanding '-std=c99' '-D_XOPEN_SOURCE=700' -pipe -g -I./include -I./src/internal -I./arch/x86_64 -c -o src/multibyte/internal.o src/multibyte/internal.c
./build.sh: line 302: ../tcc-0.9.27/tcc: not found
+ ../tcc-0.9.27/tcc -Os -nostdinc -ffreestanding '-std=c99' '-D_XOPEN_SOURCE=700' -pipe -g -I./include -I./src/internal -I./arch/x86_64 -c -o src/multibyte/mblen.o src/multibyte/mblen.c
./build.sh: line 303: ../tcc-0.9.27/tcc: not found
+ ../tcc-0.9.27/tcc -Os -nostdinc -ffreestanding '-std=c99' '-D_XOPEN_SOURCE=700' -pipe -g -I./include -I./src/internal -I./arch/x86_64 -c -o src/multibyte/mbrlen.o src/multibyte/mbrlen.c
./build.sh: line 304: ../tcc-0.9.27/tcc: not found
+ ../tcc-0.9.27/tcc -Os -nostdinc -ffreestanding '-std=c99' '-D_XOPEN_SOURCE=700' -pipe -g -I./include -I./src/internal -I./arch/x86_64 -c -o src/multibyte/mbrtowc.o src/multibyte/mbrtowc.c
./build.sh: line 305: ../tcc-0.9.27/tcc: not found
+ ../tcc-0.9.27/tcc -Os -nostdinc -ffreestanding '-std=c99' '-D_XOPEN_SOURCE=700' -pipe -g -I./include -I./src/internal -I./arch/x86_64 -c -o src/multibyte/mbsinit.o src/multibyte/mbsinit.c
./build.sh: line 306: ../tcc-0.9.27/tcc: not found
+ ../tcc-0.9.27/tcc -Os -nostdinc -ffreestanding '-std=c99' '-D_XOPEN_SOURCE=700' -pipe -g -I./include -I./src/internal -I./arch/x86_64 -c -o src/multibyte/mbsnrtowcs.o src/multibyte/mbsnrtowcs.c
./build.sh: line 307: ../tcc-0.9.27/tcc: not found
+ ../tcc-0.9.27/tcc -Os -nostdinc -ffreestanding '-std=c99' '-D_XOPEN_SOURCE=700' -pipe -g -I./include -I./src/internal -I./arch/x86_64 -c -o src/multibyte/mbsrtowcs.o src/multibyte/mbsrtowcs.c
./build.sh: line 308: ../tcc-0.9.27/tcc: not found
+ ../tcc-0.9.27/tcc -Os -nostdinc -ffreestanding '-std=c99' '-D_XOPEN_SOURCE=700' -pipe -g -I./include -I./src/internal -I./arch/x86_64 -c -o src/multibyte/mbstowcs.o src/multibyte/mbstowcs.c
./build.sh: line 309: ../tcc-0.9.27/tcc: not found
+ ../tcc-0.9.27/tcc -Os -nostdinc -ffreestanding '-std=c99' '-D_XOPEN_SOURCE=700' -pipe -g -I./include -I./src/internal -I./arch/x86_64 -c -o src/multibyte/mbtowc.o src/multibyte/mbtowc.c
./build.sh: line 310: ../tcc-0.9.27/tcc: not found
+ ../tcc-0.9.27/tcc -Os -nostdinc -ffreestanding '-std=c99' '-D_XOPEN_SOURCE=700' -pipe -g -I./include -I./src/internal -I./arch/x86_64 -c -o src/multibyte/wcrtomb.o src/multibyte/wcrtomb.c
./build.sh: line 311: ../tcc-0.9.27/tcc: not found
+ ../tcc-0.9.27/tcc -Os -nostdinc -ffreestanding '-std=c99' '-D_XOPEN_SOURCE=700' -pipe -g -I./include -I./src/internal -I./arch/x86_64 -c -o src/multibyte/wcsnrtombs.o src/multibyte/wcsnrtombs.c
./build.sh: line 312: ../tcc-0.9.27/tcc: not found
+ ../tcc-0.9.27/tcc -Os -nostdinc -ffreestanding '-std=c99' '-D_XOPEN_SOURCE=700' -pipe -g -I./include -I./src/internal -I./arch/x86_64 -c -o src/multibyte/wcsrtombs.o src/multibyte/wcsrtombs.c
./build.sh: line 313: ../tcc-0.9.27/tcc: not found
+ ../tcc-0.9.27/tcc -Os -nostdinc -ffreestanding '-std=c99' '-D_XOPEN_SOURCE=700' -pipe -g -I./include -I./src/internal -I./arch/x86_64 -c -o src/multibyte/wcstombs.o src/multibyte/wcstombs.c
./build.sh: line 314: ../tcc-0.9.27/tcc: not found
+ ../tcc-0.9.27/tcc -Os -nostdinc -ffreestanding '-std=c99' '-D_XOPEN_SOURCE=700' -pipe -g -I./include -I./src/internal -I./arch/x86_64 -c -o src/multibyte/wctob.o src/multibyte/wctob.c
./build.sh: line 315: ../tcc-0.9.27/tcc: not found
+ ../tcc-0.9.27/tcc -Os -nostdinc -ffreestanding '-std=c99' '-D_XOPEN_SOURCE=700' -pipe -g -I./include -I./src/internal -I./arch/x86_64 -c -o src/multibyte/wctomb.o src/multibyte/wctomb.c
./build.sh: line 316: ../tcc-0.9.27/tcc: not found
+ ../tcc-0.9.27/tcc -Os -nostdinc -ffreestanding '-std=c99' '-D_XOPEN_SOURCE=700' -pipe -g -I./include -I./src/internal -I./arch/x86_64 -c -o src/network/__dns.o src/network/__dns.c
./build.sh: line 317: ../tcc-0.9.27/tcc: not found
+ ../tcc-0.9.27/tcc -Os -nostdinc -ffreestanding '-std=c99' '-D_XOPEN_SOURCE=700' -pipe -g -I./include -I./src/internal -I./arch/x86_64 -c -o src/network/__ipparse.o src/network/__ipparse.c
./build.sh: line 318: ../tcc-0.9.27/tcc: not found
+ ../tcc-0.9.27/tcc -Os -nostdinc -ffreestanding '-std=c99' '-D_XOPEN_SOURCE=700' -pipe -g -I./include -I./src/internal -I./arch/x86_64 -c -o src/network/accept.o src/network/accept.c
./build.sh: line 319: ../tcc-0.9.27/tcc: not found
+ ../tcc-0.9.27/tcc -Os -nostdinc -ffreestanding '-std=c99' '-D_XOPEN_SOURCE=700' -pipe -g -I./include -I./src/internal -I./arch/x86_64 -c -o src/network/bind.o src/network/bind.c
./build.sh: line 320: ../tcc-0.9.27/tcc: not found
+ ../tcc-0.9.27/tcc -Os -nostdinc -ffreestanding '-std=c99' '-D_XOPEN_SOURCE=700' -pipe -g -I./include -I./src/internal -I./arch/x86_64 -c -o src/network/connect.o src/network/connect.c
./build.sh: line 321: ../tcc-0.9.27/tcc: not found
+ ../tcc-0.9.27/tcc -Os -nostdinc -ffreestanding '-std=c99' '-D_XOPEN_SOURCE=700' -pipe -g -I./include -I./src/internal -I./arch/x86_64 -c -o src/network/dn_expand.o src/network/dn_expand.c
./build.sh: line 322: ../tcc-0.9.27/tcc: not found
+ ../tcc-0.9.27/tcc -Os -nostdinc -ffreestanding '-std=c99' '-D_XOPEN_SOURCE=700' -pipe -g -I./include -I./src/internal -I./arch/x86_64 -c -o src/network/ent.o src/network/ent.c
./build.sh: line 323: ../tcc-0.9.27/tcc: not found
+ ../tcc-0.9.27/tcc -Os -nostdinc -ffreestanding '-std=c99' '-D_XOPEN_SOURCE=700' -pipe -g -I./include -I./src/internal -I./arch/x86_64 -c -o src/network/freeaddrinfo.o src/network/freeaddrinfo.c
./build.sh: line 324: ../tcc-0.9.27/tcc: not found
+ ../tcc-0.9.27/tcc -Os -nostdinc -ffreestanding '-std=c99' '-D_XOPEN_SOURCE=700' -pipe -g -I./include -I./src/internal -I./arch/x86_64 -c -o src/network/gai_strerror.o src/network/gai_strerror.c
./build.sh: line 325: ../tcc-0.9.27/tcc: not found
+ ../tcc-0.9.27/tcc -Os -nostdinc -ffreestanding '-std=c99' '-D_XOPEN_SOURCE=700' -pipe -g -I./include -I./src/internal -I./arch/x86_64 -c -o src/network/getaddrinfo.o src/network/getaddrinfo.c
./build.sh: line 326: ../tcc-0.9.27/tcc: not found
+ ../tcc-0.9.27/tcc -Os -nostdinc -ffreestanding '-std=c99' '-D_XOPEN_SOURCE=700' -pipe -g -I./include -I./src/internal -I./arch/x86_64 -c -o src/network/gethostbyaddr.o src/network/gethostbyaddr.c
./build.sh: line 327: ../tcc-0.9.27/tcc: not found
+ ../tcc-0.9.27/tcc -Os -nostdinc -ffreestanding '-std=c99' '-D_XOPEN_SOURCE=700' -pipe -g -I./include -I./src/internal -I./arch/x86_64 -c -o src/network/gethostbyaddr_r.o src/network/gethostbyaddr_r.c
./build.sh: line 328: ../tcc-0.9.27/tcc: not found
+ ../tcc-0.9.27/tcc -Os -nostdinc -ffreestanding '-std=c99' '-D_XOPEN_SOURCE=700' -pipe -g -I./include -I./src/internal -I./arch/x86_64 -c -o src/network/gethostbyname.o src/network/gethostbyname.c
./build.sh: line 329: ../tcc-0.9.27/tcc: not found
+ ../tcc-0.9.27/tcc -Os -nostdinc -ffreestanding '-std=c99' '-D_XOPEN_SOURCE=700' -pipe -g -I./include -I./src/internal -I./arch/x86_64 -c -o src/network/gethostbyname2.o src/network/gethostbyname2.c
./build.sh: line 330: ../tcc-0.9.27/tcc: not found
+ ../tcc-0.9.27/tcc -Os -nostdinc -ffreestanding '-std=c99' '-D_XOPEN_SOURCE=700' -pipe -g -I./include -I./src/internal -I./arch/x86_64 -c -o src/network/gethostbyname2_r.o src/network/gethostbyname2_r.c
./build.sh: line 331: ../tcc-0.9.27/tcc: not found
+ ../tcc-0.9.27/tcc -Os -nostdinc -ffreestanding '-std=c99' '-D_XOPEN_SOURCE=700' -pipe -g -I./include -I./src/internal -I./arch/x86_64 -c -o src/network/gethostbyname_r.o src/network/gethostbyname_r.c
./build.sh: line 332: ../tcc-0.9.27/tcc: not found
+ ../tcc-0.9.27/tcc -Os -nostdinc -ffreestanding '-std=c99' '-D_XOPEN_SOURCE=700' -pipe -g -I./include -I./src/internal -I./arch/x86_64 -c -o src/network/getnameinfo.o src/network/getnameinfo.c
./build.sh: line 333: ../tcc-0.9.27/tcc: not found
+ ../tcc-0.9.27/tcc -Os -nostdinc -ffreestanding '-std=c99' '-D_XOPEN_SOURCE=700' -pipe -g -I./include -I./src/internal -I./arch/x86_64 -c -o src/network/getpeername.o src/network/getpeername.c
./build.sh: line 334: ../tcc-0.9.27/tcc: not found
+ ../tcc-0.9.27/tcc -Os -nostdinc -ffreestanding '-std=c99' '-D_XOPEN_SOURCE=700' -pipe -g -I./include -I./src/internal -I./arch/x86_64 -c -o src/network/getservbyname.o src/network/getservbyname.c
./build.sh: line 335: ../tcc-0.9.27/tcc: not found
+ ../tcc-0.9.27/tcc -Os -nostdinc -ffreestanding '-std=c99' '-D_XOPEN_SOURCE=700' -pipe -g -I./include -I./src/internal -I./arch/x86_64 -c -o src/network/getservbyname_r.o src/network/getservbyname_r.c
./build.sh: line 336: ../tcc-0.9.27/tcc: not found
+ ../tcc-0.9.27/tcc -Os -nostdinc -ffreestanding '-std=c99' '-D_XOPEN_SOURCE=700' -pipe -g -I./include -I./src/internal -I./arch/x86_64 -c -o src/network/getservbyport.o src/network/getservbyport.c
./build.sh: line 337: ../tcc-0.9.27/tcc: not found
+ ../tcc-0.9.27/tcc -Os -nostdinc -ffreestanding '-std=c99' '-D_XOPEN_SOURCE=700' -pipe -g -I./include -I./src/internal -I./arch/x86_64 -c -o src/network/getservbyport_r.o src/network/getservbyport_r.c
./build.sh: line 338: ../tcc-0.9.27/tcc: not found
+ ../tcc-0.9.27/tcc -Os -nostdinc -ffreestanding '-std=c99' '-D_XOPEN_SOURCE=700' -pipe -g -I./include -I./src/internal -I./arch/x86_64 -c -o src/network/getsockname.o src/network/getsockname.c
./build.sh: line 339: ../tcc-0.9.27/tcc: not found
+ ../tcc-0.9.27/tcc -Os -nostdinc -ffreestanding '-std=c99' '-D_XOPEN_SOURCE=700' -pipe -g -I./include -I./src/internal -I./arch/x86_64 -c -o src/network/getsockopt.o src/network/getsockopt.c
./build.sh: line 340: ../tcc-0.9.27/tcc: not found
+ ../tcc-0.9.27/tcc -Os -nostdinc -ffreestanding '-std=c99' '-D_XOPEN_SOURCE=700' -pipe -g -I./include -I./src/internal -I./arch/x86_64 -c -o src/network/h_errno.o src/network/h_errno.c
./build.sh: line 341: ../tcc-0.9.27/tcc: not found
+ ../tcc-0.9.27/tcc -Os -nostdinc -ffreestanding '-std=c99' '-D_XOPEN_SOURCE=700' -pipe -g -I./include -I./src/internal -I./arch/x86_64 -c -o src/network/hstrerror.o src/network/hstrerror.c
./build.sh: line 342: ../tcc-0.9.27/tcc: not found
+ ../tcc-0.9.27/tcc -Os -nostdinc -ffreestanding '-std=c99' '-D_XOPEN_SOURCE=700' -pipe -g -I./include -I./src/internal -I./arch/x86_64 -c -o src/network/htonl.o src/network/htonl.c
./build.sh: line 343: ../tcc-0.9.27/tcc: not found
+ ../tcc-0.9.27/tcc -Os -nostdinc -ffreestanding '-std=c99' '-D_XOPEN_SOURCE=700' -pipe -g -I./include -I./src/internal -I./arch/x86_64 -c -o src/network/htons.o src/network/htons.c
./build.sh: line 344: ../tcc-0.9.27/tcc: not found
+ ../tcc-0.9.27/tcc -Os -nostdinc -ffreestanding '-std=c99' '-D_XOPEN_SOURCE=700' -pipe -g -I./include -I./src/internal -I./arch/x86_64 -c -o src/network/in6addr_any.o src/network/in6addr_any.c
./build.sh: line 345: ../tcc-0.9.27/tcc: not found
+ ../tcc-0.9.27/tcc -Os -nostdinc -ffreestanding '-std=c99' '-D_XOPEN_SOURCE=700' -pipe -g -I./include -I./src/internal -I./arch/x86_64 -c -o src/network/in6addr_loopback.o src/network/in6addr_loopback.c
./build.sh: line 346: ../tcc-0.9.27/tcc: not found
+ ../tcc-0.9.27/tcc -Os -nostdinc -ffreestanding '-std=c99' '-D_XOPEN_SOURCE=700' -pipe -g -I./include -I./src/internal -I./arch/x86_64 -c -o src/network/inet_addr.o src/network/inet_addr.c
./build.sh: line 347: ../tcc-0.9.27/tcc: not found
+ ../tcc-0.9.27/tcc -Os -nostdinc -ffreestanding '-std=c99' '-D_XOPEN_SOURCE=700' -pipe -g -I./include -I./src/internal -I./arch/x86_64 -c -o src/network/inet_aton.o src/network/inet_aton.c
./build.sh: line 348: ../tcc-0.9.27/tcc: not found
+ ../tcc-0.9.27/tcc -Os -nostdinc -ffreestanding '-std=c99' '-D_XOPEN_SOURCE=700' -pipe -g -I./include -I./src/internal -I./arch/x86_64 -c -o src/network/inet_ntoa.o src/network/inet_ntoa.c
./build.sh: line 349: ../tcc-0.9.27/tcc: not found
+ ../tcc-0.9.27/tcc -Os -nostdinc -ffreestanding '-std=c99' '-D_XOPEN_SOURCE=700' -pipe -g -I./include -I./src/internal -I./arch/x86_64 -c -o src/network/inet_ntop.o src/network/inet_ntop.c
./build.sh: line 350: ../tcc-0.9.27/tcc: not found
+ ../tcc-0.9.27/tcc -Os -nostdinc -ffreestanding '-std=c99' '-D_XOPEN_SOURCE=700' -pipe -g -I./include -I./src/internal -I./arch/x86_64 -c -o src/network/inet_pton.o src/network/inet_pton.c
./build.sh: line 351: ../tcc-0.9.27/tcc: not found
+ ../tcc-0.9.27/tcc -Os -nostdinc -ffreestanding '-std=c99' '-D_XOPEN_SOURCE=700' -pipe -g -I./include -I./src/internal -I./arch/x86_64 -c -o src/network/listen.o src/network/listen.c
./build.sh: line 352: ../tcc-0.9.27/tcc: not found
+ ../tcc-0.9.27/tcc -Os -nostdinc -ffreestanding '-std=c99' '-D_XOPEN_SOURCE=700' -pipe -g -I./include -I./src/internal -I./arch/x86_64 -c -o src/network/ntohl.o src/network/ntohl.c
./build.sh: line 353: ../tcc-0.9.27/tcc: not found
+ ../tcc-0.9.27/tcc -Os -nostdinc -ffreestanding '-std=c99' '-D_XOPEN_SOURCE=700' -pipe -g -I./include -I./src/internal -I./arch/x86_64 -c -o src/network/ntohs.o src/network/ntohs.c
./build.sh: line 354: ../tcc-0.9.27/tcc: not found
+ ../tcc-0.9.27/tcc -Os -nostdinc -ffreestanding '-std=c99' '-D_XOPEN_SOURCE=700' -pipe -g -I./include -I./src/internal -I./arch/x86_64 -c -o src/network/proto.o src/network/proto.c
./build.sh: line 355: ../tcc-0.9.27/tcc: not found
+ ../tcc-0.9.27/tcc -Os -nostdinc -ffreestanding '-std=c99' '-D_XOPEN_SOURCE=700' -pipe -g -I./include -I./src/internal -I./arch/x86_64 -c -o src/network/recv.o src/network/recv.c
./build.sh: line 356: ../tcc-0.9.27/tcc: not found
+ ../tcc-0.9.27/tcc -Os -nostdinc -ffreestanding '-std=c99' '-D_XOPEN_SOURCE=700' -pipe -g -I./include -I./src/internal -I./arch/x86_64 -c -o src/network/recvfrom.o src/network/recvfrom.c
./build.sh: line 357: ../tcc-0.9.27/tcc: not found
+ ../tcc-0.9.27/tcc -Os -nostdinc -ffreestanding '-std=c99' '-D_XOPEN_SOURCE=700' -pipe -g -I./include -I./src/internal -I./arch/x86_64 -c -o src/network/recvmsg.o src/network/recvmsg.c
./build.sh: line 358: ../tcc-0.9.27/tcc: not found
+ ../tcc-0.9.27/tcc -Os -nostdinc -ffreestanding '-std=c99' '-D_XOPEN_SOURCE=700' -pipe -g -I./include -I./src/internal -I./arch/x86_64 -c -o src/network/res_init.o src/network/res_init.c
./build.sh: line 359: ../tcc-0.9.27/tcc: not found
+ ../tcc-0.9.27/tcc -Os -nostdinc -ffreestanding '-std=c99' '-D_XOPEN_SOURCE=700' -pipe -g -I./include -I./src/internal -I./arch/x86_64 -c -o src/network/res_query.o src/network/res_query.c
./build.sh: line 360: ../tcc-0.9.27/tcc: not found
+ ../tcc-0.9.27/tcc -Os -nostdinc -ffreestanding '-std=c99' '-D_XOPEN_SOURCE=700' -pipe -g -I./include -I./src/internal -I./arch/x86_64 -c -o src/network/send.o src/network/send.c
./build.sh: line 361: ../tcc-0.9.27/tcc: not found
+ ../tcc-0.9.27/tcc -Os -nostdinc -ffreestanding '-std=c99' '-D_XOPEN_SOURCE=700' -pipe -g -I./include -I./src/internal -I./arch/x86_64 -c -o src/network/sendmsg.o src/network/sendmsg.c
./build.sh: line 362: ../tcc-0.9.27/tcc: not found
+ ../tcc-0.9.27/tcc -Os -nostdinc -ffreestanding '-std=c99' '-D_XOPEN_SOURCE=700' -pipe -g -I./include -I./src/internal -I./arch/x86_64 -c -o src/network/sendto.o src/network/sendto.c
./build.sh: line 363: ../tcc-0.9.27/tcc: not found
+ ../tcc-0.9.27/tcc -Os -nostdinc -ffreestanding '-std=c99' '-D_XOPEN_SOURCE=700' -pipe -g -I./include -I./src/internal -I./arch/x86_64 -c -o src/network/serv.o src/network/serv.c
./build.sh: line 364: ../tcc-0.9.27/tcc: not found
+ ../tcc-0.9.27/tcc -Os -nostdinc -ffreestanding '-std=c99' '-D_XOPEN_SOURCE=700' -pipe -g -I./include -I./src/internal -I./arch/x86_64 -c -o src/network/setsockopt.o src/network/setsockopt.c
./build.sh: line 365: ../tcc-0.9.27/tcc: not found
+ ../tcc-0.9.27/tcc -Os -nostdinc -ffreestanding '-std=c99' '-D_XOPEN_SOURCE=700' -pipe -g -I./include -I./src/internal -I./arch/x86_64 -c -o src/network/shutdown.o src/network/shutdown.c
./build.sh: line 366: ../tcc-0.9.27/tcc: not found
+ ../tcc-0.9.27/tcc -Os -nostdinc -ffreestanding '-std=c99' '-D_XOPEN_SOURCE=700' -pipe -g -I./include -I./src/internal -I./arch/x86_64 -c -o src/network/sockatmark.o src/network/sockatmark.c
./build.sh: line 367: ../tcc-0.9.27/tcc: not found
+ ../tcc-0.9.27/tcc -Os -nostdinc -ffreestanding '-std=c99' '-D_XOPEN_SOURCE=700' -pipe -g -I./include -I./src/internal -I./arch/x86_64 -c -o src/network/socket.o src/network/socket.c
./build.sh: line 368: ../tcc-0.9.27/tcc: not found
+ ../tcc-0.9.27/tcc -Os -nostdinc -ffreestanding '-std=c99' '-D_XOPEN_SOURCE=700' -pipe -g -I./include -I./src/internal -I./arch/x86_64 -c -o src/network/socketpair.o src/network/socketpair.c
./build.sh: line 369: ../tcc-0.9.27/tcc: not found
+ ../tcc-0.9.27/tcc -Os -nostdinc -ffreestanding '-std=c99' '-D_XOPEN_SOURCE=700' -pipe -g -I./include -I./src/internal -I./arch/x86_64 -c -o src/passwd/getgr_r.o src/passwd/getgr_r.c
./build.sh: line 370: ../tcc-0.9.27/tcc: not found
+ ../tcc-0.9.27/tcc -Os -nostdinc -ffreestanding '-std=c99' '-D_XOPEN_SOURCE=700' -pipe -g -I./include -I./src/internal -I./arch/x86_64 -c -o src/passwd/getgrent.o src/passwd/getgrent.c
./build.sh: line 371: ../tcc-0.9.27/tcc: not found
+ ../tcc-0.9.27/tcc -Os -nostdinc -ffreestanding '-std=c99' '-D_XOPEN_SOURCE=700' -pipe -g -I./include -I./src/internal -I./arch/x86_64 -c -o src/passwd/getgrent_a.o src/passwd/getgrent_a.c
./build.sh: line 372: ../tcc-0.9.27/tcc: not found
+ ../tcc-0.9.27/tcc -Os -nostdinc -ffreestanding '-std=c99' '-D_XOPEN_SOURCE=700' -pipe -g -I./include -I./src/internal -I./arch/x86_64 -c -o src/passwd/getpw_r.o src/passwd/getpw_r.c
./build.sh: line 373: ../tcc-0.9.27/tcc: not found
+ ../tcc-0.9.27/tcc -Os -nostdinc -ffreestanding '-std=c99' '-D_XOPEN_SOURCE=700' -pipe -g -I./include -I./src/internal -I./arch/x86_64 -c -o src/passwd/getpwent.o src/passwd/getpwent.c
./build.sh: line 374: ../tcc-0.9.27/tcc: not found
+ ../tcc-0.9.27/tcc -Os -nostdinc -ffreestanding '-std=c99' '-D_XOPEN_SOURCE=700' -pipe -g -I./include -I./src/internal -I./arch/x86_64 -c -o src/passwd/getpwent_a.o src/passwd/getpwent_a.c
./build.sh: line 375: ../tcc-0.9.27/tcc: not found
+ ../tcc-0.9.27/tcc -Os -nostdinc -ffreestanding '-std=c99' '-D_XOPEN_SOURCE=700' -pipe -g -I./include -I./src/internal -I./arch/x86_64 -c -o src/passwd/getspent.o src/passwd/getspent.c
./build.sh: line 376: ../tcc-0.9.27/tcc: not found
+ ../tcc-0.9.27/tcc -Os -nostdinc -ffreestanding '-std=c99' '-D_XOPEN_SOURCE=700' -pipe -g -I./include -I./src/internal -I./arch/x86_64 -c -o src/passwd/getspnam.o src/passwd/getspnam.c
./build.sh: line 377: ../tcc-0.9.27/tcc: not found
+ ../tcc-0.9.27/tcc -Os -nostdinc -ffreestanding '-std=c99' '-D_XOPEN_SOURCE=700' -pipe -g -I./include -I./src/internal -I./arch/x86_64 -c -o src/passwd/getspnam_r.o src/passwd/getspnam_r.c
./build.sh: line 378: ../tcc-0.9.27/tcc: not found
+ ../tcc-0.9.27/tcc -Os -nostdinc -ffreestanding '-std=c99' '-D_XOPEN_SOURCE=700' -pipe -g -I./include -I./src/internal -I./arch/x86_64 -c -o src/passwd/lckpwdf.o src/passwd/lckpwdf.c
./build.sh: line 379: ../tcc-0.9.27/tcc: not found
+ ../tcc-0.9.27/tcc -Os -nostdinc -ffreestanding '-std=c99' '-D_XOPEN_SOURCE=700' -pipe -g -I./include -I./src/internal -I./arch/x86_64 -c -o src/prng/__rand48_step.o src/prng/__rand48_step.c
./build.sh: line 380: ../tcc-0.9.27/tcc: not found
+ ../tcc-0.9.27/tcc -Os -nostdinc -ffreestanding '-std=c99' '-D_XOPEN_SOURCE=700' -pipe -g -I./include -I./src/internal -I./arch/x86_64 -c -o src/prng/__seed48.o src/prng/__seed48.c
./build.sh: line 381: ../tcc-0.9.27/tcc: not found
+ ../tcc-0.9.27/tcc -Os -nostdinc -ffreestanding '-std=c99' '-D_XOPEN_SOURCE=700' -pipe -g -I./include -I./src/internal -I./arch/x86_64 -c -o src/prng/drand48.o src/prng/drand48.c
./build.sh: line 382: ../tcc-0.9.27/tcc: not found
+ ../tcc-0.9.27/tcc -Os -nostdinc -ffreestanding '-std=c99' '-D_XOPEN_SOURCE=700' -pipe -g -I./include -I./src/internal -I./arch/x86_64 -c -o src/prng/lcong48.o src/prng/lcong48.c
./build.sh: line 383: ../tcc-0.9.27/tcc: not found
+ ../tcc-0.9.27/tcc -Os -nostdinc -ffreestanding '-std=c99' '-D_XOPEN_SOURCE=700' -pipe -g -I./include -I./src/internal -I./arch/x86_64 -c -o src/prng/lrand48.o src/prng/lrand48.c
./build.sh: line 384: ../tcc-0.9.27/tcc: not found
+ ../tcc-0.9.27/tcc -Os -nostdinc -ffreestanding '-std=c99' '-D_XOPEN_SOURCE=700' -pipe -g -I./include -I./src/internal -I./arch/x86_64 -c -o src/prng/mrand48.o src/prng/mrand48.c
./build.sh: line 385: ../tcc-0.9.27/tcc: not found
+ ../tcc-0.9.27/tcc -Os -nostdinc -ffreestanding '-std=c99' '-D_XOPEN_SOURCE=700' -pipe -g -I./include -I./src/internal -I./arch/x86_64 -c -o src/prng/rand.o src/prng/rand.c
./build.sh: line 386: ../tcc-0.9.27/tcc: not found
+ ../tcc-0.9.27/tcc -Os -nostdinc -ffreestanding '-std=c99' '-D_XOPEN_SOURCE=700' -pipe -g -I./include -I./src/internal -I./arch/x86_64 -c -o src/prng/rand_r.o src/prng/rand_r.c
./build.sh: line 387: ../tcc-0.9.27/tcc: not found
+ ../tcc-0.9.27/tcc -Os -nostdinc -ffreestanding '-std=c99' '-D_XOPEN_SOURCE=700' -pipe -g -I./include -I./src/internal -I./arch/x86_64 -c -o src/prng/random.o src/prng/random.c
./build.sh: line 388: ../tcc-0.9.27/tcc: not found
+ ../tcc-0.9.27/tcc -Os -nostdinc -ffreestanding '-std=c99' '-D_XOPEN_SOURCE=700' -pipe -g -I./include -I./src/internal -I./arch/x86_64 -c -o src/prng/seed48.o src/prng/seed48.c
./build.sh: line 389: ../tcc-0.9.27/tcc: not found
+ ../tcc-0.9.27/tcc -Os -nostdinc -ffreestanding '-std=c99' '-D_XOPEN_SOURCE=700' -pipe -g -I./include -I./src/internal -I./arch/x86_64 -c -o src/prng/srand48.o src/prng/srand48.c
./build.sh: line 390: ../tcc-0.9.27/tcc: not found
+ ../tcc-0.9.27/tcc -Os -nostdinc -ffreestanding '-std=c99' '-D_XOPEN_SOURCE=700' -pipe -g -I./include -I./src/internal -I./arch/x86_64 -c -o src/prng/srandom.o src/prng/srandom.c
./build.sh: line 391: ../tcc-0.9.27/tcc: not found
+ ../tcc-0.9.27/tcc -Os -nostdinc -ffreestanding '-std=c99' '-D_XOPEN_SOURCE=700' -pipe -g -I./include -I./src/internal -I./arch/x86_64 -c -o src/process/execl.o src/process/execl.c
./build.sh: line 392: ../tcc-0.9.27/tcc: not found
+ ../tcc-0.9.27/tcc -Os -nostdinc -ffreestanding '-std=c99' '-D_XOPEN_SOURCE=700' -pipe -g -I./include -I./src/internal -I./arch/x86_64 -c -o src/process/execle.o src/process/execle.c
./build.sh: line 393: ../tcc-0.9.27/tcc: not found
+ ../tcc-0.9.27/tcc -Os -nostdinc -ffreestanding '-std=c99' '-D_XOPEN_SOURCE=700' -pipe -g -I./include -I./src/internal -I./arch/x86_64 -c -o src/process/execlp.o src/process/execlp.c
./build.sh: line 394: ../tcc-0.9.27/tcc: not found
+ ../tcc-0.9.27/tcc -Os -nostdinc -ffreestanding '-std=c99' '-D_XOPEN_SOURCE=700' -pipe -g -I./include -I./src/internal -I./arch/x86_64 -c -o src/process/execv.o src/process/execv.c
./build.sh: line 395: ../tcc-0.9.27/tcc: not found
+ ../tcc-0.9.27/tcc -Os -nostdinc -ffreestanding '-std=c99' '-D_XOPEN_SOURCE=700' -pipe -g -I./include -I./src/internal -I./arch/x86_64 -c -o src/process/execve.o src/process/execve.c
./build.sh: line 396: ../tcc-0.9.27/tcc: not found
+ ../tcc-0.9.27/tcc -Os -nostdinc -ffreestanding '-std=c99' '-D_XOPEN_SOURCE=700' -pipe -g -I./include -I./src/internal -I./arch/x86_64 -c -o src/process/execvp.o src/process/execvp.c
./build.sh: line 397: ../tcc-0.9.27/tcc: not found
+ ../tcc-0.9.27/tcc -Os -nostdinc -ffreestanding '-std=c99' '-D_XOPEN_SOURCE=700' -pipe -g -I./include -I./src/internal -I./arch/x86_64 -c -o src/process/fork.o src/process/fork.c
./build.sh: line 398: ../tcc-0.9.27/tcc: not found
+ ../tcc-0.9.27/tcc -Os -nostdinc -ffreestanding '-std=c99' '-D_XOPEN_SOURCE=700' -pipe -g -I./include -I./src/internal -I./arch/x86_64 -c -o src/process/system.o src/process/system.c
./build.sh: line 399: ../tcc-0.9.27/tcc: not found
+ ../tcc-0.9.27/tcc -Os -nostdinc -ffreestanding '-std=c99' '-D_XOPEN_SOURCE=700' -pipe -g -I./include -I./src/internal -I./arch/x86_64 -c -o src/process/vfork.o src/process/vfork.c
./build.sh: line 400: ../tcc-0.9.27/tcc: not found
+ ../tcc-0.9.27/tcc -Os -nostdinc -ffreestanding '-std=c99' '-D_XOPEN_SOURCE=700' -pipe -g -I./include -I./src/internal -I./arch/x86_64 -c -o src/process/wait.o src/process/wait.c
./build.sh: line 401: ../tcc-0.9.27/tcc: not found
+ ../tcc-0.9.27/tcc -Os -nostdinc -ffreestanding '-std=c99' '-D_XOPEN_SOURCE=700' -pipe -g -I./include -I./src/internal -I./arch/x86_64 -c -o src/process/waitid.o src/process/waitid.c
./build.sh: line 402: ../tcc-0.9.27/tcc: not found
+ ../tcc-0.9.27/tcc -Os -nostdinc -ffreestanding '-std=c99' '-D_XOPEN_SOURCE=700' -pipe -g -I./include -I./src/internal -I./arch/x86_64 -c -o src/process/waitpid.o src/process/waitpid.c
./build.sh: line 403: ../tcc-0.9.27/tcc: not found
+ ../tcc-0.9.27/tcc -Os -nostdinc -ffreestanding '-std=c99' '-D_XOPEN_SOURCE=700' -pipe -g -I./include -I./src/internal -I./arch/x86_64 -c -o src/regex/fnmatch.o src/regex/fnmatch.c
./build.sh: line 404: ../tcc-0.9.27/tcc: not found
+ ../tcc-0.9.27/tcc -Os -nostdinc -ffreestanding '-std=c99' '-D_XOPEN_SOURCE=700' -pipe -g -I./include -I./src/internal -I./arch/x86_64 -c -o src/regex/glob.o src/regex/glob.c
./build.sh: line 405: ../tcc-0.9.27/tcc: not found
+ ../tcc-0.9.27/tcc -Os -nostdinc -ffreestanding '-std=c99' '-D_XOPEN_SOURCE=700' -pipe -g -I./include -I./src/internal -I./arch/x86_64 -c -o src/regex/regcomp.o src/regex/regcomp.c
./build.sh: line 406: ../tcc-0.9.27/tcc: not found
+ ../tcc-0.9.27/tcc -Os -nostdinc -ffreestanding '-std=c99' '-D_XOPEN_SOURCE=700' -pipe -g -I./include -I./src/internal -I./arch/x86_64 -c -o src/regex/regerror.o src/regex/regerror.c
./build.sh: line 407: ../tcc-0.9.27/tcc: not found
+ ../tcc-0.9.27/tcc -Os -nostdinc -ffreestanding '-std=c99' '-D_XOPEN_SOURCE=700' -pipe -g -I./include -I./src/internal -I./arch/x86_64 -c -o src/regex/regexec.o src/regex/regexec.c
./build.sh: line 408: ../tcc-0.9.27/tcc: not found
+ ../tcc-0.9.27/tcc -Os -nostdinc -ffreestanding '-std=c99' '-D_XOPEN_SOURCE=700' -pipe -g -I./include -I./src/internal -I./arch/x86_64 -c -o src/regex/tre-mem.o src/regex/tre-mem.c
./build.sh: line 409: ../tcc-0.9.27/tcc: not found
+ ../tcc-0.9.27/tcc -Os -nostdinc -ffreestanding '-std=c99' '-D_XOPEN_SOURCE=700' -pipe -g -I./include -I./src/internal -I./arch/x86_64 -c -o src/select/poll.o src/select/poll.c
./build.sh: line 410: ../tcc-0.9.27/tcc: not found
+ ../tcc-0.9.27/tcc -Os -nostdinc -ffreestanding '-std=c99' '-D_XOPEN_SOURCE=700' -pipe -g -I./include -I./src/internal -I./arch/x86_64 -c -o src/select/pselect.o src/select/pselect.c
./build.sh: line 411: ../tcc-0.9.27/tcc: not found
+ ../tcc-0.9.27/tcc -Os -nostdinc -ffreestanding '-std=c99' '-D_XOPEN_SOURCE=700' -pipe -g -I./include -I./src/internal -I./arch/x86_64 -c -o src/select/select.o src/select/select.c
./build.sh: line 412: ../tcc-0.9.27/tcc: not found
+ ../tcc-0.9.27/tcc -Os -nostdinc -ffreestanding '-std=c99' '-D_XOPEN_SOURCE=700' -pipe -g -I./include -I./src/internal -I./arch/x86_64 -c -o src/setjmp/longjmp.o src/setjmp/x86_64/longjmp.s
./build.sh: line 413: ../tcc-0.9.27/tcc: not found
+ ../tcc-0.9.27/tcc -Os -nostdinc -ffreestanding '-std=c99' '-D_XOPEN_SOURCE=700' -pipe -g -I./include -I./src/internal -I./arch/x86_64 -c -o src/setjmp/setjmp.o src/setjmp/x86_64/setjmp.s
./build.sh: line 414: ../tcc-0.9.27/tcc: not found
+ ../tcc-0.9.27/tcc -Os -nostdinc -ffreestanding '-std=c99' '-D_XOPEN_SOURCE=700' -pipe -g -I./include -I./src/internal -I./arch/x86_64 -c -o src/signal/getitimer.o src/signal/getitimer.c
./build.sh: line 415: ../tcc-0.9.27/tcc: not found
+ ../tcc-0.9.27/tcc -Os -nostdinc -ffreestanding '-std=c99' '-D_XOPEN_SOURCE=700' -pipe -g -I./include -I./src/internal -I./arch/x86_64 -c -o src/signal/kill.o src/signal/kill.c
./build.sh: line 416: ../tcc-0.9.27/tcc: not found
+ ../tcc-0.9.27/tcc -Os -nostdinc -ffreestanding '-std=c99' '-D_XOPEN_SOURCE=700' -pipe -g -I./include -I./src/internal -I./arch/x86_64 -c -o src/signal/killpg.o src/signal/killpg.c
./build.sh: line 417: ../tcc-0.9.27/tcc: not found
+ ../tcc-0.9.27/tcc -Os -nostdinc -ffreestanding '-std=c99' '-D_XOPEN_SOURCE=700' -pipe -g -I./include -I./src/internal -I./arch/x86_64 -c -o src/signal/raise.o src/signal/raise.c
./build.sh: line 418: ../tcc-0.9.27/tcc: not found
+ ../tcc-0.9.27/tcc -Os -nostdinc -ffreestanding '-std=c99' '-D_XOPEN_SOURCE=700' -pipe -g -I./include -I./src/internal -I./arch/x86_64 -c -o src/signal/restore.o src/signal/x86_64/restore.s
./build.sh: line 419: ../tcc-0.9.27/tcc: not found
+ ../tcc-0.9.27/tcc -Os -nostdinc -ffreestanding '-std=c99' '-D_XOPEN_SOURCE=700' -pipe -g -I./include -I./src/internal -I./arch/x86_64 -c -o src/signal/setitimer.o src/signal/setitimer.c
./build.sh: line 420: ../tcc-0.9.27/tcc: not found
+ ../tcc-0.9.27/tcc -Os -nostdinc -ffreestanding '-std=c99' '-D_XOPEN_SOURCE=700' -pipe -g -I./include -I./src/internal -I./arch/x86_64 -c -o src/signal/sigaction.o src/signal/sigaction.c
./build.sh: line 421: ../tcc-0.9.27/tcc: not found
+ ../tcc-0.9.27/tcc -Os -nostdinc -ffreestanding '-std=c99' '-D_XOPEN_SOURCE=700' -pipe -g -I./include -I./src/internal -I./arch/x86_64 -c -o src/signal/sigaddset.o src/signal/sigaddset.c
./build.sh: line 422: ../tcc-0.9.27/tcc: not found
+ ../tcc-0.9.27/tcc -Os -nostdinc -ffreestanding '-std=c99' '-D_XOPEN_SOURCE=700' -pipe -g -I./include -I./src/internal -I./arch/x86_64 -c -o src/signal/sigaltstack.o src/signal/sigaltstack.c
./build.sh: line 423: ../tcc-0.9.27/tcc: not found
+ ../tcc-0.9.27/tcc -Os -nostdinc -ffreestanding '-std=c99' '-D_XOPEN_SOURCE=700' -pipe -g -I./include -I./src/internal -I./arch/x86_64 -c -o src/signal/sigdelset.o src/signal/sigdelset.c
./build.sh: line 424: ../tcc-0.9.27/tcc: not found
+ ../tcc-0.9.27/tcc -Os -nostdinc -ffreestanding '-std=c99' '-D_XOPEN_SOURCE=700' -pipe -g -I./include -I./src/internal -I./arch/x86_64 -c -o src/signal/sigemptyset.o src/signal/sigemptyset.c
./build.sh: line 425: ../tcc-0.9.27/tcc: not found
+ ../tcc-0.9.27/tcc -Os -nostdinc -ffreestanding '-std=c99' '-D_XOPEN_SOURCE=700' -pipe -g -I./include -I./src/internal -I./arch/x86_64 -c -o src/signal/sigfillset.o src/signal/sigfillset.c
./build.sh: line 426: ../tcc-0.9.27/tcc: not found
+ ../tcc-0.9.27/tcc -Os -nostdinc -ffreestanding '-std=c99' '-D_XOPEN_SOURCE=700' -pipe -g -I./include -I./src/internal -I./arch/x86_64 -c -o src/signal/sighold.o src/signal/sighold.c
./build.sh: line 427: ../tcc-0.9.27/tcc: not found
+ ../tcc-0.9.27/tcc -Os -nostdinc -ffreestanding '-std=c99' '-D_XOPEN_SOURCE=700' -pipe -g -I./include -I./src/internal -I./arch/x86_64 -c -o src/signal/sigignore.o src/signal/sigignore.c
./build.sh: line 428: ../tcc-0.9.27/tcc: not found
+ ../tcc-0.9.27/tcc -Os -nostdinc -ffreestanding '-std=c99' '-D_XOPEN_SOURCE=700' -pipe -g -I./include -I./src/internal -I./arch/x86_64 -c -o src/signal/siginterrupt.o src/signal/siginterrupt.c
./build.sh: line 429: ../tcc-0.9.27/tcc: not found
+ ../tcc-0.9.27/tcc -Os -nostdinc -ffreestanding '-std=c99' '-D_XOPEN_SOURCE=700' -pipe -g -I./include -I./src/internal -I./arch/x86_64 -c -o src/signal/sigismember.o src/signal/sigismember.c
./build.sh: line 430: ../tcc-0.9.27/tcc: not found
+ ../tcc-0.9.27/tcc -Os -nostdinc -ffreestanding '-std=c99' '-D_XOPEN_SOURCE=700' -pipe -g -I./include -I./src/internal -I./arch/x86_64 -c -o src/signal/siglongjmp.o src/signal/siglongjmp.c
./build.sh: line 431: ../tcc-0.9.27/tcc: not found
+ ../tcc-0.9.27/tcc -Os -nostdinc -ffreestanding '-std=c99' '-D_XOPEN_SOURCE=700' -pipe -g -I./include -I./src/internal -I./arch/x86_64 -c -o src/signal/signal.o src/signal/signal.c
./build.sh: line 432: ../tcc-0.9.27/tcc: not found
+ ../tcc-0.9.27/tcc -Os -nostdinc -ffreestanding '-std=c99' '-D_XOPEN_SOURCE=700' -pipe -g -I./include -I./src/internal -I./arch/x86_64 -c -o src/signal/sigpause.o src/signal/sigpause.c
./build.sh: line 433: ../tcc-0.9.27/tcc: not found
+ ../tcc-0.9.27/tcc -Os -nostdinc -ffreestanding '-std=c99' '-D_XOPEN_SOURCE=700' -pipe -g -I./include -I./src/internal -I./arch/x86_64 -c -o src/signal/sigpending.o src/signal/sigpending.c
./build.sh: line 434: ../tcc-0.9.27/tcc: not found
+ ../tcc-0.9.27/tcc -Os -nostdinc -ffreestanding '-std=c99' '-D_XOPEN_SOURCE=700' -pipe -g -I./include -I./src/internal -I./arch/x86_64 -c -o src/signal/sigprocmask.o src/signal/sigprocmask.c
./build.sh: line 435: ../tcc-0.9.27/tcc: not found
+ ../tcc-0.9.27/tcc -Os -nostdinc -ffreestanding '-std=c99' '-D_XOPEN_SOURCE=700' -pipe -g -I./include -I./src/internal -I./arch/x86_64 -c -o src/signal/sigqueue.o src/signal/sigqueue.c
./build.sh: line 436: ../tcc-0.9.27/tcc: not found
+ ../tcc-0.9.27/tcc -Os -nostdinc -ffreestanding '-std=c99' '-D_XOPEN_SOURCE=700' -pipe -g -I./include -I./src/internal -I./arch/x86_64 -c -o src/signal/sigrelse.o src/signal/sigrelse.c
./build.sh: line 437: ../tcc-0.9.27/tcc: not found
+ ../tcc-0.9.27/tcc -Os -nostdinc -ffreestanding '-std=c99' '-D_XOPEN_SOURCE=700' -pipe -g -I./include -I./src/internal -I./arch/x86_64 -c -o src/signal/sigrtmax.o src/signal/sigrtmax.c
./build.sh: line 438: ../tcc-0.9.27/tcc: not found
+ ../tcc-0.9.27/tcc -Os -nostdinc -ffreestanding '-std=c99' '-D_XOPEN_SOURCE=700' -pipe -g -I./include -I./src/internal -I./arch/x86_64 -c -o src/signal/sigrtmin.o src/signal/sigrtmin.c
./build.sh: line 439: ../tcc-0.9.27/tcc: not found
+ ../tcc-0.9.27/tcc -Os -nostdinc -ffreestanding '-std=c99' '-D_XOPEN_SOURCE=700' -pipe -g -I./include -I./src/internal -I./arch/x86_64 -c -o src/signal/sigset.o src/signal/sigset.c
./build.sh: line 440: ../tcc-0.9.27/tcc: not found
+ ../tcc-0.9.27/tcc -Os -nostdinc -ffreestanding '-std=c99' '-D_XOPEN_SOURCE=700' -pipe -g -I./include -I./src/internal -I./arch/x86_64 -c -o src/signal/sigsetjmp.o src/signal/x86_64/sigsetjmp.s
./build.sh: line 441: ../tcc-0.9.27/tcc: not found
+ ../tcc-0.9.27/tcc -Os -nostdinc -ffreestanding '-std=c99' '-D_XOPEN_SOURCE=700' -pipe -g -I./include -I./src/internal -I./arch/x86_64 -c -o src/signal/sigsuspend.o src/signal/sigsuspend.c
./build.sh: line 442: ../tcc-0.9.27/tcc: not found
+ ../tcc-0.9.27/tcc -Os -nostdinc -ffreestanding '-std=c99' '-D_XOPEN_SOURCE=700' -pipe -g -I./include -I./src/internal -I./arch/x86_64 -c -o src/signal/sigtimedwait.o src/signal/sigtimedwait.c
./build.sh: line 443: ../tcc-0.9.27/tcc: not found
+ ../tcc-0.9.27/tcc -Os -nostdinc -ffreestanding '-std=c99' '-D_XOPEN_SOURCE=700' -pipe -g -I./include -I./src/internal -I./arch/x86_64 -c -o src/signal/sigwait.o src/signal/sigwait.c
./build.sh: line 444: ../tcc-0.9.27/tcc: not found
+ ../tcc-0.9.27/tcc -Os -nostdinc -ffreestanding '-std=c99' '-D_XOPEN_SOURCE=700' -pipe -g -I./include -I./src/internal -I./arch/x86_64 -c -o src/signal/sigwaitinfo.o src/signal/sigwaitinfo.c
./build.sh: line 445: ../tcc-0.9.27/tcc: not found
+ ../tcc-0.9.27/tcc -Os -nostdinc -ffreestanding '-std=c99' '-D_XOPEN_SOURCE=700' -pipe -g -I./include -I./src/internal -I./arch/x86_64 -c -o src/stat/chmod.o src/stat/chmod.c
./build.sh: line 446: ../tcc-0.9.27/tcc: not found
+ ../tcc-0.9.27/tcc -Os -nostdinc -ffreestanding '-std=c99' '-D_XOPEN_SOURCE=700' -pipe -g -I./include -I./src/internal -I./arch/x86_64 -c -o src/stat/fchmod.o src/stat/fchmod.c
./build.sh: line 447: ../tcc-0.9.27/tcc: not found
+ ../tcc-0.9.27/tcc -Os -nostdinc -ffreestanding '-std=c99' '-D_XOPEN_SOURCE=700' -pipe -g -I./include -I./src/internal -I./arch/x86_64 -c -o src/stat/fchmodat.o src/stat/fchmodat.c
./build.sh: line 448: ../tcc-0.9.27/tcc: not found
+ ../tcc-0.9.27/tcc -Os -nostdinc -ffreestanding '-std=c99' '-D_XOPEN_SOURCE=700' -pipe -g -I./include -I./src/internal -I./arch/x86_64 -c -o src/stat/fstat.o src/stat/fstat.c
./build.sh: line 449: ../tcc-0.9.27/tcc: not found
+ ../tcc-0.9.27/tcc -Os -nostdinc -ffreestanding '-std=c99' '-D_XOPEN_SOURCE=700' -pipe -g -I./include -I./src/internal -I./arch/x86_64 -c -o src/stat/fstatat.o src/stat/fstatat.c
./build.sh: line 450: ../tcc-0.9.27/tcc: not found
+ ../tcc-0.9.27/tcc -Os -nostdinc -ffreestanding '-std=c99' '-D_XOPEN_SOURCE=700' -pipe -g -I./include -I./src/internal -I./arch/x86_64 -c -o src/stat/fstatvfs.o src/stat/fstatvfs.c
./build.sh: line 451: ../tcc-0.9.27/tcc: not found
+ ../tcc-0.9.27/tcc -Os -nostdinc -ffreestanding '-std=c99' '-D_XOPEN_SOURCE=700' -pipe -g -I./include -I./src/internal -I./arch/x86_64 -c -o src/stat/lstat.o src/stat/lstat.c
./build.sh: line 452: ../tcc-0.9.27/tcc: not found
+ ../tcc-0.9.27/tcc -Os -nostdinc -ffreestanding '-std=c99' '-D_XOPEN_SOURCE=700' -pipe -g -I./include -I./src/internal -I./arch/x86_64 -c -o src/stat/mkdir.o src/stat/mkdir.c
./build.sh: line 453: ../tcc-0.9.27/tcc: not found
+ ../tcc-0.9.27/tcc -Os -nostdinc -ffreestanding '-std=c99' '-D_XOPEN_SOURCE=700' -pipe -g -I./include -I./src/internal -I./arch/x86_64 -c -o src/stat/mkdirat.o src/stat/mkdirat.c
./build.sh: line 454: ../tcc-0.9.27/tcc: not found
+ ../tcc-0.9.27/tcc -Os -nostdinc -ffreestanding '-std=c99' '-D_XOPEN_SOURCE=700' -pipe -g -I./include -I./src/internal -I./arch/x86_64 -c -o src/stat/mkfifo.o src/stat/mkfifo.c
./build.sh: line 455: ../tcc-0.9.27/tcc: not found
+ ../tcc-0.9.27/tcc -Os -nostdinc -ffreestanding '-std=c99' '-D_XOPEN_SOURCE=700' -pipe -g -I./include -I./src/internal -I./arch/x86_64 -c -o src/stat/mkfifoat.o src/stat/mkfifoat.c
./build.sh: line 456: ../tcc-0.9.27/tcc: not found
+ ../tcc-0.9.27/tcc -Os -nostdinc -ffreestanding '-std=c99' '-D_XOPEN_SOURCE=700' -pipe -g -I./include -I./src/internal -I./arch/x86_64 -c -o src/stat/mknod.o src/stat/mknod.c
./build.sh: line 457: ../tcc-0.9.27/tcc: not found
+ ../tcc-0.9.27/tcc -Os -nostdinc -ffreestanding '-std=c99' '-D_XOPEN_SOURCE=700' -pipe -g -I./include -I./src/internal -I./arch/x86_64 -c -o src/stat/mknodat.o src/stat/mknodat.c
./build.sh: line 458: ../tcc-0.9.27/tcc: not found
+ ../tcc-0.9.27/tcc -Os -nostdinc -ffreestanding '-std=c99' '-D_XOPEN_SOURCE=700' -pipe -g -I./include -I./src/internal -I./arch/x86_64 -c -o src/stat/stat.o src/stat/stat.c
./build.sh: line 459: ../tcc-0.9.27/tcc: not found
+ ../tcc-0.9.27/tcc -Os -nostdinc -ffreestanding '-std=c99' '-D_XOPEN_SOURCE=700' -pipe -g -I./include -I./src/internal -I./arch/x86_64 -c -o src/stat/statvfs.o src/stat/statvfs.c
./build.sh: line 460: ../tcc-0.9.27/tcc: not found
+ ../tcc-0.9.27/tcc -Os -nostdinc -ffreestanding '-std=c99' '-D_XOPEN_SOURCE=700' -pipe -g -I./include -I./src/internal -I./arch/x86_64 -c -o src/stat/umask.o src/stat/umask.c
./build.sh: line 461: ../tcc-0.9.27/tcc: not found
+ ../tcc-0.9.27/tcc -Os -nostdinc -ffreestanding '-std=c99' '-D_XOPEN_SOURCE=700' -pipe -g -I./include -I./src/internal -I./arch/x86_64 -c -o src/stdio/__fclose_ca.o src/stdio/__fclose_ca.c
./build.sh: line 462: ../tcc-0.9.27/tcc: not found
+ ../tcc-0.9.27/tcc -Os -nostdinc -ffreestanding '-std=c99' '-D_XOPEN_SOURCE=700' -pipe -g -I./include -I./src/internal -I./arch/x86_64 -c -o src/stdio/__fdopen.o src/stdio/__fdopen.c
./build.sh: line 463: ../tcc-0.9.27/tcc: not found
+ ../tcc-0.9.27/tcc -Os -nostdinc -ffreestanding '-std=c99' '-D_XOPEN_SOURCE=700' -pipe -g -I./include -I./src/internal -I./arch/x86_64 -c -o src/stdio/__fopen_rb_ca.o src/stdio/__fopen_rb_ca.c
./build.sh: line 464: ../tcc-0.9.27/tcc: not found
+ ../tcc-0.9.27/tcc -Os -nostdinc -ffreestanding '-std=c99' '-D_XOPEN_SOURCE=700' -pipe -g -I./include -I./src/internal -I./arch/x86_64 -c -o src/stdio/__fpending.o src/stdio/__fpending.c
./build.sh: line 465: ../tcc-0.9.27/tcc: not found
+ ../tcc-0.9.27/tcc -Os -nostdinc -ffreestanding '-std=c99' '-D_XOPEN_SOURCE=700' -pipe -g -I./include -I./src/internal -I./arch/x86_64 -c -o src/stdio/__ofl.o src/stdio/__ofl.c
./build.sh: line 466: ../tcc-0.9.27/tcc: not found
+ ../tcc-0.9.27/tcc -Os -nostdinc -ffreestanding '-std=c99' '-D_XOPEN_SOURCE=700' -pipe -g -I./include -I./src/internal -I./arch/x86_64 -c -o src/stdio/__overflow.o src/stdio/__overflow.c
./build.sh: line 467: ../tcc-0.9.27/tcc: not found
+ ../tcc-0.9.27/tcc -Os -nostdinc -ffreestanding '-std=c99' '-D_XOPEN_SOURCE=700' -pipe -g -I./include -I./src/internal -I./arch/x86_64 -c -o src/stdio/__scanf.o src/stdio/__scanf.c
./build.sh: line 468: ../tcc-0.9.27/tcc: not found
+ ../tcc-0.9.27/tcc -Os -nostdinc -ffreestanding '-std=c99' '-D_XOPEN_SOURCE=700' -pipe -g -I./include -I./src/internal -I./arch/x86_64 -c -o src/stdio/__stdio_close.o src/stdio/__stdio_close.c
./build.sh: line 469: ../tcc-0.9.27/tcc: not found
+ ../tcc-0.9.27/tcc -Os -nostdinc -ffreestanding '-std=c99' '-D_XOPEN_SOURCE=700' -pipe -g -I./include -I./src/internal -I./arch/x86_64 -c -o src/stdio/__stdio_read.o src/stdio/__stdio_read.c
./build.sh: line 470: ../tcc-0.9.27/tcc: not found
+ ../tcc-0.9.27/tcc -Os -nostdinc -ffreestanding '-std=c99' '-D_XOPEN_SOURCE=700' -pipe -g -I./include -I./src/internal -I./arch/x86_64 -c -o src/stdio/__stdio_seek.o src/stdio/__stdio_seek.c
./build.sh: line 471: ../tcc-0.9.27/tcc: not found
+ ../tcc-0.9.27/tcc -Os -nostdinc -ffreestanding '-std=c99' '-D_XOPEN_SOURCE=700' -pipe -g -I./include -I./src/internal -I./arch/x86_64 -c -o src/stdio/__stdio_write.o src/stdio/__stdio_write.c
./build.sh: line 472: ../tcc-0.9.27/tcc: not found
+ ../tcc-0.9.27/tcc -Os -nostdinc -ffreestanding '-std=c99' '-D_XOPEN_SOURCE=700' -pipe -g -I./include -I./src/internal -I./arch/x86_64 -c -o src/stdio/__uflow.o src/stdio/__uflow.c
./build.sh: line 473: ../tcc-0.9.27/tcc: not found
+ ../tcc-0.9.27/tcc -Os -nostdinc -ffreestanding '-std=c99' '-D_XOPEN_SOURCE=700' -pipe -g -I./include -I./src/internal -I./arch/x86_64 -c -o src/stdio/__underflow.o src/stdio/__underflow.c
./build.sh: line 474: ../tcc-0.9.27/tcc: not found
+ ../tcc-0.9.27/tcc -Os -nostdinc -ffreestanding '-std=c99' '-D_XOPEN_SOURCE=700' -pipe -g -I./include -I./src/internal -I./arch/x86_64 -c -o src/stdio/asprintf.o src/stdio/asprintf.c
./build.sh: line 475: ../tcc-0.9.27/tcc: not found
+ ../tcc-0.9.27/tcc -Os -nostdinc -ffreestanding '-std=c99' '-D_XOPEN_SOURCE=700' -pipe -g -I./include -I./src/internal -I./arch/x86_64 -c -o src/stdio/clearerr.o src/stdio/clearerr.c
./build.sh: line 476: ../tcc-0.9.27/tcc: not found
+ ../tcc-0.9.27/tcc -Os -nostdinc -ffreestanding '-std=c99' '-D_XOPEN_SOURCE=700' -pipe -g -I./include -I./src/internal -I./arch/x86_64 -c -o src/stdio/dprintf.o src/stdio/dprintf.c
./build.sh: line 477: ../tcc-0.9.27/tcc: not found
+ ../tcc-0.9.27/tcc -Os -nostdinc -ffreestanding '-std=c99' '-D_XOPEN_SOURCE=700' -pipe -g -I./include -I./src/internal -I./arch/x86_64 -c -o src/stdio/fclose.o src/stdio/fclose.c
./build.sh: line 478: ../tcc-0.9.27/tcc: not found
+ ../tcc-0.9.27/tcc -Os -nostdinc -ffreestanding '-std=c99' '-D_XOPEN_SOURCE=700' -pipe -g -I./include -I./src/internal -I./arch/x86_64 -c -o src/stdio/feof.o src/stdio/feof.c
./build.sh: line 479: ../tcc-0.9.27/tcc: not found
+ ../tcc-0.9.27/tcc -Os -nostdinc -ffreestanding '-std=c99' '-D_XOPEN_SOURCE=700' -pipe -g -I./include -I./src/internal -I./arch/x86_64 -c -o src/stdio/ferror.o src/stdio/ferror.c
./build.sh: line 480: ../tcc-0.9.27/tcc: not found
+ ../tcc-0.9.27/tcc -Os -nostdinc -ffreestanding '-std=c99' '-D_XOPEN_SOURCE=700' -pipe -g -I./include -I./src/internal -I./arch/x86_64 -c -o src/stdio/fflush.o src/stdio/fflush.c
./build.sh: line 481: ../tcc-0.9.27/tcc: not found
+ ../tcc-0.9.27/tcc -Os -nostdinc -ffreestanding '-std=c99' '-D_XOPEN_SOURCE=700' -pipe -g -I./include -I./src/internal -I./arch/x86_64 -c -o src/stdio/fgetc.o src/stdio/fgetc.c
./build.sh: line 482: ../tcc-0.9.27/tcc: not found
+ ../tcc-0.9.27/tcc -Os -nostdinc -ffreestanding '-std=c99' '-D_XOPEN_SOURCE=700' -pipe -g -I./include -I./src/internal -I./arch/x86_64 -c -o src/stdio/fgetpos.o src/stdio/fgetpos.c
./build.sh: line 483: ../tcc-0.9.27/tcc: not found
+ ../tcc-0.9.27/tcc -Os -nostdinc -ffreestanding '-std=c99' '-D_XOPEN_SOURCE=700' -pipe -g -I./include -I./src/internal -I./arch/x86_64 -c -o src/stdio/fgets.o src/stdio/fgets.c
./build.sh: line 484: ../tcc-0.9.27/tcc: not found
+ ../tcc-0.9.27/tcc -Os -nostdinc -ffreestanding '-std=c99' '-D_XOPEN_SOURCE=700' -pipe -g -I./include -I./src/internal -I./arch/x86_64 -c -o src/stdio/fgetwc.o src/stdio/fgetwc.c
./build.sh: line 485: ../tcc-0.9.27/tcc: not found
+ ../tcc-0.9.27/tcc -Os -nostdinc -ffreestanding '-std=c99' '-D_XOPEN_SOURCE=700' -pipe -g -I./include -I./src/internal -I./arch/x86_64 -c -o src/stdio/fgetws.o src/stdio/fgetws.c
./build.sh: line 486: ../tcc-0.9.27/tcc: not found
+ ../tcc-0.9.27/tcc -Os -nostdinc -ffreestanding '-std=c99' '-D_XOPEN_SOURCE=700' -pipe -g -I./include -I./src/internal -I./arch/x86_64 -c -o src/stdio/fileno.o src/stdio/fileno.c
./build.sh: line 487: ../tcc-0.9.27/tcc: not found
+ ../tcc-0.9.27/tcc -Os -nostdinc -ffreestanding '-std=c99' '-D_XOPEN_SOURCE=700' -pipe -g -I./include -I./src/internal -I./arch/x86_64 -c -o src/stdio/fmemopen.o src/stdio/fmemopen.c
./build.sh: line 488: ../tcc-0.9.27/tcc: not found
+ ../tcc-0.9.27/tcc -Os -nostdinc -ffreestanding '-std=c99' '-D_XOPEN_SOURCE=700' -pipe -g -I./include -I./src/internal -I./arch/x86_64 -c -o src/stdio/fopen.o src/stdio/fopen.c
./build.sh: line 489: ../tcc-0.9.27/tcc: not found
+ ../tcc-0.9.27/tcc -Os -nostdinc -ffreestanding '-std=c99' '-D_XOPEN_SOURCE=700' -pipe -g -I./include -I./src/internal -I./arch/x86_64 -c -o src/stdio/fprintf.o src/stdio/fprintf.c
./build.sh: line 490: ../tcc-0.9.27/tcc: not found
+ ../tcc-0.9.27/tcc -Os -nostdinc -ffreestanding '-std=c99' '-D_XOPEN_SOURCE=700' -pipe -g -I./include -I./src/internal -I./arch/x86_64 -c -o src/stdio/fputc.o src/stdio/fputc.c
./build.sh: line 491: ../tcc-0.9.27/tcc: not found
+ ../tcc-0.9.27/tcc -Os -nostdinc -ffreestanding '-std=c99' '-D_XOPEN_SOURCE=700' -pipe -g -I./include -I./src/internal -I./arch/x86_64 -c -o src/stdio/fputs.o src/stdio/fputs.c
./build.sh: line 492: ../tcc-0.9.27/tcc: not found
+ ../tcc-0.9.27/tcc -Os -nostdinc -ffreestanding '-std=c99' '-D_XOPEN_SOURCE=700' -pipe -g -I./include -I./src/internal -I./arch/x86_64 -c -o src/stdio/fputwc.o src/stdio/fputwc.c
./build.sh: line 493: ../tcc-0.9.27/tcc: not found
+ ../tcc-0.9.27/tcc -Os -nostdinc -ffreestanding '-std=c99' '-D_XOPEN_SOURCE=700' -pipe -g -I./include -I./src/internal -I./arch/x86_64 -c -o src/stdio/fputws.o src/stdio/fputws.c
./build.sh: line 494: ../tcc-0.9.27/tcc: not found
+ ../tcc-0.9.27/tcc -Os -nostdinc -ffreestanding '-std=c99' '-D_XOPEN_SOURCE=700' -pipe -g -I./include -I./src/internal -I./arch/x86_64 -c -o src/stdio/fread.o src/stdio/fread.c
./build.sh: line 495: ../tcc-0.9.27/tcc: not found
+ ../tcc-0.9.27/tcc -Os -nostdinc -ffreestanding '-std=c99' '-D_XOPEN_SOURCE=700' -pipe -g -I./include -I./src/internal -I./arch/x86_64 -c -o src/stdio/freopen.o src/stdio/freopen.c
./build.sh: line 496: ../tcc-0.9.27/tcc: not found
+ ../tcc-0.9.27/tcc -Os -nostdinc -ffreestanding '-std=c99' '-D_XOPEN_SOURCE=700' -pipe -g -I./include -I./src/internal -I./arch/x86_64 -c -o src/stdio/fscanf.o src/stdio/fscanf.c
./build.sh: line 497: ../tcc-0.9.27/tcc: not found
+ ../tcc-0.9.27/tcc -Os -nostdinc -ffreestanding '-std=c99' '-D_XOPEN_SOURCE=700' -pipe -g -I./include -I./src/internal -I./arch/x86_64 -c -o src/stdio/fseek.o src/stdio/fseek.c
./build.sh: line 498: ../tcc-0.9.27/tcc: not found
+ ../tcc-0.9.27/tcc -Os -nostdinc -ffreestanding '-std=c99' '-D_XOPEN_SOURCE=700' -pipe -g -I./include -I./src/internal -I./arch/x86_64 -c -o src/stdio/fsetpos.o src/stdio/fsetpos.c
./build.sh: line 499: ../tcc-0.9.27/tcc: not found
+ ../tcc-0.9.27/tcc -Os -nostdinc -ffreestanding '-std=c99' '-D_XOPEN_SOURCE=700' -pipe -g -I./include -I./src/internal -I./arch/x86_64 -c -o src/stdio/ftell.o src/stdio/ftell.c
./build.sh: line 500: ../tcc-0.9.27/tcc: not found
+ ../tcc-0.9.27/tcc -Os -nostdinc -ffreestanding '-std=c99' '-D_XOPEN_SOURCE=700' -pipe -g -I./include -I./src/internal -I./arch/x86_64 -c -o src/stdio/fwide.o src/stdio/fwide.c
./build.sh: line 501: ../tcc-0.9.27/tcc: not found
+ ../tcc-0.9.27/tcc -Os -nostdinc -ffreestanding '-std=c99' '-D_XOPEN_SOURCE=700' -pipe -g -I./include -I./src/internal -I./arch/x86_64 -c -o src/stdio/fwrite.o src/stdio/fwrite.c
./build.sh: line 502: ../tcc-0.9.27/tcc: not found
+ ../tcc-0.9.27/tcc -Os -nostdinc -ffreestanding '-std=c99' '-D_XOPEN_SOURCE=700' -pipe -g -I./include -I./src/internal -I./arch/x86_64 -c -o src/stdio/fwscanf.o src/stdio/fwscanf.c
./build.sh: line 503: ../tcc-0.9.27/tcc: not found
+ ../tcc-0.9.27/tcc -Os -nostdinc -ffreestanding '-std=c99' '-D_XOPEN_SOURCE=700' -pipe -g -I./include -I./src/internal -I./arch/x86_64 -c -o src/stdio/getc.o src/stdio/getc.c
./build.sh: line 504: ../tcc-0.9.27/tcc: not found
+ ../tcc-0.9.27/tcc -Os -nostdinc -ffreestanding '-std=c99' '-D_XOPEN_SOURCE=700' -pipe -g -I./include -I./src/internal -I./arch/x86_64 -c -o src/stdio/getc_unlocked.o src/stdio/getc_unlocked.c
./build.sh: line 505: ../tcc-0.9.27/tcc: not found
+ ../tcc-0.9.27/tcc -Os -nostdinc -ffreestanding '-std=c99' '-D_XOPEN_SOURCE=700' -pipe -g -I./include -I./src/internal -I./arch/x86_64 -c -o src/stdio/getchar.o src/stdio/getchar.c
./build.sh: line 506: ../tcc-0.9.27/tcc: not found
+ ../tcc-0.9.27/tcc -Os -nostdinc -ffreestanding '-std=c99' '-D_XOPEN_SOURCE=700' -pipe -g -I./include -I./src/internal -I./arch/x86_64 -c -o src/stdio/getchar_unlocked.o src/stdio/getchar_unlocked.c
./build.sh: line 507: ../tcc-0.9.27/tcc: not found
+ ../tcc-0.9.27/tcc -Os -nostdinc -ffreestanding '-std=c99' '-D_XOPEN_SOURCE=700' -pipe -g -I./include -I./src/internal -I./arch/x86_64 -c -o src/stdio/getdelim.o src/stdio/getdelim.c
./build.sh: line 508: ../tcc-0.9.27/tcc: not found
+ ../tcc-0.9.27/tcc -Os -nostdinc -ffreestanding '-std=c99' '-D_XOPEN_SOURCE=700' -pipe -g -I./include -I./src/internal -I./arch/x86_64 -c -o src/stdio/getline.o src/stdio/getline.c
./build.sh: line 509: ../tcc-0.9.27/tcc: not found
+ ../tcc-0.9.27/tcc -Os -nostdinc -ffreestanding '-std=c99' '-D_XOPEN_SOURCE=700' -pipe -g -I./include -I./src/internal -I./arch/x86_64 -c -o src/stdio/gets.o src/stdio/gets.c
./build.sh: line 510: ../tcc-0.9.27/tcc: not found
+ ../tcc-0.9.27/tcc -Os -nostdinc -ffreestanding '-std=c99' '-D_XOPEN_SOURCE=700' -pipe -g -I./include -I./src/internal -I./arch/x86_64 -c -o src/stdio/getw.o src/stdio/getw.c
./build.sh: line 511: ../tcc-0.9.27/tcc: not found
+ ../tcc-0.9.27/tcc -Os -nostdinc -ffreestanding '-std=c99' '-D_XOPEN_SOURCE=700' -pipe -g -I./include -I./src/internal -I./arch/x86_64 -c -o src/stdio/getwc.o src/stdio/getwc.c
./build.sh: line 512: ../tcc-0.9.27/tcc: not found
+ ../tcc-0.9.27/tcc -Os -nostdinc -ffreestanding '-std=c99' '-D_XOPEN_SOURCE=700' -pipe -g -I./include -I./src/internal -I./arch/x86_64 -c -o src/stdio/getwchar.o src/stdio/getwchar.c
./build.sh: line 513: ../tcc-0.9.27/tcc: not found
+ ../tcc-0.9.27/tcc -Os -nostdinc -ffreestanding '-std=c99' '-D_XOPEN_SOURCE=700' -pipe -g -I./include -I./src/internal -I./arch/x86_64 -c -o src/stdio/pclose.o src/stdio/pclose.c
./build.sh: line 514: ../tcc-0.9.27/tcc: not found
+ ../tcc-0.9.27/tcc -Os -nostdinc -ffreestanding '-std=c99' '-D_XOPEN_SOURCE=700' -pipe -g -I./include -I./src/internal -I./arch/x86_64 -c -o src/stdio/perror.o src/stdio/perror.c
./build.sh: line 515: ../tcc-0.9.27/tcc: not found
+ ../tcc-0.9.27/tcc -Os -nostdinc -ffreestanding '-std=c99' '-D_XOPEN_SOURCE=700' -pipe -g -I./include -I./src/internal -I./arch/x86_64 -c -o src/stdio/popen.o src/stdio/popen.c
./build.sh: line 516: ../tcc-0.9.27/tcc: not found
+ ../tcc-0.9.27/tcc -Os -nostdinc -ffreestanding '-std=c99' '-D_XOPEN_SOURCE=700' -pipe -g -I./include -I./src/internal -I./arch/x86_64 -c -o src/stdio/printf.o src/stdio/printf.c
./build.sh: line 517: ../tcc-0.9.27/tcc: not found
+ ../tcc-0.9.27/tcc -Os -nostdinc -ffreestanding '-std=c99' '-D_XOPEN_SOURCE=700' -pipe -g -I./include -I./src/internal -I./arch/x86_64 -c -o src/stdio/putc.o src/stdio/putc.c
./build.sh: line 518: ../tcc-0.9.27/tcc: not found
+ ../tcc-0.9.27/tcc -Os -nostdinc -ffreestanding '-std=c99' '-D_XOPEN_SOURCE=700' -pipe -g -I./include -I./src/internal -I./arch/x86_64 -c -o src/stdio/putc_unlocked.o src/stdio/putc_unlocked.c
./build.sh: line 519: ../tcc-0.9.27/tcc: not found
+ ../tcc-0.9.27/tcc -Os -nostdinc -ffreestanding '-std=c99' '-D_XOPEN_SOURCE=700' -pipe -g -I./include -I./src/internal -I./arch/x86_64 -c -o src/stdio/putchar.o src/stdio/putchar.c
./build.sh: line 520: ../tcc-0.9.27/tcc: not found
+ ../tcc-0.9.27/tcc -Os -nostdinc -ffreestanding '-std=c99' '-D_XOPEN_SOURCE=700' -pipe -g -I./include -I./src/internal -I./arch/x86_64 -c -o src/stdio/putchar_unlocked.o src/stdio/putchar_unlocked.c
./build.sh: line 521: ../tcc-0.9.27/tcc: not found
+ ../tcc-0.9.27/tcc -Os -nostdinc -ffreestanding '-std=c99' '-D_XOPEN_SOURCE=700' -pipe -g -I./include -I./src/internal -I./arch/x86_64 -c -o src/stdio/puts.o src/stdio/puts.c
./build.sh: line 522: ../tcc-0.9.27/tcc: not found
+ ../tcc-0.9.27/tcc -Os -nostdinc -ffreestanding '-std=c99' '-D_XOPEN_SOURCE=700' -pipe -g -I./include -I./src/internal -I./arch/x86_64 -c -o src/stdio/putw.o src/stdio/putw.c
./build.sh: line 523: ../tcc-0.9.27/tcc: not found
+ ../tcc-0.9.27/tcc -Os -nostdinc -ffreestanding '-std=c99' '-D_XOPEN_SOURCE=700' -pipe -g -I./include -I./src/internal -I./arch/x86_64 -c -o src/stdio/putwc.o src/stdio/putwc.c
./build.sh: line 524: ../tcc-0.9.27/tcc: not found
+ ../tcc-0.9.27/tcc -Os -nostdinc -ffreestanding '-std=c99' '-D_XOPEN_SOURCE=700' -pipe -g -I./include -I./src/internal -I./arch/x86_64 -c -o src/stdio/putwchar.o src/stdio/putwchar.c
./build.sh: line 525: ../tcc-0.9.27/tcc: not found
+ ../tcc-0.9.27/tcc -Os -nostdinc -ffreestanding '-std=c99' '-D_XOPEN_SOURCE=700' -pipe -g -I./include -I./src/internal -I./arch/x86_64 -c -o src/stdio/remove.o src/stdio/remove.c
./build.sh: line 526: ../tcc-0.9.27/tcc: not found
+ ../tcc-0.9.27/tcc -Os -nostdinc -ffreestanding '-std=c99' '-D_XOPEN_SOURCE=700' -pipe -g -I./include -I./src/internal -I./arch/x86_64 -c -o src/stdio/rename.o src/stdio/rename.c
./build.sh: line 527: ../tcc-0.9.27/tcc: not found
+ ../tcc-0.9.27/tcc -Os -nostdinc -ffreestanding '-std=c99' '-D_XOPEN_SOURCE=700' -pipe -g -I./include -I./src/internal -I./arch/x86_64 -c -o src/stdio/rewind.o src/stdio/rewind.c
./build.sh: line 528: ../tcc-0.9.27/tcc: not found
+ ../tcc-0.9.27/tcc -Os -nostdinc -ffreestanding '-std=c99' '-D_XOPEN_SOURCE=700' -pipe -g -I./include -I./src/internal -I./arch/x86_64 -c -o src/stdio/scanf.o src/stdio/scanf.c
./build.sh: line 529: ../tcc-0.9.27/tcc: not found
+ ../tcc-0.9.27/tcc -Os -nostdinc -ffreestanding '-std=c99' '-D_XOPEN_SOURCE=700' -pipe -g -I./include -I./src/internal -I./arch/x86_64 -c -o src/stdio/setbuf.o src/stdio/setbuf.c
./build.sh: line 530: ../tcc-0.9.27/tcc: not found
+ ../tcc-0.9.27/tcc -Os -nostdinc -ffreestanding '-std=c99' '-D_XOPEN_SOURCE=700' -pipe -g -I./include -I./src/internal -I./arch/x86_64 -c -o src/stdio/setvbuf.o src/stdio/setvbuf.c
./build.sh: line 531: ../tcc-0.9.27/tcc: not found
+ ../tcc-0.9.27/tcc -Os -nostdinc -ffreestanding '-std=c99' '-D_XOPEN_SOURCE=700' -pipe -g -I./include -I./src/internal -I./arch/x86_64 -c -o src/stdio/snprintf.o src/stdio/snprintf.c
./build.sh: line 532: ../tcc-0.9.27/tcc: not found
+ ../tcc-0.9.27/tcc -Os -nostdinc -ffreestanding '-std=c99' '-D_XOPEN_SOURCE=700' -pipe -g -I./include -I./src/internal -I./arch/x86_64 -c -o src/stdio/sprintf.o src/stdio/sprintf.c
./build.sh: line 533: ../tcc-0.9.27/tcc: not found
+ ../tcc-0.9.27/tcc -Os -nostdinc -ffreestanding '-std=c99' '-D_XOPEN_SOURCE=700' -pipe -g -I./include -I./src/internal -I./arch/x86_64 -c -o src/stdio/sscanf.o src/stdio/sscanf.c
./build.sh: line 534: ../tcc-0.9.27/tcc: not found
+ ../tcc-0.9.27/tcc -Os -nostdinc -ffreestanding '-std=c99' '-D_XOPEN_SOURCE=700' -pipe -g -I./include -I./src/internal -I./arch/x86_64 -c -o src/stdio/stderr.o src/stdio/stderr.c
./build.sh: line 535: ../tcc-0.9.27/tcc: not found
+ ../tcc-0.9.27/tcc -Os -nostdinc -ffreestanding '-std=c99' '-D_XOPEN_SOURCE=700' -pipe -g -I./include -I./src/internal -I./arch/x86_64 -c -o src/stdio/stdin.o src/stdio/stdin.c
./build.sh: line 536: ../tcc-0.9.27/tcc: not found
+ ../tcc-0.9.27/tcc -Os -nostdinc -ffreestanding '-std=c99' '-D_XOPEN_SOURCE=700' -pipe -g -I./include -I./src/internal -I./arch/x86_64 -c -o src/stdio/stdout.o src/stdio/stdout.c
./build.sh: line 537: ../tcc-0.9.27/tcc: not found
+ ../tcc-0.9.27/tcc -Os -nostdinc -ffreestanding '-std=c99' '-D_XOPEN_SOURCE=700' -pipe -g -I./include -I./src/internal -I./arch/x86_64 -c -o src/stdio/swscanf.o src/stdio/swscanf.c
./build.sh: line 538: ../tcc-0.9.27/tcc: not found
+ ../tcc-0.9.27/tcc -Os -nostdinc -ffreestanding '-std=c99' '-D_XOPEN_SOURCE=700' -pipe -g -I./include -I./src/internal -I./arch/x86_64 -c -o src/stdio/tempnam.o src/stdio/tempnam.c
./build.sh: line 539: ../tcc-0.9.27/tcc: not found
+ ../tcc-0.9.27/tcc -Os -nostdinc -ffreestanding '-std=c99' '-D_XOPEN_SOURCE=700' -pipe -g -I./include -I./src/internal -I./arch/x86_64 -c -o src/stdio/tmpfile.o src/stdio/tmpfile.c
./build.sh: line 540: ../tcc-0.9.27/tcc: not found
+ ../tcc-0.9.27/tcc -Os -nostdinc -ffreestanding '-std=c99' '-D_XOPEN_SOURCE=700' -pipe -g -I./include -I./src/internal -I./arch/x86_64 -c -o src/stdio/tmpnam.o src/stdio/tmpnam.c
./build.sh: line 541: ../tcc-0.9.27/tcc: not found
+ ../tcc-0.9.27/tcc -Os -nostdinc -ffreestanding '-std=c99' '-D_XOPEN_SOURCE=700' -pipe -g -I./include -I./src/internal -I./arch/x86_64 -c -o src/stdio/ungetc.o src/stdio/ungetc.c
./build.sh: line 542: ../tcc-0.9.27/tcc: not found
+ ../tcc-0.9.27/tcc -Os -nostdinc -ffreestanding '-std=c99' '-D_XOPEN_SOURCE=700' -pipe -g -I./include -I./src/internal -I./arch/x86_64 -c -o src/stdio/ungetwc.o src/stdio/ungetwc.c
./build.sh: line 543: ../tcc-0.9.27/tcc: not found
+ ../tcc-0.9.27/tcc -Os -nostdinc -ffreestanding '-std=c99' '-D_XOPEN_SOURCE=700' -pipe -g -I./include -I./src/internal -I./arch/x86_64 -c -o src/stdio/vasprintf.o src/stdio/vasprintf.c
./build.sh: line 544: ../tcc-0.9.27/tcc: not found
+ ../tcc-0.9.27/tcc -Os -nostdinc -ffreestanding '-std=c99' '-D_XOPEN_SOURCE=700' -pipe -g -I./include -I./src/internal -I./arch/x86_64 -c -o src/stdio/vdprintf.o src/stdio/vdprintf.c
./build.sh: line 545: ../tcc-0.9.27/tcc: not found
+ ../tcc-0.9.27/tcc -Os -nostdinc -ffreestanding '-std=c99' '-D_XOPEN_SOURCE=700' -pipe -g -I./include -I./src/internal -I./arch/x86_64 -c -o src/stdio/vfprintf.o src/stdio/vfprintf.c
./build.sh: line 546: ../tcc-0.9.27/tcc: not found
+ ../tcc-0.9.27/tcc -Os -nostdinc -ffreestanding '-std=c99' '-D_XOPEN_SOURCE=700' -pipe -g -I./include -I./src/internal -I./arch/x86_64 -c -o src/stdio/vfscanf.o src/stdio/vfscanf.c
./build.sh: line 547: ../tcc-0.9.27/tcc: not found
+ ../tcc-0.9.27/tcc -Os -nostdinc -ffreestanding '-std=c99' '-D_XOPEN_SOURCE=700' -pipe -g -I./include -I./src/internal -I./arch/x86_64 -c -o src/stdio/vfwscanf.o src/stdio/vfwscanf.c
./build.sh: line 548: ../tcc-0.9.27/tcc: not found
+ ../tcc-0.9.27/tcc -Os -nostdinc -ffreestanding '-std=c99' '-D_XOPEN_SOURCE=700' -pipe -g -I./include -I./src/internal -I./arch/x86_64 -c -o src/stdio/vprintf.o src/stdio/vprintf.c
./build.sh: line 549: ../tcc-0.9.27/tcc: not found
+ ../tcc-0.9.27/tcc -Os -nostdinc -ffreestanding '-std=c99' '-D_XOPEN_SOURCE=700' -pipe -g -I./include -I./src/internal -I./arch/x86_64 -c -o src/stdio/vscanf.o src/stdio/vscanf.c
./build.sh: line 550: ../tcc-0.9.27/tcc: not found
+ ../tcc-0.9.27/tcc -Os -nostdinc -ffreestanding '-std=c99' '-D_XOPEN_SOURCE=700' -pipe -g -I./include -I./src/internal -I./arch/x86_64 -c -o src/stdio/vsnprintf.o src/stdio/vsnprintf.c
./build.sh: line 551: ../tcc-0.9.27/tcc: not found
+ ../tcc-0.9.27/tcc -Os -nostdinc -ffreestanding '-std=c99' '-D_XOPEN_SOURCE=700' -pipe -g -I./include -I./src/internal -I./arch/x86_64 -c -o src/stdio/vsprintf.o src/stdio/vsprintf.c
./build.sh: line 552: ../tcc-0.9.27/tcc: not found
+ ../tcc-0.9.27/tcc -Os -nostdinc -ffreestanding '-std=c99' '-D_XOPEN_SOURCE=700' -pipe -g -I./include -I./src/internal -I./arch/x86_64 -c -o src/stdio/vsscanf.o src/stdio/vsscanf.c
./build.sh: line 553: ../tcc-0.9.27/tcc: not found
+ ../tcc-0.9.27/tcc -Os -nostdinc -ffreestanding '-std=c99' '-D_XOPEN_SOURCE=700' -pipe -g -I./include -I./src/internal -I./arch/x86_64 -c -o src/stdio/vswscanf.o src/stdio/vswscanf.c
./build.sh: line 554: ../tcc-0.9.27/tcc: not found
+ ../tcc-0.9.27/tcc -Os -nostdinc -ffreestanding '-std=c99' '-D_XOPEN_SOURCE=700' -pipe -g -I./include -I./src/internal -I./arch/x86_64 -c -o src/stdio/vwscanf.o src/stdio/vwscanf.c
./build.sh: line 555: ../tcc-0.9.27/tcc: not found
+ ../tcc-0.9.27/tcc -Os -nostdinc -ffreestanding '-std=c99' '-D_XOPEN_SOURCE=700' -pipe -g -I./include -I./src/internal -I./arch/x86_64 -c -o src/stdio/wscanf.o src/stdio/wscanf.c
./build.sh: line 556: ../tcc-0.9.27/tcc: not found
+ ../tcc-0.9.27/tcc -Os -nostdinc -ffreestanding '-std=c99' '-D_XOPEN_SOURCE=700' -pipe -g -I./include -I./src/internal -I./arch/x86_64 -c -o src/stdlib/abs.o src/stdlib/abs.c
./build.sh: line 557: ../tcc-0.9.27/tcc: not found
+ ../tcc-0.9.27/tcc -Os -nostdinc -ffreestanding '-std=c99' '-D_XOPEN_SOURCE=700' -pipe -g -I./include -I./src/internal -I./arch/x86_64 -c -o src/stdlib/atof.o src/stdlib/atof.c
./build.sh: line 558: ../tcc-0.9.27/tcc: not found
+ ../tcc-0.9.27/tcc -Os -nostdinc -ffreestanding '-std=c99' '-D_XOPEN_SOURCE=700' -pipe -g -I./include -I./src/internal -I./arch/x86_64 -c -o src/stdlib/atoi.o src/stdlib/atoi.c
./build.sh: line 559: ../tcc-0.9.27/tcc: not found
+ ../tcc-0.9.27/tcc -Os -nostdinc -ffreestanding '-std=c99' '-D_XOPEN_SOURCE=700' -pipe -g -I./include -I./src/internal -I./arch/x86_64 -c -o src/stdlib/atol.o src/stdlib/atol.c
./build.sh: line 560: ../tcc-0.9.27/tcc: not found
+ ../tcc-0.9.27/tcc -Os -nostdinc -ffreestanding '-std=c99' '-D_XOPEN_SOURCE=700' -pipe -g -I./include -I./src/internal -I./arch/x86_64 -c -o src/stdlib/atoll.o src/stdlib/atoll.c
./build.sh: line 561: ../tcc-0.9.27/tcc: not found
+ ../tcc-0.9.27/tcc -Os -nostdinc -ffreestanding '-std=c99' '-D_XOPEN_SOURCE=700' -pipe -g -I./include -I./src/internal -I./arch/x86_64 -c -o src/stdlib/bsearch.o src/stdlib/bsearch.c
./build.sh: line 562: ../tcc-0.9.27/tcc: not found
+ ../tcc-0.9.27/tcc -Os -nostdinc -ffreestanding '-std=c99' '-D_XOPEN_SOURCE=700' -pipe -g -I./include -I./src/internal -I./arch/x86_64 -c -o src/stdlib/div.o src/stdlib/div.c
./build.sh: line 563: ../tcc-0.9.27/tcc: not found
+ ../tcc-0.9.27/tcc -Os -nostdinc -ffreestanding '-std=c99' '-D_XOPEN_SOURCE=700' -pipe -g -I./include -I./src/internal -I./arch/x86_64 -c -o src/stdlib/frexp.o src/stdlib/frexp.c
./build.sh: line 564: ../tcc-0.9.27/tcc: not found
+ ../tcc-0.9.27/tcc -Os -nostdinc -ffreestanding '-std=c99' '-D_XOPEN_SOURCE=700' -pipe -g -I./include -I./src/internal -I./arch/x86_64 -c -o src/stdlib/frexpf.o src/stdlib/frexpf.c
./build.sh: line 565: ../tcc-0.9.27/tcc: not found
+ ../tcc-0.9.27/tcc -Os -nostdinc -ffreestanding '-std=c99' '-D_XOPEN_SOURCE=700' -pipe -g -I./include -I./src/internal -I./arch/x86_64 -c -o src/stdlib/frexpl.o src/stdlib/frexpl.c
./build.sh: line 566: ../tcc-0.9.27/tcc: not found
+ ../tcc-0.9.27/tcc -Os -nostdinc -ffreestanding '-std=c99' '-D_XOPEN_SOURCE=700' -pipe -g -I./include -I./src/internal -I./arch/x86_64 -c -o src/stdlib/imaxabs.o src/stdlib/imaxabs.c
./build.sh: line 567: ../tcc-0.9.27/tcc: not found
+ ../tcc-0.9.27/tcc -Os -nostdinc -ffreestanding '-std=c99' '-D_XOPEN_SOURCE=700' -pipe -g -I./include -I./src/internal -I./arch/x86_64 -c -o src/stdlib/imaxdiv.o src/stdlib/imaxdiv.c
./build.sh: line 568: ../tcc-0.9.27/tcc: not found
+ ../tcc-0.9.27/tcc -Os -nostdinc -ffreestanding '-std=c99' '-D_XOPEN_SOURCE=700' -pipe -g -I./include -I./src/internal -I./arch/x86_64 -c -o src/stdlib/labs.o src/stdlib/labs.c
./build.sh: line 569: ../tcc-0.9.27/tcc: not found
+ ../tcc-0.9.27/tcc -Os -nostdinc -ffreestanding '-std=c99' '-D_XOPEN_SOURCE=700' -pipe -g -I./include -I./src/internal -I./arch/x86_64 -c -o src/stdlib/ldiv.o src/stdlib/ldiv.c
./build.sh: line 570: ../tcc-0.9.27/tcc: not found
+ ../tcc-0.9.27/tcc -Os -nostdinc -ffreestanding '-std=c99' '-D_XOPEN_SOURCE=700' -pipe -g -I./include -I./src/internal -I./arch/x86_64 -c -o src/stdlib/llabs.o src/stdlib/llabs.c
./build.sh: line 571: ../tcc-0.9.27/tcc: not found
+ ../tcc-0.9.27/tcc -Os -nostdinc -ffreestanding '-std=c99' '-D_XOPEN_SOURCE=700' -pipe -g -I./include -I./src/internal -I./arch/x86_64 -c -o src/stdlib/lldiv.o src/stdlib/lldiv.c
./build.sh: line 572: ../tcc-0.9.27/tcc: not found
+ ../tcc-0.9.27/tcc -Os -nostdinc -ffreestanding '-std=c99' '-D_XOPEN_SOURCE=700' -pipe -g -I./include -I./src/internal -I./arch/x86_64 -c -o src/stdlib/qsort.o src/stdlib/qsort.c
./build.sh: line 573: ../tcc-0.9.27/tcc: not found
+ ../tcc-0.9.27/tcc -Os -nostdinc -ffreestanding '-std=c99' '-D_XOPEN_SOURCE=700' -pipe -g -I./include -I./src/internal -I./arch/x86_64 -c -o src/stdlib/strtod.o src/stdlib/strtod.c
./build.sh: line 574: ../tcc-0.9.27/tcc: not found
+ ../tcc-0.9.27/tcc -Os -nostdinc -ffreestanding '-std=c99' '-D_XOPEN_SOURCE=700' -pipe -g -I./include -I./src/internal -I./arch/x86_64 -c -o src/stdlib/strtof.o src/stdlib/strtof.c
./build.sh: line 575: ../tcc-0.9.27/tcc: not found
+ ../tcc-0.9.27/tcc -Os -nostdinc -ffreestanding '-std=c99' '-D_XOPEN_SOURCE=700' -pipe -g -I./include -I./src/internal -I./arch/x86_64 -c -o src/stdlib/strtoimax.o src/stdlib/strtoimax.c
./build.sh: line 576: ../tcc-0.9.27/tcc: not found
+ ../tcc-0.9.27/tcc -Os -nostdinc -ffreestanding '-std=c99' '-D_XOPEN_SOURCE=700' -pipe -g -I./include -I./src/internal -I./arch/x86_64 -c -o src/stdlib/strtol.o src/stdlib/strtol.c
./build.sh: line 577: ../tcc-0.9.27/tcc: not found
+ ../tcc-0.9.27/tcc -Os -nostdinc -ffreestanding '-std=c99' '-D_XOPEN_SOURCE=700' -pipe -g -I./include -I./src/internal -I./arch/x86_64 -c -o src/stdlib/strtold.o src/stdlib/strtold.c
./build.sh: line 578: ../tcc-0.9.27/tcc: not found
+ ../tcc-0.9.27/tcc -Os -nostdinc -ffreestanding '-std=c99' '-D_XOPEN_SOURCE=700' -pipe -g -I./include -I./src/internal -I./arch/x86_64 -c -o src/stdlib/strtoll.o src/stdlib/strtoll.c
./build.sh: line 579: ../tcc-0.9.27/tcc: not found
+ ../tcc-0.9.27/tcc -Os -nostdinc -ffreestanding '-std=c99' '-D_XOPEN_SOURCE=700' -pipe -g -I./include -I./src/internal -I./arch/x86_64 -c -o src/stdlib/strtoul.o src/stdlib/strtoul.c
./build.sh: line 580: ../tcc-0.9.27/tcc: not found
+ ../tcc-0.9.27/tcc -Os -nostdinc -ffreestanding '-std=c99' '-D_XOPEN_SOURCE=700' -pipe -g -I./include -I./src/internal -I./arch/x86_64 -c -o src/stdlib/strtoull.o src/stdlib/strtoull.c
./build.sh: line 581: ../tcc-0.9.27/tcc: not found
+ ../tcc-0.9.27/tcc -Os -nostdinc -ffreestanding '-std=c99' '-D_XOPEN_SOURCE=700' -pipe -g -I./include -I./src/internal -I./arch/x86_64 -c -o src/stdlib/strtoumax.o src/stdlib/strtoumax.c
./build.sh: line 582: ../tcc-0.9.27/tcc: not found
+ ../tcc-0.9.27/tcc -Os -nostdinc -ffreestanding '-std=c99' '-D_XOPEN_SOURCE=700' -pipe -g -I./include -I./src/internal -I./arch/x86_64 -c -o src/stdlib/wcstoimax.o src/stdlib/wcstoimax.c
./build.sh: line 583: ../tcc-0.9.27/tcc: not found
+ ../tcc-0.9.27/tcc -Os -nostdinc -ffreestanding '-std=c99' '-D_XOPEN_SOURCE=700' -pipe -g -I./include -I./src/internal -I./arch/x86_64 -c -o src/stdlib/wcstol.o src/stdlib/wcstol.c
./build.sh: line 584: ../tcc-0.9.27/tcc: not found
+ ../tcc-0.9.27/tcc -Os -nostdinc -ffreestanding '-std=c99' '-D_XOPEN_SOURCE=700' -pipe -g -I./include -I./src/internal -I./arch/x86_64 -c -o src/stdlib/wcstoll.o src/stdlib/wcstoll.c
./build.sh: line 585: ../tcc-0.9.27/tcc: not found
+ ../tcc-0.9.27/tcc -Os -nostdinc -ffreestanding '-std=c99' '-D_XOPEN_SOURCE=700' -pipe -g -I./include -I./src/internal -I./arch/x86_64 -c -o src/stdlib/wcstoul.o src/stdlib/wcstoul.c
./build.sh: line 586: ../tcc-0.9.27/tcc: not found
+ ../tcc-0.9.27/tcc -Os -nostdinc -ffreestanding '-std=c99' '-D_XOPEN_SOURCE=700' -pipe -g -I./include -I./src/internal -I./arch/x86_64 -c -o src/stdlib/wcstoull.o src/stdlib/wcstoull.c
./build.sh: line 587: ../tcc-0.9.27/tcc: not found
+ ../tcc-0.9.27/tcc -Os -nostdinc -ffreestanding '-std=c99' '-D_XOPEN_SOURCE=700' -pipe -g -I./include -I./src/internal -I./arch/x86_64 -c -o src/stdlib/wcstoumax.o src/stdlib/wcstoumax.c
./build.sh: line 588: ../tcc-0.9.27/tcc: not found
+ ../tcc-0.9.27/tcc -Os -nostdinc -ffreestanding '-std=c99' '-D_XOPEN_SOURCE=700' -pipe -g -I./include -I./src/internal -I./arch/x86_64 -c -o src/string/bcmp.o src/string/bcmp.c
./build.sh: line 589: ../tcc-0.9.27/tcc: not found
+ ../tcc-0.9.27/tcc -Os -nostdinc -ffreestanding '-std=c99' '-D_XOPEN_SOURCE=700' -pipe -g -I./include -I./src/internal -I./arch/x86_64 -c -o src/string/bcopy.o src/string/bcopy.c
./build.sh: line 590: ../tcc-0.9.27/tcc: not found
+ ../tcc-0.9.27/tcc -Os -nostdinc -ffreestanding '-std=c99' '-D_XOPEN_SOURCE=700' -pipe -g -I./include -I./src/internal -I./arch/x86_64 -c -o src/string/bzero.o src/string/bzero.c
./build.sh: line 591: ../tcc-0.9.27/tcc: not found
+ ../tcc-0.9.27/tcc -Os -nostdinc -ffreestanding '-std=c99' '-D_XOPEN_SOURCE=700' -pipe -g -I./include -I./src/internal -I./arch/x86_64 -c -o src/string/index.o src/string/index.c
./build.sh: line 592: ../tcc-0.9.27/tcc: not found
+ ../tcc-0.9.27/tcc -Os -nostdinc -ffreestanding '-std=c99' '-D_XOPEN_SOURCE=700' -pipe -g -I./include -I./src/internal -I./arch/x86_64 -c -o src/string/memchr.o src/string/memchr.c
./build.sh: line 593: ../tcc-0.9.27/tcc: not found
+ ../tcc-0.9.27/tcc -Os -nostdinc -ffreestanding '-std=c99' '-D_XOPEN_SOURCE=700' -pipe -g -I./include -I./src/internal -I./arch/x86_64 -c -o src/string/memcmp.o src/string/memcmp.c
./build.sh: line 594: ../tcc-0.9.27/tcc: not found
+ ../tcc-0.9.27/tcc -Os -nostdinc -ffreestanding '-std=c99' '-D_XOPEN_SOURCE=700' -pipe -g -I./include -I./src/internal -I./arch/x86_64 -c -o src/string/memcpy.o src/string/memcpy.c
./build.sh: line 595: ../tcc-0.9.27/tcc: not found
+ ../tcc-0.9.27/tcc -Os -nostdinc -ffreestanding '-std=c99' '-D_XOPEN_SOURCE=700' -pipe -g -I./include -I./src/internal -I./arch/x86_64 -c -o src/string/memmove.o src/string/memmove.c
./build.sh: line 596: ../tcc-0.9.27/tcc: not found
+ ../tcc-0.9.27/tcc -Os -nostdinc -ffreestanding '-std=c99' '-D_XOPEN_SOURCE=700' -pipe -g -I./include -I./src/internal -I./arch/x86_64 -c -o src/string/mempcpy.o src/string/mempcpy.c
./build.sh: line 597: ../tcc-0.9.27/tcc: not found
+ ../tcc-0.9.27/tcc -Os -nostdinc -ffreestanding '-std=c99' '-D_XOPEN_SOURCE=700' -pipe -g -I./include -I./src/internal -I./arch/x86_64 -c -o src/string/memset.o src/string/memset.c
./build.sh: line 598: ../tcc-0.9.27/tcc: not found
+ ../tcc-0.9.27/tcc -Os -nostdinc -ffreestanding '-std=c99' '-D_XOPEN_SOURCE=700' -pipe -g -I./include -I./src/internal -I./arch/x86_64 -c -o src/string/rindex.o src/string/rindex.c
./build.sh: line 599: ../tcc-0.9.27/tcc: not found
+ ../tcc-0.9.27/tcc -Os -nostdinc -ffreestanding '-std=c99' '-D_XOPEN_SOURCE=700' -pipe -g -I./include -I./src/internal -I./arch/x86_64 -c -o src/string/stpcpy.o src/string/stpcpy.c
./build.sh: line 600: ../tcc-0.9.27/tcc: not found
+ ../tcc-0.9.27/tcc -Os -nostdinc -ffreestanding '-std=c99' '-D_XOPEN_SOURCE=700' -pipe -g -I./include -I./src/internal -I./arch/x86_64 -c -o src/string/stpncpy.o src/string/stpncpy.c
./build.sh: line 601: ../tcc-0.9.27/tcc: not found
+ ../tcc-0.9.27/tcc -Os -nostdinc -ffreestanding '-std=c99' '-D_XOPEN_SOURCE=700' -pipe -g -I./include -I./src/internal -I./arch/x86_64 -c -o src/string/strcasecmp.o src/string/strcasecmp.c
./build.sh: line 602: ../tcc-0.9.27/tcc: not found
+ ../tcc-0.9.27/tcc -Os -nostdinc -ffreestanding '-std=c99' '-D_XOPEN_SOURCE=700' -pipe -g -I./include -I./src/internal -I./arch/x86_64 -c -o src/string/strcasestr.o src/string/strcasestr.c
./build.sh: line 603: ../tcc-0.9.27/tcc: not found
+ ../tcc-0.9.27/tcc -Os -nostdinc -ffreestanding '-std=c99' '-D_XOPEN_SOURCE=700' -pipe -g -I./include -I./src/internal -I./arch/x86_64 -c -o src/string/strcat.o src/string/strcat.c
./build.sh: line 604: ../tcc-0.9.27/tcc: not found
+ ../tcc-0.9.27/tcc -Os -nostdinc -ffreestanding '-std=c99' '-D_XOPEN_SOURCE=700' -pipe -g -I./include -I./src/internal -I./arch/x86_64 -c -o src/string/strchr.o src/string/strchr.c
./build.sh: line 605: ../tcc-0.9.27/tcc: not found
+ ../tcc-0.9.27/tcc -Os -nostdinc -ffreestanding '-std=c99' '-D_XOPEN_SOURCE=700' -pipe -g -I./include -I./src/internal -I./arch/x86_64 -c -o src/string/strchrnul.o src/string/strchrnul.c
./build.sh: line 606: ../tcc-0.9.27/tcc: not found
+ ../tcc-0.9.27/tcc -Os -nostdinc -ffreestanding '-std=c99' '-D_XOPEN_SOURCE=700' -pipe -g -I./include -I./src/internal -I./arch/x86_64 -c -o src/string/strcmp.o src/string/strcmp.c
./build.sh: line 607: ../tcc-0.9.27/tcc: not found
+ ../tcc-0.9.27/tcc -Os -nostdinc -ffreestanding '-std=c99' '-D_XOPEN_SOURCE=700' -pipe -g -I./include -I./src/internal -I./arch/x86_64 -c -o src/string/strcpy.o src/string/strcpy.c
./build.sh: line 608: ../tcc-0.9.27/tcc: not found
+ ../tcc-0.9.27/tcc -Os -nostdinc -ffreestanding '-std=c99' '-D_XOPEN_SOURCE=700' -pipe -g -I./include -I./src/internal -I./arch/x86_64 -c -o src/string/strcspn.o src/string/strcspn.c
./build.sh: line 609: ../tcc-0.9.27/tcc: not found
+ ../tcc-0.9.27/tcc -Os -nostdinc -ffreestanding '-std=c99' '-D_XOPEN_SOURCE=700' -pipe -g -I./include -I./src/internal -I./arch/x86_64 -c -o src/string/strdup.o src/string/strdup.c
./build.sh: line 610: ../tcc-0.9.27/tcc: not found
+ ../tcc-0.9.27/tcc -Os -nostdinc -ffreestanding '-std=c99' '-D_XOPEN_SOURCE=700' -pipe -g -I./include -I./src/internal -I./arch/x86_64 -c -o src/string/strerror_r.o src/string/strerror_r.c
./build.sh: line 611: ../tcc-0.9.27/tcc: not found
+ ../tcc-0.9.27/tcc -Os -nostdinc -ffreestanding '-std=c99' '-D_XOPEN_SOURCE=700' -pipe -g -I./include -I./src/internal -I./arch/x86_64 -c -o src/string/strlcat.o src/string/strlcat.c
./build.sh: line 612: ../tcc-0.9.27/tcc: not found
+ ../tcc-0.9.27/tcc -Os -nostdinc -ffreestanding '-std=c99' '-D_XOPEN_SOURCE=700' -pipe -g -I./include -I./src/internal -I./arch/x86_64 -c -o src/string/strlcpy.o src/string/strlcpy.c
./build.sh: line 613: ../tcc-0.9.27/tcc: not found
+ ../tcc-0.9.27/tcc -Os -nostdinc -ffreestanding '-std=c99' '-D_XOPEN_SOURCE=700' -pipe -g -I./include -I./src/internal -I./arch/x86_64 -c -o src/string/strlen.o src/string/strlen.c
./build.sh: line 614: ../tcc-0.9.27/tcc: not found
+ ../tcc-0.9.27/tcc -Os -nostdinc -ffreestanding '-std=c99' '-D_XOPEN_SOURCE=700' -pipe -g -I./include -I./src/internal -I./arch/x86_64 -c -o src/string/strncasecmp.o src/string/strncasecmp.c
./build.sh: line 615: ../tcc-0.9.27/tcc: not found
+ ../tcc-0.9.27/tcc -Os -nostdinc -ffreestanding '-std=c99' '-D_XOPEN_SOURCE=700' -pipe -g -I./include -I./src/internal -I./arch/x86_64 -c -o src/string/strncat.o src/string/strncat.c
./build.sh: line 616: ../tcc-0.9.27/tcc: not found
+ ../tcc-0.9.27/tcc -Os -nostdinc -ffreestanding '-std=c99' '-D_XOPEN_SOURCE=700' -pipe -g -I./include -I./src/internal -I./arch/x86_64 -c -o src/string/strncmp.o src/string/strncmp.c
./build.sh: line 617: ../tcc-0.9.27/tcc: not found
+ ../tcc-0.9.27/tcc -Os -nostdinc -ffreestanding '-std=c99' '-D_XOPEN_SOURCE=700' -pipe -g -I./include -I./src/internal -I./arch/x86_64 -c -o src/string/strncpy.o src/string/strncpy.c
./build.sh: line 618: ../tcc-0.9.27/tcc: not found
+ ../tcc-0.9.27/tcc -Os -nostdinc -ffreestanding '-std=c99' '-D_XOPEN_SOURCE=700' -pipe -g -I./include -I./src/internal -I./arch/x86_64 -c -o src/string/strndup.o src/string/strndup.c
./build.sh: line 619: ../tcc-0.9.27/tcc: not found
+ ../tcc-0.9.27/tcc -Os -nostdinc -ffreestanding '-std=c99' '-D_XOPEN_SOURCE=700' -pipe -g -I./include -I./src/internal -I./arch/x86_64 -c -o src/string/strnlen.o src/string/strnlen.c
./build.sh: line 620: ../tcc-0.9.27/tcc: not found
+ ../tcc-0.9.27/tcc -Os -nostdinc -ffreestanding '-std=c99' '-D_XOPEN_SOURCE=700' -pipe -g -I./include -I./src/internal -I./arch/x86_64 -c -o src/string/strpbrk.o src/string/strpbrk.c
./build.sh: line 621: ../tcc-0.9.27/tcc: not found
+ ../tcc-0.9.27/tcc -Os -nostdinc -ffreestanding '-std=c99' '-D_XOPEN_SOURCE=700' -pipe -g -I./include -I./src/internal -I./arch/x86_64 -c -o src/string/strrchr.o src/string/strrchr.c
./build.sh: line 622: ../tcc-0.9.27/tcc: not found
+ ../tcc-0.9.27/tcc -Os -nostdinc -ffreestanding '-std=c99' '-D_XOPEN_SOURCE=700' -pipe -g -I./include -I./src/internal -I./arch/x86_64 -c -o src/string/strsep.o src/string/strsep.c
./build.sh: line 623: ../tcc-0.9.27/tcc: not found
+ ../tcc-0.9.27/tcc -Os -nostdinc -ffreestanding '-std=c99' '-D_XOPEN_SOURCE=700' -pipe -g -I./include -I./src/internal -I./arch/x86_64 -c -o src/string/strsignal.o src/string/strsignal.c
./build.sh: line 624: ../tcc-0.9.27/tcc: not found
+ ../tcc-0.9.27/tcc -Os -nostdinc -ffreestanding '-std=c99' '-D_XOPEN_SOURCE=700' -pipe -g -I./include -I./src/internal -I./arch/x86_64 -c -o src/string/strspn.o src/string/strspn.c
./build.sh: line 625: ../tcc-0.9.27/tcc: not found
+ ../tcc-0.9.27/tcc -Os -nostdinc -ffreestanding '-std=c99' '-D_XOPEN_SOURCE=700' -pipe -g -I./include -I./src/internal -I./arch/x86_64 -c -o src/string/strstr.o src/string/strstr.c
./build.sh: line 626: ../tcc-0.9.27/tcc: not found
+ ../tcc-0.9.27/tcc -Os -nostdinc -ffreestanding '-std=c99' '-D_XOPEN_SOURCE=700' -pipe -g -I./include -I./src/internal -I./arch/x86_64 -c -o src/string/strtok.o src/string/strtok.c
./build.sh: line 627: ../tcc-0.9.27/tcc: not found
+ ../tcc-0.9.27/tcc -Os -nostdinc -ffreestanding '-std=c99' '-D_XOPEN_SOURCE=700' -pipe -g -I./include -I./src/internal -I./arch/x86_64 -c -o src/string/strtok_r.o src/string/strtok_r.c
./build.sh: line 628: ../tcc-0.9.27/tcc: not found
+ ../tcc-0.9.27/tcc -Os -nostdinc -ffreestanding '-std=c99' '-D_XOPEN_SOURCE=700' -pipe -g -I./include -I./src/internal -I./arch/x86_64 -c -o src/string/swab.o src/string/swab.c
./build.sh: line 629: ../tcc-0.9.27/tcc: not found
+ ../tcc-0.9.27/tcc -Os -nostdinc -ffreestanding '-std=c99' '-D_XOPEN_SOURCE=700' -pipe -g -I./include -I./src/internal -I./arch/x86_64 -c -o src/string/wcscat.o src/string/wcscat.c
./build.sh: line 630: ../tcc-0.9.27/tcc: not found
+ ../tcc-0.9.27/tcc -Os -nostdinc -ffreestanding '-std=c99' '-D_XOPEN_SOURCE=700' -pipe -g -I./include -I./src/internal -I./arch/x86_64 -c -o src/string/wcschr.o src/string/wcschr.c
./build.sh: line 631: ../tcc-0.9.27/tcc: not found
+ ../tcc-0.9.27/tcc -Os -nostdinc -ffreestanding '-std=c99' '-D_XOPEN_SOURCE=700' -pipe -g -I./include -I./src/internal -I./arch/x86_64 -c -o src/string/wcscmp.o src/string/wcscmp.c
./build.sh: line 632: ../tcc-0.9.27/tcc: not found
+ ../tcc-0.9.27/tcc -Os -nostdinc -ffreestanding '-std=c99' '-D_XOPEN_SOURCE=700' -pipe -g -I./include -I./src/internal -I./arch/x86_64 -c -o src/string/wcscpy.o src/string/wcscpy.c
./build.sh: line 633: ../tcc-0.9.27/tcc: not found
+ ../tcc-0.9.27/tcc -Os -nostdinc -ffreestanding '-std=c99' '-D_XOPEN_SOURCE=700' -pipe -g -I./include -I./src/internal -I./arch/x86_64 -c -o src/string/wcscspn.o src/string/wcscspn.c
./build.sh: line 634: ../tcc-0.9.27/tcc: not found
+ ../tcc-0.9.27/tcc -Os -nostdinc -ffreestanding '-std=c99' '-D_XOPEN_SOURCE=700' -pipe -g -I./include -I./src/internal -I./arch/x86_64 -c -o src/string/wcslen.o src/string/wcslen.c
./build.sh: line 635: ../tcc-0.9.27/tcc: not found
+ ../tcc-0.9.27/tcc -Os -nostdinc -ffreestanding '-std=c99' '-D_XOPEN_SOURCE=700' -pipe -g -I./include -I./src/internal -I./arch/x86_64 -c -o src/string/wcsncat.o src/string/wcsncat.c
./build.sh: line 636: ../tcc-0.9.27/tcc: not found
+ ../tcc-0.9.27/tcc -Os -nostdinc -ffreestanding '-std=c99' '-D_XOPEN_SOURCE=700' -pipe -g -I./include -I./src/internal -I./arch/x86_64 -c -o src/string/wcsncmp.o src/string/wcsncmp.c
./build.sh: line 637: ../tcc-0.9.27/tcc: not found
+ ../tcc-0.9.27/tcc -Os -nostdinc -ffreestanding '-std=c99' '-D_XOPEN_SOURCE=700' -pipe -g -I./include -I./src/internal -I./arch/x86_64 -c -o src/string/wcsncpy.o src/string/wcsncpy.c
./build.sh: line 638: ../tcc-0.9.27/tcc: not found
+ ../tcc-0.9.27/tcc -Os -nostdinc -ffreestanding '-std=c99' '-D_XOPEN_SOURCE=700' -pipe -g -I./include -I./src/internal -I./arch/x86_64 -c -o src/string/wcspbrk.o src/string/wcspbrk.c
./build.sh: line 639: ../tcc-0.9.27/tcc: not found
+ ../tcc-0.9.27/tcc -Os -nostdinc -ffreestanding '-std=c99' '-D_XOPEN_SOURCE=700' -pipe -g -I./include -I./src/internal -I./arch/x86_64 -c -o src/string/wcsrchr.o src/string/wcsrchr.c
./build.sh: line 640: ../tcc-0.9.27/tcc: not found
+ ../tcc-0.9.27/tcc -Os -nostdinc -ffreestanding '-std=c99' '-D_XOPEN_SOURCE=700' -pipe -g -I./include -I./src/internal -I./arch/x86_64 -c -o src/string/wcsspn.o src/string/wcsspn.c
./build.sh: line 641: ../tcc-0.9.27/tcc: not found
+ ../tcc-0.9.27/tcc -Os -nostdinc -ffreestanding '-std=c99' '-D_XOPEN_SOURCE=700' -pipe -g -I./include -I./src/internal -I./arch/x86_64 -c -o src/string/wcsstr.o src/string/wcsstr.c
./build.sh: line 642: ../tcc-0.9.27/tcc: not found
+ ../tcc-0.9.27/tcc -Os -nostdinc -ffreestanding '-std=c99' '-D_XOPEN_SOURCE=700' -pipe -g -I./include -I./src/internal -I./arch/x86_64 -c -o src/string/wcswcs.o src/string/wcswcs.c
./build.sh: line 643: ../tcc-0.9.27/tcc: not found
+ ../tcc-0.9.27/tcc -Os -nostdinc -ffreestanding '-std=c99' '-D_XOPEN_SOURCE=700' -pipe -g -I./include -I./src/internal -I./arch/x86_64 -c -o src/string/wmemchr.o src/string/wmemchr.c
./build.sh: line 644: ../tcc-0.9.27/tcc: not found
+ ../tcc-0.9.27/tcc -Os -nostdinc -ffreestanding '-std=c99' '-D_XOPEN_SOURCE=700' -pipe -g -I./include -I./src/internal -I./arch/x86_64 -c -o src/string/wmemcmp.o src/string/wmemcmp.c
./build.sh: line 645: ../tcc-0.9.27/tcc: not found
+ ../tcc-0.9.27/tcc -Os -nostdinc -ffreestanding '-std=c99' '-D_XOPEN_SOURCE=700' -pipe -g -I./include -I./src/internal -I./arch/x86_64 -c -o src/string/wmemcpy.o src/string/wmemcpy.c
./build.sh: line 646: ../tcc-0.9.27/tcc: not found
+ ../tcc-0.9.27/tcc -Os -nostdinc -ffreestanding '-std=c99' '-D_XOPEN_SOURCE=700' -pipe -g -I./include -I./src/internal -I./arch/x86_64 -c -o src/string/wmemmove.o src/string/wmemmove.c
./build.sh: line 647: ../tcc-0.9.27/tcc: not found
+ ../tcc-0.9.27/tcc -Os -nostdinc -ffreestanding '-std=c99' '-D_XOPEN_SOURCE=700' -pipe -g -I./include -I./src/internal -I./arch/x86_64 -c -o src/string/wmemset.o src/string/wmemset.c
./build.sh: line 648: ../tcc-0.9.27/tcc: not found
+ ../tcc-0.9.27/tcc -Os -nostdinc -ffreestanding '-std=c99' '-D_XOPEN_SOURCE=700' -pipe -g -I./include -I./src/internal -I./arch/x86_64 -c -o src/stub/utmpx.o src/stub/utmpx.c
./build.sh: line 649: ../tcc-0.9.27/tcc: not found
+ ../tcc-0.9.27/tcc -Os -nostdinc -ffreestanding '-std=c99' '-D_XOPEN_SOURCE=700' -pipe -g -I./include -I./src/internal -I./arch/x86_64 -c -o src/temp/mkdtemp.o src/temp/mkdtemp.c
./build.sh: line 650: ../tcc-0.9.27/tcc: not found
+ ../tcc-0.9.27/tcc -Os -nostdinc -ffreestanding '-std=c99' '-D_XOPEN_SOURCE=700' -pipe -g -I./include -I./src/internal -I./arch/x86_64 -c -o src/temp/mkstemp.o src/temp/mkstemp.c
./build.sh: line 651: ../tcc-0.9.27/tcc: not found
+ ../tcc-0.9.27/tcc -Os -nostdinc -ffreestanding '-std=c99' '-D_XOPEN_SOURCE=700' -pipe -g -I./include -I./src/internal -I./arch/x86_64 -c -o src/temp/mktemp.o src/temp/mktemp.c
./build.sh: line 652: ../tcc-0.9.27/tcc: not found
+ ../tcc-0.9.27/tcc -Os -nostdinc -ffreestanding '-std=c99' '-D_XOPEN_SOURCE=700' -pipe -g -I./include -I./src/internal -I./arch/x86_64 -c -o src/termios/cfgetospeed.o src/termios/cfgetospeed.c
./build.sh: line 653: ../tcc-0.9.27/tcc: not found
+ ../tcc-0.9.27/tcc -Os -nostdinc -ffreestanding '-std=c99' '-D_XOPEN_SOURCE=700' -pipe -g -I./include -I./src/internal -I./arch/x86_64 -c -o src/termios/cfsetospeed.o src/termios/cfsetospeed.c
./build.sh: line 654: ../tcc-0.9.27/tcc: not found
+ ../tcc-0.9.27/tcc -Os -nostdinc -ffreestanding '-std=c99' '-D_XOPEN_SOURCE=700' -pipe -g -I./include -I./src/internal -I./arch/x86_64 -c -o src/termios/tcdrain.o src/termios/tcdrain.c
./build.sh: line 655: ../tcc-0.9.27/tcc: not found
+ ../tcc-0.9.27/tcc -Os -nostdinc -ffreestanding '-std=c99' '-D_XOPEN_SOURCE=700' -pipe -g -I./include -I./src/internal -I./arch/x86_64 -c -o src/termios/tcflow.o src/termios/tcflow.c
./build.sh: line 656: ../tcc-0.9.27/tcc: not found
+ ../tcc-0.9.27/tcc -Os -nostdinc -ffreestanding '-std=c99' '-D_XOPEN_SOURCE=700' -pipe -g -I./include -I./src/internal -I./arch/x86_64 -c -o src/termios/tcflush.o src/termios/tcflush.c
./build.sh: line 657: ../tcc-0.9.27/tcc: not found
+ ../tcc-0.9.27/tcc -Os -nostdinc -ffreestanding '-std=c99' '-D_XOPEN_SOURCE=700' -pipe -g -I./include -I./src/internal -I./arch/x86_64 -c -o src/termios/tcgetattr.o src/termios/tcgetattr.c
./build.sh: line 658: ../tcc-0.9.27/tcc: not found
+ ../tcc-0.9.27/tcc -Os -nostdinc -ffreestanding '-std=c99' '-D_XOPEN_SOURCE=700' -pipe -g -I./include -I./src/internal -I./arch/x86_64 -c -o src/termios/tcgetsid.o src/termios/tcgetsid.c
./build.sh: line 659: ../tcc-0.9.27/tcc: not found
+ ../tcc-0.9.27/tcc -Os -nostdinc -ffreestanding '-std=c99' '-D_XOPEN_SOURCE=700' -pipe -g -I./include -I./src/internal -I./arch/x86_64 -c -o src/termios/tcsendbreak.o src/termios/tcsendbreak.c
./build.sh: line 660: ../tcc-0.9.27/tcc: not found
+ ../tcc-0.9.27/tcc -Os -nostdinc -ffreestanding '-std=c99' '-D_XOPEN_SOURCE=700' -pipe -g -I./include -I./src/internal -I./arch/x86_64 -c -o src/termios/tcsetattr.o src/termios/tcsetattr.c
./build.sh: line 661: ../tcc-0.9.27/tcc: not found
+ ../tcc-0.9.27/tcc -Os -nostdinc -ffreestanding '-std=c99' '-D_XOPEN_SOURCE=700' -pipe -g -I./include -I./src/internal -I./arch/x86_64 -c -o src/thread/__futex.o src/thread/__futex.c
./build.sh: line 662: ../tcc-0.9.27/tcc: not found
+ ../tcc-0.9.27/tcc -Os -nostdinc -ffreestanding '-std=c99' '-D_XOPEN_SOURCE=700' -pipe -g -I./include -I./src/internal -I./arch/x86_64 -c -o src/thread/__lock.o src/thread/__lock.c
./build.sh: line 663: ../tcc-0.9.27/tcc: not found
+ ../tcc-0.9.27/tcc -Os -nostdinc -ffreestanding '-std=c99' '-D_XOPEN_SOURCE=700' -pipe -g -I./include -I./src/internal -I./arch/x86_64 -c -o src/thread/__set_thread_area.o src/thread/x86_64/__set_thread_area.s
./build.sh: line 664: ../tcc-0.9.27/tcc: not found
+ ../tcc-0.9.27/tcc -Os -nostdinc -ffreestanding '-std=c99' '-D_XOPEN_SOURCE=700' -pipe -g -I./include -I./src/internal -I./arch/x86_64 -c -o src/thread/__timedwait.o src/thread/__timedwait.c
./build.sh: line 665: ../tcc-0.9.27/tcc: not found
+ ../tcc-0.9.27/tcc -Os -nostdinc -ffreestanding '-std=c99' '-D_XOPEN_SOURCE=700' -pipe -g -I./include -I./src/internal -I./arch/x86_64 -c -o src/thread/__unmapself.o src/thread/x86_64/__unmapself.s
./build.sh: line 666: ../tcc-0.9.27/tcc: not found
+ ../tcc-0.9.27/tcc -Os -nostdinc -ffreestanding '-std=c99' '-D_XOPEN_SOURCE=700' -pipe -g -I./include -I./src/internal -I./arch/x86_64 -c -o src/thread/__wait.o src/thread/__wait.c
./build.sh: line 667: ../tcc-0.9.27/tcc: not found
+ ../tcc-0.9.27/tcc -Os -nostdinc -ffreestanding '-std=c99' '-D_XOPEN_SOURCE=700' -pipe -g -I./include -I./src/internal -I./arch/x86_64 -c -o src/thread/__wake.o src/thread/__wake.c
./build.sh: line 668: ../tcc-0.9.27/tcc: not found
+ ../tcc-0.9.27/tcc -Os -nostdinc -ffreestanding '-std=c99' '-D_XOPEN_SOURCE=700' -pipe -g -I./include -I./src/internal -I./arch/x86_64 -c -o src/thread/cancellation.o src/thread/cancellation.c
./build.sh: line 669: ../tcc-0.9.27/tcc: not found
+ ../tcc-0.9.27/tcc -Os -nostdinc -ffreestanding '-std=c99' '-D_XOPEN_SOURCE=700' -pipe -g -I./include -I./src/internal -I./arch/x86_64 -c -o src/thread/clone.o src/thread/x86_64/clone.s
./build.sh: line 670: ../tcc-0.9.27/tcc: not found
+ ../tcc-0.9.27/tcc -Os -nostdinc -ffreestanding '-std=c99' '-D_XOPEN_SOURCE=700' -pipe -g -I./include -I./src/internal -I./arch/x86_64 -c -o src/thread/pthread_attr_destroy.o src/thread/pthread_attr_destroy.c
./build.sh: line 671: ../tcc-0.9.27/tcc: not found
+ ../tcc-0.9.27/tcc -Os -nostdinc -ffreestanding '-std=c99' '-D_XOPEN_SOURCE=700' -pipe -g -I./include -I./src/internal -I./arch/x86_64 -c -o src/thread/pthread_attr_getdetachstate.o src/thread/pthread_attr_getdetachstate.c
./build.sh: line 672: ../tcc-0.9.27/tcc: not found
+ ../tcc-0.9.27/tcc -Os -nostdinc -ffreestanding '-std=c99' '-D_XOPEN_SOURCE=700' -pipe -g -I./include -I./src/internal -I./arch/x86_64 -c -o src/thread/pthread_attr_getguardsize.o src/thread/pthread_attr_getguardsize.c
./build.sh: line 673: ../tcc-0.9.27/tcc: not found
+ ../tcc-0.9.27/tcc -Os -nostdinc -ffreestanding '-std=c99' '-D_XOPEN_SOURCE=700' -pipe -g -I./include -I./src/internal -I./arch/x86_64 -c -o src/thread/pthread_attr_getscope.o src/thread/pthread_attr_getscope.c
./build.sh: line 674: ../tcc-0.9.27/tcc: not found
+ ../tcc-0.9.27/tcc -Os -nostdinc -ffreestanding '-std=c99' '-D_XOPEN_SOURCE=700' -pipe -g -I./include -I./src/internal -I./arch/x86_64 -c -o src/thread/pthread_attr_getstacksize.o src/thread/pthread_attr_getstacksize.c
./build.sh: line 675: ../tcc-0.9.27/tcc: not found
+ ../tcc-0.9.27/tcc -Os -nostdinc -ffreestanding '-std=c99' '-D_XOPEN_SOURCE=700' -pipe -g -I./include -I./src/internal -I./arch/x86_64 -c -o src/thread/pthread_attr_init.o src/thread/pthread_attr_init.c
./build.sh: line 676: ../tcc-0.9.27/tcc: not found
+ ../tcc-0.9.27/tcc -Os -nostdinc -ffreestanding '-std=c99' '-D_XOPEN_SOURCE=700' -pipe -g -I./include -I./src/internal -I./arch/x86_64 -c -o src/thread/pthread_attr_setdetachstate.o src/thread/pthread_attr_setdetachstate.c
./build.sh: line 677: ../tcc-0.9.27/tcc: not found
+ ../tcc-0.9.27/tcc -Os -nostdinc -ffreestanding '-std=c99' '-D_XOPEN_SOURCE=700' -pipe -g -I./include -I./src/internal -I./arch/x86_64 -c -o src/thread/pthread_attr_setguardsize.o src/thread/pthread_attr_setguardsize.c
./build.sh: line 678: ../tcc-0.9.27/tcc: not found
+ ../tcc-0.9.27/tcc -Os -nostdinc -ffreestanding '-std=c99' '-D_XOPEN_SOURCE=700' -pipe -g -I./include -I./src/internal -I./arch/x86_64 -c -o src/thread/pthread_attr_setscope.o src/thread/pthread_attr_setscope.c
./build.sh: line 679: ../tcc-0.9.27/tcc: not found
+ ../tcc-0.9.27/tcc -Os -nostdinc -ffreestanding '-std=c99' '-D_XOPEN_SOURCE=700' -pipe -g -I./include -I./src/internal -I./arch/x86_64 -c -o src/thread/pthread_attr_setstacksize.o src/thread/pthread_attr_setstacksize.c
./build.sh: line 680: ../tcc-0.9.27/tcc: not found
+ ../tcc-0.9.27/tcc -Os -nostdinc -ffreestanding '-std=c99' '-D_XOPEN_SOURCE=700' -pipe -g -I./include -I./src/internal -I./arch/x86_64 -c -o src/thread/pthread_barrier_destroy.o src/thread/pthread_barrier_destroy.c
./build.sh: line 681: ../tcc-0.9.27/tcc: not found
+ ../tcc-0.9.27/tcc -Os -nostdinc -ffreestanding '-std=c99' '-D_XOPEN_SOURCE=700' -pipe -g -I./include -I./src/internal -I./arch/x86_64 -c -o src/thread/pthread_barrier_init.o src/thread/pthread_barrier_init.c
./build.sh: line 682: ../tcc-0.9.27/tcc: not found
+ ../tcc-0.9.27/tcc -Os -nostdinc -ffreestanding '-std=c99' '-D_XOPEN_SOURCE=700' -pipe -g -I./include -I./src/internal -I./arch/x86_64 -c -o src/thread/pthread_barrier_wait.o src/thread/pthread_barrier_wait.c
./build.sh: line 683: ../tcc-0.9.27/tcc: not found
+ ../tcc-0.9.27/tcc -Os -nostdinc -ffreestanding '-std=c99' '-D_XOPEN_SOURCE=700' -pipe -g -I./include -I./src/internal -I./arch/x86_64 -c -o src/thread/pthread_cancel.o src/thread/pthread_cancel.c
./build.sh: line 684: ../tcc-0.9.27/tcc: not found
+ ../tcc-0.9.27/tcc -Os -nostdinc -ffreestanding '-std=c99' '-D_XOPEN_SOURCE=700' -pipe -g -I./include -I./src/internal -I./arch/x86_64 -c -o src/thread/pthread_cond_broadcast.o src/thread/pthread_cond_broadcast.c
./build.sh: line 685: ../tcc-0.9.27/tcc: not found
+ ../tcc-0.9.27/tcc -Os -nostdinc -ffreestanding '-std=c99' '-D_XOPEN_SOURCE=700' -pipe -g -I./include -I./src/internal -I./arch/x86_64 -c -o src/thread/pthread_cond_destroy.o src/thread/pthread_cond_destroy.c
./build.sh: line 686: ../tcc-0.9.27/tcc: not found
+ ../tcc-0.9.27/tcc -Os -nostdinc -ffreestanding '-std=c99' '-D_XOPEN_SOURCE=700' -pipe -g -I./include -I./src/internal -I./arch/x86_64 -c -o src/thread/pthread_cond_init.o src/thread/pthread_cond_init.c
./build.sh: line 687: ../tcc-0.9.27/tcc: not found
+ ../tcc-0.9.27/tcc -Os -nostdinc -ffreestanding '-std=c99' '-D_XOPEN_SOURCE=700' -pipe -g -I./include -I./src/internal -I./arch/x86_64 -c -o src/thread/pthread_cond_signal.o src/thread/pthread_cond_signal.c
./build.sh: line 688: ../tcc-0.9.27/tcc: not found
+ ../tcc-0.9.27/tcc -Os -nostdinc -ffreestanding '-std=c99' '-D_XOPEN_SOURCE=700' -pipe -g -I./include -I./src/internal -I./arch/x86_64 -c -o src/thread/pthread_cond_timedwait.o src/thread/pthread_cond_timedwait.c
./build.sh: line 689: ../tcc-0.9.27/tcc: not found
+ ../tcc-0.9.27/tcc -Os -nostdinc -ffreestanding '-std=c99' '-D_XOPEN_SOURCE=700' -pipe -g -I./include -I./src/internal -I./arch/x86_64 -c -o src/thread/pthread_cond_wait.o src/thread/pthread_cond_wait.c
./build.sh: line 690: ../tcc-0.9.27/tcc: not found
+ ../tcc-0.9.27/tcc -Os -nostdinc -ffreestanding '-std=c99' '-D_XOPEN_SOURCE=700' -pipe -g -I./include -I./src/internal -I./arch/x86_64 -c -o src/thread/pthread_create.o src/thread/pthread_create.c
./build.sh: line 691: ../tcc-0.9.27/tcc: not found
+ ../tcc-0.9.27/tcc -Os -nostdinc -ffreestanding '-std=c99' '-D_XOPEN_SOURCE=700' -pipe -g -I./include -I./src/internal -I./arch/x86_64 -c -o src/thread/pthread_detach.o src/thread/pthread_detach.c
./build.sh: line 692: ../tcc-0.9.27/tcc: not found
+ ../tcc-0.9.27/tcc -Os -nostdinc -ffreestanding '-std=c99' '-D_XOPEN_SOURCE=700' -pipe -g -I./include -I./src/internal -I./arch/x86_64 -c -o src/thread/pthread_equal.o src/thread/pthread_equal.c
./build.sh: line 693: ../tcc-0.9.27/tcc: not found
+ ../tcc-0.9.27/tcc -Os -nostdinc -ffreestanding '-std=c99' '-D_XOPEN_SOURCE=700' -pipe -g -I./include -I./src/internal -I./arch/x86_64 -c -o src/thread/pthread_getspecific.o src/thread/pthread_getspecific.c
./build.sh: line 694: ../tcc-0.9.27/tcc: not found
+ ../tcc-0.9.27/tcc -Os -nostdinc -ffreestanding '-std=c99' '-D_XOPEN_SOURCE=700' -pipe -g -I./include -I./src/internal -I./arch/x86_64 -c -o src/thread/pthread_join.o src/thread/pthread_join.c
./build.sh: line 695: ../tcc-0.9.27/tcc: not found
+ ../tcc-0.9.27/tcc -Os -nostdinc -ffreestanding '-std=c99' '-D_XOPEN_SOURCE=700' -pipe -g -I./include -I./src/internal -I./arch/x86_64 -c -o src/thread/pthread_key_create.o src/thread/pthread_key_create.c
./build.sh: line 696: ../tcc-0.9.27/tcc: not found
+ ../tcc-0.9.27/tcc -Os -nostdinc -ffreestanding '-std=c99' '-D_XOPEN_SOURCE=700' -pipe -g -I./include -I./src/internal -I./arch/x86_64 -c -o src/thread/pthread_key_delete.o src/thread/pthread_key_delete.c
./build.sh: line 697: ../tcc-0.9.27/tcc: not found
+ ../tcc-0.9.27/tcc -Os -nostdinc -ffreestanding '-std=c99' '-D_XOPEN_SOURCE=700' -pipe -g -I./include -I./src/internal -I./arch/x86_64 -c -o src/thread/pthread_kill.o src/thread/pthread_kill.c
./build.sh: line 698: ../tcc-0.9.27/tcc: not found
+ ../tcc-0.9.27/tcc -Os -nostdinc -ffreestanding '-std=c99' '-D_XOPEN_SOURCE=700' -pipe -g -I./include -I./src/internal -I./arch/x86_64 -c -o src/thread/pthread_mutex_destroy.o src/thread/pthread_mutex_destroy.c
./build.sh: line 699: ../tcc-0.9.27/tcc: not found
+ ../tcc-0.9.27/tcc -Os -nostdinc -ffreestanding '-std=c99' '-D_XOPEN_SOURCE=700' -pipe -g -I./include -I./src/internal -I./arch/x86_64 -c -o src/thread/pthread_mutex_init.o src/thread/pthread_mutex_init.c
./build.sh: line 700: ../tcc-0.9.27/tcc: not found
+ ../tcc-0.9.27/tcc -Os -nostdinc -ffreestanding '-std=c99' '-D_XOPEN_SOURCE=700' -pipe -g -I./include -I./src/internal -I./arch/x86_64 -c -o src/thread/pthread_mutex_lock.o src/thread/pthread_mutex_lock.c
./build.sh: line 701: ../tcc-0.9.27/tcc: not found
+ ../tcc-0.9.27/tcc -Os -nostdinc -ffreestanding '-std=c99' '-D_XOPEN_SOURCE=700' -pipe -g -I./include -I./src/internal -I./arch/x86_64 -c -o src/thread/pthread_mutex_timedlock.o src/thread/pthread_mutex_timedlock.c
./build.sh: line 702: ../tcc-0.9.27/tcc: not found
+ ../tcc-0.9.27/tcc -Os -nostdinc -ffreestanding '-std=c99' '-D_XOPEN_SOURCE=700' -pipe -g -I./include -I./src/internal -I./arch/x86_64 -c -o src/thread/pthread_mutex_trylock.o src/thread/pthread_mutex_trylock.c
./build.sh: line 703: ../tcc-0.9.27/tcc: not found
+ ../tcc-0.9.27/tcc -Os -nostdinc -ffreestanding '-std=c99' '-D_XOPEN_SOURCE=700' -pipe -g -I./include -I./src/internal -I./arch/x86_64 -c -o src/thread/pthread_mutex_unlock.o src/thread/pthread_mutex_unlock.c
./build.sh: line 704: ../tcc-0.9.27/tcc: not found
+ ../tcc-0.9.27/tcc -Os -nostdinc -ffreestanding '-std=c99' '-D_XOPEN_SOURCE=700' -pipe -g -I./include -I./src/internal -I./arch/x86_64 -c -o src/thread/pthread_mutexattr_destroy.o src/thread/pthread_mutexattr_destroy.c
./build.sh: line 705: ../tcc-0.9.27/tcc: not found
+ ../tcc-0.9.27/tcc -Os -nostdinc -ffreestanding '-std=c99' '-D_XOPEN_SOURCE=700' -pipe -g -I./include -I./src/internal -I./arch/x86_64 -c -o src/thread/pthread_mutexattr_gettype.o src/thread/pthread_mutexattr_gettype.c
./build.sh: line 706: ../tcc-0.9.27/tcc: not found
+ ../tcc-0.9.27/tcc -Os -nostdinc -ffreestanding '-std=c99' '-D_XOPEN_SOURCE=700' -pipe -g -I./include -I./src/internal -I./arch/x86_64 -c -o src/thread/pthread_mutexattr_init.o src/thread/pthread_mutexattr_init.c
./build.sh: line 707: ../tcc-0.9.27/tcc: not found
+ ../tcc-0.9.27/tcc -Os -nostdinc -ffreestanding '-std=c99' '-D_XOPEN_SOURCE=700' -pipe -g -I./include -I./src/internal -I./arch/x86_64 -c -o src/thread/pthread_mutexattr_settype.o src/thread/pthread_mutexattr_settype.c
./build.sh: line 708: ../tcc-0.9.27/tcc: not found
+ ../tcc-0.9.27/tcc -Os -nostdinc -ffreestanding '-std=c99' '-D_XOPEN_SOURCE=700' -pipe -g -I./include -I./src/internal -I./arch/x86_64 -c -o src/thread/pthread_once.o src/thread/pthread_once.c
./build.sh: line 709: ../tcc-0.9.27/tcc: not found
+ ../tcc-0.9.27/tcc -Os -nostdinc -ffreestanding '-std=c99' '-D_XOPEN_SOURCE=700' -pipe -g -I./include -I./src/internal -I./arch/x86_64 -c -o src/thread/pthread_rwlock_destroy.o src/thread/pthread_rwlock_destroy.c
./build.sh: line 710: ../tcc-0.9.27/tcc: not found
+ ../tcc-0.9.27/tcc -Os -nostdinc -ffreestanding '-std=c99' '-D_XOPEN_SOURCE=700' -pipe -g -I./include -I./src/internal -I./arch/x86_64 -c -o src/thread/pthread_rwlock_init.o src/thread/pthread_rwlock_init.c
./build.sh: line 711: ../tcc-0.9.27/tcc: not found
+ ../tcc-0.9.27/tcc -Os -nostdinc -ffreestanding '-std=c99' '-D_XOPEN_SOURCE=700' -pipe -g -I./include -I./src/internal -I./arch/x86_64 -c -o src/thread/pthread_rwlock_rdlock.o src/thread/pthread_rwlock_rdlock.c
./build.sh: line 712: ../tcc-0.9.27/tcc: not found
+ ../tcc-0.9.27/tcc -Os -nostdinc -ffreestanding '-std=c99' '-D_XOPEN_SOURCE=700' -pipe -g -I./include -I./src/internal -I./arch/x86_64 -c -o src/thread/pthread_rwlock_timedrdlock.o src/thread/pthread_rwlock_timedrdlock.c
./build.sh: line 713: ../tcc-0.9.27/tcc: not found
+ ../tcc-0.9.27/tcc -Os -nostdinc -ffreestanding '-std=c99' '-D_XOPEN_SOURCE=700' -pipe -g -I./include -I./src/internal -I./arch/x86_64 -c -o src/thread/pthread_rwlock_timedwrlock.o src/thread/pthread_rwlock_timedwrlock.c
./build.sh: line 714: ../tcc-0.9.27/tcc: not found
+ ../tcc-0.9.27/tcc -Os -nostdinc -ffreestanding '-std=c99' '-D_XOPEN_SOURCE=700' -pipe -g -I./include -I./src/internal -I./arch/x86_64 -c -o src/thread/pthread_rwlock_tryrdlock.o src/thread/pthread_rwlock_tryrdlock.c
./build.sh: line 715: ../tcc-0.9.27/tcc: not found
+ ../tcc-0.9.27/tcc -Os -nostdinc -ffreestanding '-std=c99' '-D_XOPEN_SOURCE=700' -pipe -g -I./include -I./src/internal -I./arch/x86_64 -c -o src/thread/pthread_rwlock_trywrlock.o src/thread/pthread_rwlock_trywrlock.c
./build.sh: line 716: ../tcc-0.9.27/tcc: not found
+ ../tcc-0.9.27/tcc -Os -nostdinc -ffreestanding '-std=c99' '-D_XOPEN_SOURCE=700' -pipe -g -I./include -I./src/internal -I./arch/x86_64 -c -o src/thread/pthread_rwlock_unlock.o src/thread/pthread_rwlock_unlock.c
./build.sh: line 717: ../tcc-0.9.27/tcc: not found
+ ../tcc-0.9.27/tcc -Os -nostdinc -ffreestanding '-std=c99' '-D_XOPEN_SOURCE=700' -pipe -g -I./include -I./src/internal -I./arch/x86_64 -c -o src/thread/pthread_rwlock_wrlock.o src/thread/pthread_rwlock_wrlock.c
./build.sh: line 718: ../tcc-0.9.27/tcc: not found
+ ../tcc-0.9.27/tcc -Os -nostdinc -ffreestanding '-std=c99' '-D_XOPEN_SOURCE=700' -pipe -g -I./include -I./src/internal -I./arch/x86_64 -c -o src/thread/pthread_self.o src/thread/pthread_self.c
./build.sh: line 719: ../tcc-0.9.27/tcc: not found
+ ../tcc-0.9.27/tcc -Os -nostdinc -ffreestanding '-std=c99' '-D_XOPEN_SOURCE=700' -pipe -g -I./include -I./src/internal -I./arch/x86_64 -c -o src/thread/pthread_setcancelstate.o src/thread/pthread_setcancelstate.c
./build.sh: line 720: ../tcc-0.9.27/tcc: not found
+ ../tcc-0.9.27/tcc -Os -nostdinc -ffreestanding '-std=c99' '-D_XOPEN_SOURCE=700' -pipe -g -I./include -I./src/internal -I./arch/x86_64 -c -o src/thread/pthread_setcanceltype.o src/thread/pthread_setcanceltype.c
./build.sh: line 721: ../tcc-0.9.27/tcc: not found
+ ../tcc-0.9.27/tcc -Os -nostdinc -ffreestanding '-std=c99' '-D_XOPEN_SOURCE=700' -pipe -g -I./include -I./src/internal -I./arch/x86_64 -c -o src/thread/pthread_setspecific.o src/thread/pthread_setspecific.c
./build.sh: line 722: ../tcc-0.9.27/tcc: not found
+ ../tcc-0.9.27/tcc -Os -nostdinc -ffreestanding '-std=c99' '-D_XOPEN_SOURCE=700' -pipe -g -I./include -I./src/internal -I./arch/x86_64 -c -o src/thread/pthread_spin_destroy.o src/thread/pthread_spin_destroy.c
./build.sh: line 723: ../tcc-0.9.27/tcc: not found
+ ../tcc-0.9.27/tcc -Os -nostdinc -ffreestanding '-std=c99' '-D_XOPEN_SOURCE=700' -pipe -g -I./include -I./src/internal -I./arch/x86_64 -c -o src/thread/pthread_spin_init.o src/thread/pthread_spin_init.c
./build.sh: line 724: ../tcc-0.9.27/tcc: not found
+ ../tcc-0.9.27/tcc -Os -nostdinc -ffreestanding '-std=c99' '-D_XOPEN_SOURCE=700' -pipe -g -I./include -I./src/internal -I./arch/x86_64 -c -o src/thread/pthread_spin_lock.o src/thread/pthread_spin_lock.c
./build.sh: line 725: ../tcc-0.9.27/tcc: not found
+ ../tcc-0.9.27/tcc -Os -nostdinc -ffreestanding '-std=c99' '-D_XOPEN_SOURCE=700' -pipe -g -I./include -I./src/internal -I./arch/x86_64 -c -o src/thread/pthread_spin_trylock.o src/thread/pthread_spin_trylock.c
./build.sh: line 726: ../tcc-0.9.27/tcc: not found
+ ../tcc-0.9.27/tcc -Os -nostdinc -ffreestanding '-std=c99' '-D_XOPEN_SOURCE=700' -pipe -g -I./include -I./src/internal -I./arch/x86_64 -c -o src/thread/pthread_spin_unlock.o src/thread/pthread_spin_unlock.c
./build.sh: line 727: ../tcc-0.9.27/tcc: not found
+ ../tcc-0.9.27/tcc -Os -nostdinc -ffreestanding '-std=c99' '-D_XOPEN_SOURCE=700' -pipe -g -I./include -I./src/internal -I./arch/x86_64 -c -o src/thread/pthread_testcancel.o src/thread/pthread_testcancel.c
./build.sh: line 728: ../tcc-0.9.27/tcc: not found
+ ../tcc-0.9.27/tcc -Os -nostdinc -ffreestanding '-std=c99' '-D_XOPEN_SOURCE=700' -pipe -g -I./include -I./src/internal -I./arch/x86_64 -c -o src/time/__asctime.o src/time/__asctime.c
./build.sh: line 729: ../tcc-0.9.27/tcc: not found
+ ../tcc-0.9.27/tcc -Os -nostdinc -ffreestanding '-std=c99' '-D_XOPEN_SOURCE=700' -pipe -g -I./include -I./src/internal -I./arch/x86_64 -c -o src/time/__time_to_tm.o src/time/__time_to_tm.c
./build.sh: line 730: ../tcc-0.9.27/tcc: not found
+ ../tcc-0.9.27/tcc -Os -nostdinc -ffreestanding '-std=c99' '-D_XOPEN_SOURCE=700' -pipe -g -I./include -I./src/internal -I./arch/x86_64 -c -o src/time/__tm_to_time.o src/time/__tm_to_time.c
./build.sh: line 731: ../tcc-0.9.27/tcc: not found
+ ../tcc-0.9.27/tcc -Os -nostdinc -ffreestanding '-std=c99' '-D_XOPEN_SOURCE=700' -pipe -g -I./include -I./src/internal -I./arch/x86_64 -c -o src/time/asctime.o src/time/asctime.c
./build.sh: line 732: ../tcc-0.9.27/tcc: not found
+ ../tcc-0.9.27/tcc -Os -nostdinc -ffreestanding '-std=c99' '-D_XOPEN_SOURCE=700' -pipe -g -I./include -I./src/internal -I./arch/x86_64 -c -o src/time/asctime_r.o src/time/asctime_r.c
./build.sh: line 733: ../tcc-0.9.27/tcc: not found
+ ../tcc-0.9.27/tcc -Os -nostdinc -ffreestanding '-std=c99' '-D_XOPEN_SOURCE=700' -pipe -g -I./include -I./src/internal -I./arch/x86_64 -c -o src/time/clock.o src/time/clock.c
./build.sh: line 734: ../tcc-0.9.27/tcc: not found
+ ../tcc-0.9.27/tcc -Os -nostdinc -ffreestanding '-std=c99' '-D_XOPEN_SOURCE=700' -pipe -g -I./include -I./src/internal -I./arch/x86_64 -c -o src/time/clock_gettime.o src/time/clock_gettime.c
./build.sh: line 735: ../tcc-0.9.27/tcc: not found
+ ../tcc-0.9.27/tcc -Os -nostdinc -ffreestanding '-std=c99' '-D_XOPEN_SOURCE=700' -pipe -g -I./include -I./src/internal -I./arch/x86_64 -c -o src/time/ctime.o src/time/ctime.c
./build.sh: line 736: ../tcc-0.9.27/tcc: not found
+ ../tcc-0.9.27/tcc -Os -nostdinc -ffreestanding '-std=c99' '-D_XOPEN_SOURCE=700' -pipe -g -I./include -I./src/internal -I./arch/x86_64 -c -o src/time/ctime_r.o src/time/ctime_r.c
./build.sh: line 737: ../tcc-0.9.27/tcc: not found
+ ../tcc-0.9.27/tcc -Os -nostdinc -ffreestanding '-std=c99' '-D_XOPEN_SOURCE=700' -pipe -g -I./include -I./src/internal -I./arch/x86_64 -c -o src/time/difftime.o src/time/difftime.c
./build.sh: line 738: ../tcc-0.9.27/tcc: not found
+ ../tcc-0.9.27/tcc -Os -nostdinc -ffreestanding '-std=c99' '-D_XOPEN_SOURCE=700' -pipe -g -I./include -I./src/internal -I./arch/x86_64 -c -o src/time/gettimeofday.o src/time/gettimeofday.c
./build.sh: line 739: ../tcc-0.9.27/tcc: not found
+ ../tcc-0.9.27/tcc -Os -nostdinc -ffreestanding '-std=c99' '-D_XOPEN_SOURCE=700' -pipe -g -I./include -I./src/internal -I./arch/x86_64 -c -o src/time/gmtime.o src/time/gmtime.c
./build.sh: line 740: ../tcc-0.9.27/tcc: not found
+ ../tcc-0.9.27/tcc -Os -nostdinc -ffreestanding '-std=c99' '-D_XOPEN_SOURCE=700' -pipe -g -I./include -I./src/internal -I./arch/x86_64 -c -o src/time/gmtime_r.o src/time/gmtime_r.c
./build.sh: line 741: ../tcc-0.9.27/tcc: not found
+ ../tcc-0.9.27/tcc -Os -nostdinc -ffreestanding '-std=c99' '-D_XOPEN_SOURCE=700' -pipe -g -I./include -I./src/internal -I./arch/x86_64 -c -o src/time/localtime.o src/time/localtime.c
./build.sh: line 742: ../tcc-0.9.27/tcc: not found
+ ../tcc-0.9.27/tcc -Os -nostdinc -ffreestanding '-std=c99' '-D_XOPEN_SOURCE=700' -pipe -g -I./include -I./src/internal -I./arch/x86_64 -c -o src/time/localtime_r.o src/time/localtime_r.c
./build.sh: line 743: ../tcc-0.9.27/tcc: not found
+ ../tcc-0.9.27/tcc -Os -nostdinc -ffreestanding '-std=c99' '-D_XOPEN_SOURCE=700' -pipe -g -I./include -I./src/internal -I./arch/x86_64 -c -o src/time/mktime.o src/time/mktime.c
./build.sh: line 744: ../tcc-0.9.27/tcc: not found
+ ../tcc-0.9.27/tcc -Os -nostdinc -ffreestanding '-std=c99' '-D_XOPEN_SOURCE=700' -pipe -g -I./include -I./src/internal -I./arch/x86_64 -c -o src/time/nanosleep.o src/time/nanosleep.c
./build.sh: line 745: ../tcc-0.9.27/tcc: not found
+ ../tcc-0.9.27/tcc -Os -nostdinc -ffreestanding '-std=c99' '-D_XOPEN_SOURCE=700' -pipe -g -I./include -I./src/internal -I./arch/x86_64 -c -o src/time/strftime.o src/time/strftime.c
./build.sh: line 746: ../tcc-0.9.27/tcc: not found
+ ../tcc-0.9.27/tcc -Os -nostdinc -ffreestanding '-std=c99' '-D_XOPEN_SOURCE=700' -pipe -g -I./include -I./src/internal -I./arch/x86_64 -c -o src/time/strptime.o src/time/strptime.c
./build.sh: line 747: ../tcc-0.9.27/tcc: not found
+ ../tcc-0.9.27/tcc -Os -nostdinc -ffreestanding '-std=c99' '-D_XOPEN_SOURCE=700' -pipe -g -I./include -I./src/internal -I./arch/x86_64 -c -o src/time/time.o src/time/time.c
./build.sh: line 748: ../tcc-0.9.27/tcc: not found
+ ../tcc-0.9.27/tcc -Os -nostdinc -ffreestanding '-std=c99' '-D_XOPEN_SOURCE=700' -pipe -g -I./include -I./src/internal -I./arch/x86_64 -c -o src/time/times.o src/time/times.c
./build.sh: line 749: ../tcc-0.9.27/tcc: not found
+ ../tcc-0.9.27/tcc -Os -nostdinc -ffreestanding '-std=c99' '-D_XOPEN_SOURCE=700' -pipe -g -I./include -I./src/internal -I./arch/x86_64 -c -o src/time/tzset.o src/time/tzset.c
./build.sh: line 750: ../tcc-0.9.27/tcc: not found
+ ../tcc-0.9.27/tcc -Os -nostdinc -ffreestanding '-std=c99' '-D_XOPEN_SOURCE=700' -pipe -g -I./include -I./src/internal -I./arch/x86_64 -c -o src/time/utime.o src/time/utime.c
./build.sh: line 751: ../tcc-0.9.27/tcc: not found
+ ../tcc-0.9.27/tcc -Os -nostdinc -ffreestanding '-std=c99' '-D_XOPEN_SOURCE=700' -pipe -g -I./include -I./src/internal -I./arch/x86_64 -c -o src/unistd/_exit.o src/unistd/_exit.c
./build.sh: line 752: ../tcc-0.9.27/tcc: not found
+ ../tcc-0.9.27/tcc -Os -nostdinc -ffreestanding '-std=c99' '-D_XOPEN_SOURCE=700' -pipe -g -I./include -I./src/internal -I./arch/x86_64 -c -o src/unistd/access.o src/unistd/access.c
./build.sh: line 753: ../tcc-0.9.27/tcc: not found
+ ../tcc-0.9.27/tcc -Os -nostdinc -ffreestanding '-std=c99' '-D_XOPEN_SOURCE=700' -pipe -g -I./include -I./src/internal -I./arch/x86_64 -c -o src/unistd/alarm.o src/unistd/alarm.c
./build.sh: line 754: ../tcc-0.9.27/tcc: not found
+ ../tcc-0.9.27/tcc -Os -nostdinc -ffreestanding '-std=c99' '-D_XOPEN_SOURCE=700' -pipe -g -I./include -I./src/internal -I./arch/x86_64 -c -o src/unistd/chdir.o src/unistd/chdir.c
./build.sh: line 755: ../tcc-0.9.27/tcc: not found
+ ../tcc-0.9.27/tcc -Os -nostdinc -ffreestanding '-std=c99' '-D_XOPEN_SOURCE=700' -pipe -g -I./include -I./src/internal -I./arch/x86_64 -c -o src/unistd/chown.o src/unistd/chown.c
./build.sh: line 756: ../tcc-0.9.27/tcc: not found
+ ../tcc-0.9.27/tcc -Os -nostdinc -ffreestanding '-std=c99' '-D_XOPEN_SOURCE=700' -pipe -g -I./include -I./src/internal -I./arch/x86_64 -c -o src/unistd/close.o src/unistd/close.c
./build.sh: line 757: ../tcc-0.9.27/tcc: not found
+ ../tcc-0.9.27/tcc -Os -nostdinc -ffreestanding '-std=c99' '-D_XOPEN_SOURCE=700' -pipe -g -I./include -I./src/internal -I./arch/x86_64 -c -o src/unistd/ctermid.o src/unistd/ctermid.c
./build.sh: line 758: ../tcc-0.9.27/tcc: not found
+ ../tcc-0.9.27/tcc -Os -nostdinc -ffreestanding '-std=c99' '-D_XOPEN_SOURCE=700' -pipe -g -I./include -I./src/internal -I./arch/x86_64 -c -o src/unistd/dup.o src/unistd/dup.c
./build.sh: line 759: ../tcc-0.9.27/tcc: not found
+ ../tcc-0.9.27/tcc -Os -nostdinc -ffreestanding '-std=c99' '-D_XOPEN_SOURCE=700' -pipe -g -I./include -I./src/internal -I./arch/x86_64 -c -o src/unistd/dup2.o src/unistd/dup2.c
./build.sh: line 760: ../tcc-0.9.27/tcc: not found
+ ../tcc-0.9.27/tcc -Os -nostdinc -ffreestanding '-std=c99' '-D_XOPEN_SOURCE=700' -pipe -g -I./include -I./src/internal -I./arch/x86_64 -c -o src/unistd/faccessat.o src/unistd/faccessat.c
./build.sh: line 761: ../tcc-0.9.27/tcc: not found
+ ../tcc-0.9.27/tcc -Os -nostdinc -ffreestanding '-std=c99' '-D_XOPEN_SOURCE=700' -pipe -g -I./include -I./src/internal -I./arch/x86_64 -c -o src/unistd/fchdir.o src/unistd/fchdir.c
./build.sh: line 762: ../tcc-0.9.27/tcc: not found
+ ../tcc-0.9.27/tcc -Os -nostdinc -ffreestanding '-std=c99' '-D_XOPEN_SOURCE=700' -pipe -g -I./include -I./src/internal -I./arch/x86_64 -c -o src/unistd/fchown.o src/unistd/fchown.c
./build.sh: line 763: ../tcc-0.9.27/tcc: not found
+ ../tcc-0.9.27/tcc -Os -nostdinc -ffreestanding '-std=c99' '-D_XOPEN_SOURCE=700' -pipe -g -I./include -I./src/internal -I./arch/x86_64 -c -o src/unistd/fchownat.o src/unistd/fchownat.c
./build.sh: line 764: ../tcc-0.9.27/tcc: not found
+ ../tcc-0.9.27/tcc -Os -nostdinc -ffreestanding '-std=c99' '-D_XOPEN_SOURCE=700' -pipe -g -I./include -I./src/internal -I./arch/x86_64 -c -o src/unistd/fdatasync.o src/unistd/fdatasync.c
./build.sh: line 765: ../tcc-0.9.27/tcc: not found
+ ../tcc-0.9.27/tcc -Os -nostdinc -ffreestanding '-std=c99' '-D_XOPEN_SOURCE=700' -pipe -g -I./include -I./src/internal -I./arch/x86_64 -c -o src/unistd/fsync.o src/unistd/fsync.c
./build.sh: line 766: ../tcc-0.9.27/tcc: not found
+ ../tcc-0.9.27/tcc -Os -nostdinc -ffreestanding '-std=c99' '-D_XOPEN_SOURCE=700' -pipe -g -I./include -I./src/internal -I./arch/x86_64 -c -o src/unistd/ftruncate.o src/unistd/ftruncate.c
./build.sh: line 767: ../tcc-0.9.27/tcc: not found
+ ../tcc-0.9.27/tcc -Os -nostdinc -ffreestanding '-std=c99' '-D_XOPEN_SOURCE=700' -pipe -g -I./include -I./src/internal -I./arch/x86_64 -c -o src/unistd/getcwd.o src/unistd/getcwd.c
./build.sh: line 768: ../tcc-0.9.27/tcc: not found
+ ../tcc-0.9.27/tcc -Os -nostdinc -ffreestanding '-std=c99' '-D_XOPEN_SOURCE=700' -pipe -g -I./include -I./src/internal -I./arch/x86_64 -c -o src/unistd/getegid.o src/unistd/getegid.c
./build.sh: line 769: ../tcc-0.9.27/tcc: not found
+ ../tcc-0.9.27/tcc -Os -nostdinc -ffreestanding '-std=c99' '-D_XOPEN_SOURCE=700' -pipe -g -I./include -I./src/internal -I./arch/x86_64 -c -o src/unistd/geteuid.o src/unistd/geteuid.c
./build.sh: line 770: ../tcc-0.9.27/tcc: not found
+ ../tcc-0.9.27/tcc -Os -nostdinc -ffreestanding '-std=c99' '-D_XOPEN_SOURCE=700' -pipe -g -I./include -I./src/internal -I./arch/x86_64 -c -o src/unistd/getgid.o src/unistd/getgid.c
./build.sh: line 771: ../tcc-0.9.27/tcc: not found
+ ../tcc-0.9.27/tcc -Os -nostdinc -ffreestanding '-std=c99' '-D_XOPEN_SOURCE=700' -pipe -g -I./include -I./src/internal -I./arch/x86_64 -c -o src/unistd/getgroups.o src/unistd/getgroups.c
./build.sh: line 772: ../tcc-0.9.27/tcc: not found
+ ../tcc-0.9.27/tcc -Os -nostdinc -ffreestanding '-std=c99' '-D_XOPEN_SOURCE=700' -pipe -g -I./include -I./src/internal -I./arch/x86_64 -c -o src/unistd/gethostname.o src/unistd/gethostname.c
./build.sh: line 773: ../tcc-0.9.27/tcc: not found
+ ../tcc-0.9.27/tcc -Os -nostdinc -ffreestanding '-std=c99' '-D_XOPEN_SOURCE=700' -pipe -g -I./include -I./src/internal -I./arch/x86_64 -c -o src/unistd/getlogin.o src/unistd/getlogin.c
./build.sh: line 774: ../tcc-0.9.27/tcc: not found
+ ../tcc-0.9.27/tcc -Os -nostdinc -ffreestanding '-std=c99' '-D_XOPEN_SOURCE=700' -pipe -g -I./include -I./src/internal -I./arch/x86_64 -c -o src/unistd/getlogin_r.o src/unistd/getlogin_r.c
./build.sh: line 775: ../tcc-0.9.27/tcc: not found
+ ../tcc-0.9.27/tcc -Os -nostdinc -ffreestanding '-std=c99' '-D_XOPEN_SOURCE=700' -pipe -g -I./include -I./src/internal -I./arch/x86_64 -c -o src/unistd/getpgid.o src/unistd/getpgid.c
./build.sh: line 776: ../tcc-0.9.27/tcc: not found
+ ../tcc-0.9.27/tcc -Os -nostdinc -ffreestanding '-std=c99' '-D_XOPEN_SOURCE=700' -pipe -g -I./include -I./src/internal -I./arch/x86_64 -c -o src/unistd/getpgrp.o src/unistd/getpgrp.c
./build.sh: line 777: ../tcc-0.9.27/tcc: not found
+ ../tcc-0.9.27/tcc -Os -nostdinc -ffreestanding '-std=c99' '-D_XOPEN_SOURCE=700' -pipe -g -I./include -I./src/internal -I./arch/x86_64 -c -o src/unistd/getpid.o src/unistd/getpid.c
./build.sh: line 778: ../tcc-0.9.27/tcc: not found
+ ../tcc-0.9.27/tcc -Os -nostdinc -ffreestanding '-std=c99' '-D_XOPEN_SOURCE=700' -pipe -g -I./include -I./src/internal -I./arch/x86_64 -c -o src/unistd/getppid.o src/unistd/getppid.c
./build.sh: line 779: ../tcc-0.9.27/tcc: not found
+ ../tcc-0.9.27/tcc -Os -nostdinc -ffreestanding '-std=c99' '-D_XOPEN_SOURCE=700' -pipe -g -I./include -I./src/internal -I./arch/x86_64 -c -o src/unistd/getsid.o src/unistd/getsid.c
./build.sh: line 780: ../tcc-0.9.27/tcc: not found
+ ../tcc-0.9.27/tcc -Os -nostdinc -ffreestanding '-std=c99' '-D_XOPEN_SOURCE=700' -pipe -g -I./include -I./src/internal -I./arch/x86_64 -c -o src/unistd/getuid.o src/unistd/getuid.c
./build.sh: line 781: ../tcc-0.9.27/tcc: not found
+ ../tcc-0.9.27/tcc -Os -nostdinc -ffreestanding '-std=c99' '-D_XOPEN_SOURCE=700' -pipe -g -I./include -I./src/internal -I./arch/x86_64 -c -o src/unistd/isatty.o src/unistd/isatty.c
./build.sh: line 782: ../tcc-0.9.27/tcc: not found
+ ../tcc-0.9.27/tcc -Os -nostdinc -ffreestanding '-std=c99' '-D_XOPEN_SOURCE=700' -pipe -g -I./include -I./src/internal -I./arch/x86_64 -c -o src/unistd/lchown.o src/unistd/lchown.c
./build.sh: line 783: ../tcc-0.9.27/tcc: not found
+ ../tcc-0.9.27/tcc -Os -nostdinc -ffreestanding '-std=c99' '-D_XOPEN_SOURCE=700' -pipe -g -I./include -I./src/internal -I./arch/x86_64 -c -o src/unistd/link.o src/unistd/link.c
./build.sh: line 784: ../tcc-0.9.27/tcc: not found
+ ../tcc-0.9.27/tcc -Os -nostdinc -ffreestanding '-std=c99' '-D_XOPEN_SOURCE=700' -pipe -g -I./include -I./src/internal -I./arch/x86_64 -c -o src/unistd/linkat.o src/unistd/linkat.c
./build.sh: line 785: ../tcc-0.9.27/tcc: not found
+ ../tcc-0.9.27/tcc -Os -nostdinc -ffreestanding '-std=c99' '-D_XOPEN_SOURCE=700' -pipe -g -I./include -I./src/internal -I./arch/x86_64 -c -o src/unistd/lseek.o src/unistd/lseek.c
./build.sh: line 786: ../tcc-0.9.27/tcc: not found
+ ../tcc-0.9.27/tcc -Os -nostdinc -ffreestanding '-std=c99' '-D_XOPEN_SOURCE=700' -pipe -g -I./include -I./src/internal -I./arch/x86_64 -c -o src/unistd/nice.o src/unistd/nice.c
./build.sh: line 787: ../tcc-0.9.27/tcc: not found
+ ../tcc-0.9.27/tcc -Os -nostdinc -ffreestanding '-std=c99' '-D_XOPEN_SOURCE=700' -pipe -g -I./include -I./src/internal -I./arch/x86_64 -c -o src/unistd/pause.o src/unistd/pause.c
./build.sh: line 788: ../tcc-0.9.27/tcc: not found
+ ../tcc-0.9.27/tcc -Os -nostdinc -ffreestanding '-std=c99' '-D_XOPEN_SOURCE=700' -pipe -g -I./include -I./src/internal -I./arch/x86_64 -c -o src/unistd/pipe.o src/unistd/pipe.c
./build.sh: line 789: ../tcc-0.9.27/tcc: not found
+ ../tcc-0.9.27/tcc -Os -nostdinc -ffreestanding '-std=c99' '-D_XOPEN_SOURCE=700' -pipe -g -I./include -I./src/internal -I./arch/x86_64 -c -o src/unistd/pread.o src/unistd/pread.c
./build.sh: line 790: ../tcc-0.9.27/tcc: not found
+ ../tcc-0.9.27/tcc -Os -nostdinc -ffreestanding '-std=c99' '-D_XOPEN_SOURCE=700' -pipe -g -I./include -I./src/internal -I./arch/x86_64 -c -o src/unistd/pwrite.o src/unistd/pwrite.c
./build.sh: line 791: ../tcc-0.9.27/tcc: not found
+ ../tcc-0.9.27/tcc -Os -nostdinc -ffreestanding '-std=c99' '-D_XOPEN_SOURCE=700' -pipe -g -I./include -I./src/internal -I./arch/x86_64 -c -o src/unistd/read.o src/unistd/read.c
./build.sh: line 792: ../tcc-0.9.27/tcc: not found
+ ../tcc-0.9.27/tcc -Os -nostdinc -ffreestanding '-std=c99' '-D_XOPEN_SOURCE=700' -pipe -g -I./include -I./src/internal -I./arch/x86_64 -c -o src/unistd/readlink.o src/unistd/readlink.c
./build.sh: line 793: ../tcc-0.9.27/tcc: not found
+ ../tcc-0.9.27/tcc -Os -nostdinc -ffreestanding '-std=c99' '-D_XOPEN_SOURCE=700' -pipe -g -I./include -I./src/internal -I./arch/x86_64 -c -o src/unistd/readlinkat.o src/unistd/readlinkat.c
./build.sh: line 794: ../tcc-0.9.27/tcc: not found
+ ../tcc-0.9.27/tcc -Os -nostdinc -ffreestanding '-std=c99' '-D_XOPEN_SOURCE=700' -pipe -g -I./include -I./src/internal -I./arch/x86_64 -c -o src/unistd/readv.o src/unistd/readv.c
./build.sh: line 795: ../tcc-0.9.27/tcc: not found
+ ../tcc-0.9.27/tcc -Os -nostdinc -ffreestanding '-std=c99' '-D_XOPEN_SOURCE=700' -pipe -g -I./include -I./src/internal -I./arch/x86_64 -c -o src/unistd/renameat.o src/unistd/renameat.c
./build.sh: line 796: ../tcc-0.9.27/tcc: not found
+ ../tcc-0.9.27/tcc -Os -nostdinc -ffreestanding '-std=c99' '-D_XOPEN_SOURCE=700' -pipe -g -I./include -I./src/internal -I./arch/x86_64 -c -o src/unistd/rmdir.o src/unistd/rmdir.c
./build.sh: line 797: ../tcc-0.9.27/tcc: not found
+ ../tcc-0.9.27/tcc -Os -nostdinc -ffreestanding '-std=c99' '-D_XOPEN_SOURCE=700' -pipe -g -I./include -I./src/internal -I./arch/x86_64 -c -o src/unistd/setegid.o src/unistd/setegid.c
./build.sh: line 798: ../tcc-0.9.27/tcc: not found
+ ../tcc-0.9.27/tcc -Os -nostdinc -ffreestanding '-std=c99' '-D_XOPEN_SOURCE=700' -pipe -g -I./include -I./src/internal -I./arch/x86_64 -c -o src/unistd/seteuid.o src/unistd/seteuid.c
./build.sh: line 799: ../tcc-0.9.27/tcc: not found
+ ../tcc-0.9.27/tcc -Os -nostdinc -ffreestanding '-std=c99' '-D_XOPEN_SOURCE=700' -pipe -g -I./include -I./src/internal -I./arch/x86_64 -c -o src/unistd/setgid.o src/unistd/setgid.c
./build.sh: line 800: ../tcc-0.9.27/tcc: not found
+ ../tcc-0.9.27/tcc -Os -nostdinc -ffreestanding '-std=c99' '-D_XOPEN_SOURCE=700' -pipe -g -I./include -I./src/internal -I./arch/x86_64 -c -o src/unistd/setpgid.o src/unistd/setpgid.c
./build.sh: line 801: ../tcc-0.9.27/tcc: not found
+ ../tcc-0.9.27/tcc -Os -nostdinc -ffreestanding '-std=c99' '-D_XOPEN_SOURCE=700' -pipe -g -I./include -I./src/internal -I./arch/x86_64 -c -o src/unistd/setpgrp.o src/unistd/setpgrp.c
./build.sh: line 802: ../tcc-0.9.27/tcc: not found
+ ../tcc-0.9.27/tcc -Os -nostdinc -ffreestanding '-std=c99' '-D_XOPEN_SOURCE=700' -pipe -g -I./include -I./src/internal -I./arch/x86_64 -c -o src/unistd/setregid.o src/unistd/setregid.c
./build.sh: line 803: ../tcc-0.9.27/tcc: not found
+ ../tcc-0.9.27/tcc -Os -nostdinc -ffreestanding '-std=c99' '-D_XOPEN_SOURCE=700' -pipe -g -I./include -I./src/internal -I./arch/x86_64 -c -o src/unistd/setreuid.o src/unistd/setreuid.c
./build.sh: line 804: ../tcc-0.9.27/tcc: not found
+ ../tcc-0.9.27/tcc -Os -nostdinc -ffreestanding '-std=c99' '-D_XOPEN_SOURCE=700' -pipe -g -I./include -I./src/internal -I./arch/x86_64 -c -o src/unistd/setsid.o src/unistd/setsid.c
./build.sh: line 805: ../tcc-0.9.27/tcc: not found
+ ../tcc-0.9.27/tcc -Os -nostdinc -ffreestanding '-std=c99' '-D_XOPEN_SOURCE=700' -pipe -g -I./include -I./src/internal -I./arch/x86_64 -c -o src/unistd/setuid.o src/unistd/setuid.c
./build.sh: line 806: ../tcc-0.9.27/tcc: not found
+ ../tcc-0.9.27/tcc -Os -nostdinc -ffreestanding '-std=c99' '-D_XOPEN_SOURCE=700' -pipe -g -I./include -I./src/internal -I./arch/x86_64 -c -o src/unistd/sleep.o src/unistd/sleep.c
./build.sh: line 807: ../tcc-0.9.27/tcc: not found
+ ../tcc-0.9.27/tcc -Os -nostdinc -ffreestanding '-std=c99' '-D_XOPEN_SOURCE=700' -pipe -g -I./include -I./src/internal -I./arch/x86_64 -c -o src/unistd/symlink.o src/unistd/symlink.c
./build.sh: line 808: ../tcc-0.9.27/tcc: not found
+ ../tcc-0.9.27/tcc -Os -nostdinc -ffreestanding '-std=c99' '-D_XOPEN_SOURCE=700' -pipe -g -I./include -I./src/internal -I./arch/x86_64 -c -o src/unistd/symlinkat.o src/unistd/symlinkat.c
./build.sh: line 809: ../tcc-0.9.27/tcc: not found
+ ../tcc-0.9.27/tcc -Os -nostdinc -ffreestanding '-std=c99' '-D_XOPEN_SOURCE=700' -pipe -g -I./include -I./src/internal -I./arch/x86_64 -c -o src/unistd/sync.o src/unistd/sync.c
./build.sh: line 810: ../tcc-0.9.27/tcc: not found
+ ../tcc-0.9.27/tcc -Os -nostdinc -ffreestanding '-std=c99' '-D_XOPEN_SOURCE=700' -pipe -g -I./include -I./src/internal -I./arch/x86_64 -c -o src/unistd/tcgetpgrp.o src/unistd/tcgetpgrp.c
./build.sh: line 811: ../tcc-0.9.27/tcc: not found
+ ../tcc-0.9.27/tcc -Os -nostdinc -ffreestanding '-std=c99' '-D_XOPEN_SOURCE=700' -pipe -g -I./include -I./src/internal -I./arch/x86_64 -c -o src/unistd/tcsetpgrp.o src/unistd/tcsetpgrp.c
./build.sh: line 812: ../tcc-0.9.27/tcc: not found
+ ../tcc-0.9.27/tcc -Os -nostdinc -ffreestanding '-std=c99' '-D_XOPEN_SOURCE=700' -pipe -g -I./include -I./src/internal -I./arch/x86_64 -c -o src/unistd/truncate.o src/unistd/truncate.c
./build.sh: line 813: ../tcc-0.9.27/tcc: not found
+ ../tcc-0.9.27/tcc -Os -nostdinc -ffreestanding '-std=c99' '-D_XOPEN_SOURCE=700' -pipe -g -I./include -I./src/internal -I./arch/x86_64 -c -o src/unistd/ttyname.o src/unistd/ttyname.c
./build.sh: line 814: ../tcc-0.9.27/tcc: not found
+ ../tcc-0.9.27/tcc -Os -nostdinc -ffreestanding '-std=c99' '-D_XOPEN_SOURCE=700' -pipe -g -I./include -I./src/internal -I./arch/x86_64 -c -o src/unistd/ttyname_r.o src/unistd/ttyname_r.c
./build.sh: line 815: ../tcc-0.9.27/tcc: not found
+ ../tcc-0.9.27/tcc -Os -nostdinc -ffreestanding '-std=c99' '-D_XOPEN_SOURCE=700' -pipe -g -I./include -I./src/internal -I./arch/x86_64 -c -o src/unistd/ualarm.o src/unistd/ualarm.c
./build.sh: line 816: ../tcc-0.9.27/tcc: not found
+ ../tcc-0.9.27/tcc -Os -nostdinc -ffreestanding '-std=c99' '-D_XOPEN_SOURCE=700' -pipe -g -I./include -I./src/internal -I./arch/x86_64 -c -o src/unistd/unlink.o src/unistd/unlink.c
./build.sh: line 817: ../tcc-0.9.27/tcc: not found
+ ../tcc-0.9.27/tcc -Os -nostdinc -ffreestanding '-std=c99' '-D_XOPEN_SOURCE=700' -pipe -g -I./include -I./src/internal -I./arch/x86_64 -c -o src/unistd/unlinkat.o src/unistd/unlinkat.c
./build.sh: line 818: ../tcc-0.9.27/tcc: not found
+ ../tcc-0.9.27/tcc -Os -nostdinc -ffreestanding '-std=c99' '-D_XOPEN_SOURCE=700' -pipe -g -I./include -I./src/internal -I./arch/x86_64 -c -o src/unistd/usleep.o src/unistd/usleep.c
./build.sh: line 819: ../tcc-0.9.27/tcc: not found
+ ../tcc-0.9.27/tcc -Os -nostdinc -ffreestanding '-std=c99' '-D_XOPEN_SOURCE=700' -pipe -g -I./include -I./src/internal -I./arch/x86_64 -c -o src/unistd/write.o src/unistd/write.c
./build.sh: line 820: ../tcc-0.9.27/tcc: not found
+ ../tcc-0.9.27/tcc -Os -nostdinc -ffreestanding '-std=c99' '-D_XOPEN_SOURCE=700' -pipe -g -I./include -I./src/internal -I./arch/x86_64 -c -o src/unistd/writev.o src/unistd/writev.c
./build.sh: line 821: ../tcc-0.9.27/tcc: not found
+ ../../busybox cp ../tcc-0.9.27/lib/alloca86_64-bt.o src/alloca86_64-bt.o
+ ../../busybox cp ../tcc-0.9.27/lib/alloca86_64.o src/alloca86_64.o
+ ../tcc-0.9.27/tcc -Os -nostdinc -ffreestanding '-std=c99' '-D_XOPEN_SOURCE=700' -pipe -g -I./include -I./src/internal -I./arch/x86_64 -c -o ../tcc-0.9.27/lib/libtcc1.o ../tcc-0.9.27/lib/libtcc1.c
./build.sh: line 824: ../tcc-0.9.27/tcc: not found
+ ../../busybox cp ../tcc-0.9.27/lib/libtcc1.o src/libtcc1.o
+ ../tcc-0.9.27/tcc -Os -nostdinc -ffreestanding '-std=c99' '-D_XOPEN_SOURCE=700' -pipe -g -I./include -I./src/internal -I./arch/x86_64 -c -o ../tcc-0.9.27/lib/va_list.o ../tcc-0.9.27/lib/va_list.c
./build.sh: line 826: ../tcc-0.9.27/tcc: not found
+ ../../busybox cp ../tcc-0.9.27/lib/va_list.o src/va_list.o
+ ../tcc-0.9.27/tcc -c -o src/syscall.o src/syscall.s
./build.sh: line 828: ../tcc-0.9.27/tcc: not found
+ ../../busybox mkdir -p lib
+ ../tcc-0.9.27/tcc -ar rc lib/libc.a src/conf/confstr.o src/conf/fpathconf.o src/conf/pathconf.o src/conf/sysconf.o src/ctype/__ctype_get_mb_cur_max.o src/ctype/isalnum.o src/ctype/isalpha.o src/ctype/isascii.o src/ctype/isblank.o src/ctype/iscntrl.o src/ctype/isdigit.o src/ctype/isgraph.o src/ctype/islower.o src/ctype/isprint.o src/ctype/ispunct.o src/ctype/isspace.o src/ctype/isupper.o src/ctype/iswalnum.o src/ctype/iswalpha.o src/ctype/iswblank.o src/ctype/iswcntrl.o src/ctype/iswctype.o src/ctype/iswdigit.o src/ctype/iswgraph.o src/ctype/iswlower.o src/ctype/iswprint.o src/ctype/iswpunct.o src/ctype/iswspace.o src/ctype/iswupper.o src/ctype/iswxdigit.o src/ctype/isxdigit.o src/ctype/toascii.o src/ctype/tolower.o src/ctype/toupper.o src/ctype/towctrans.o src/ctype/wcswidth.o src/ctype/wctrans.o src/ctype/wcwidth.o src/dirent/__getdents.o src/dirent/alphasort.o src/dirent/closedir.o src/dirent/dirfd.o src/dirent/fdopendir.o src/dirent/opendir.o src/dirent/readdir.o src/dirent/readdir_r.o src/dirent/rewinddir.o src/dirent/scandir.o src/dirent/seekdir.o src/dirent/telldir.o src/env/__environ.o src/env/__libc_start_main.o src/env/clearenv.o src/env/getenv.o src/env/putenv.o src/env/setenv.o src/env/unsetenv.o src/errno/__errno_location.o src/errno/strerror.o src/exit/_Exit.o src/exit/abort.o src/exit/assert.o src/exit/atexit.o src/exit/exit.o src/fcntl/creat.o src/fcntl/fcntl.o src/fcntl/open.o src/fcntl/openat.o src/internal/libc.o src/internal/syscall.o src/ipc/ftok.o src/ipc/semctl.o src/ipc/semget.o src/ipc/semop.o src/ipc/shmat.o src/ipc/shmctl.o src/ipc/shmdt.o src/ipc/shmget.o src/linux/brk.o src/linux/chroot.o src/linux/daemon.o src/linux/epoll_create.o src/linux/epoll_create1.o src/linux/epoll_ctl.o src/linux/epoll_pwait.o src/linux/epoll_wait.o src/linux/getdtablesize.o src/linux/gethostid.o src/linux/getopt_long.o src/linux/getpagesize.o src/linux/getpass.o src/linux/initgroups.o src/linux/klogctl.o src/linux/mntent.o src/linux/mount.o src/linux/prctl.o src/linux/reboot.o src/linux/sbrk.o src/linux/sendfile.o src/linux/setgroups.o src/linux/sethostname.o src/linux/settimeofday.o src/linux/signalfd.o src/linux/stime.o src/linux/swapoff.o src/linux/swapon.o src/linux/sysinfo.o src/linux/umount.o src/linux/umount2.o src/linux/utimes.o src/linux/wait3.o src/linux/wait4.o src/locale/catclose.o src/locale/catgets.o src/locale/catopen.o src/locale/duplocale.o src/locale/freelocale.o src/locale/iconv.o src/locale/intl.o src/locale/isalnum_l.o src/locale/isalpha_l.o src/locale/isblank_l.o src/locale/iscntrl_l.o src/locale/isdigit_l.o src/locale/isgraph_l.o src/locale/islower_l.o src/locale/isprint_l.o src/locale/ispunct_l.o src/locale/isspace_l.o src/locale/isupper_l.o src/locale/isxdigit_l.o src/locale/langinfo.o src/locale/localeconv.o src/locale/newlocale.o src/locale/nl_langinfo.o src/locale/setlocale.o src/locale/strcoll.o src/locale/strxfrm.o src/locale/tolower_l.o src/locale/toupper_l.o src/locale/wcscoll.o src/locale/wcsxfrm.o src/malloc/__brk.o src/malloc/__simple_malloc.o src/malloc/calloc.o src/malloc/malloc.o src/malloc/memalign.o src/malloc/posix_memalign.o src/math/__fpclassify.o src/math/__fpclassifyf.o src/math/__fpclassifyl.o src/math/e_acos.o src/math/e_acosf.o src/math/e_acosh.o src/math/e_acoshf.o src/math/e_asin.o src/math/e_asinf.o src/math/e_atan2.o src/math/e_atan2f.o src/math/e_atanh.o src/math/e_atanhf.o src/math/e_cosh.o src/math/e_coshf.o src/math/e_exp.o src/math/e_expf.o src/math/e_fmod.o src/math/e_fmodf.o src/math/e_hypot.o src/math/e_hypotf.o src/math/e_log.o src/math/e_log10.o src/math/e_log10f.o src/math/e_logf.o src/math/e_pow.o src/math/e_powf.o src/math/e_rem_pio2.o src/math/e_rem_pio2f.o src/math/e_remainder.o src/math/e_remainderf.o src/math/e_scalb.o src/math/e_scalbf.o src/math/e_sinh.o src/math/e_sinhf.o src/math/e_sqrt.o src/math/e_sqrtf.o src/math/k_cos.o src/math/k_cosf.o src/math/k_rem_pio2.o src/math/k_rem_pio2f.o src/math/k_sin.o src/math/k_sinf.o src/math/k_tan.o src/math/k_tanf.o src/math/log.o src/math/log10.o src/math/log10f.o src/math/log10l.o src/math/log1p.o src/math/log1pf.o src/math/log1pl.o src/math/log2.o src/math/log2f.o src/math/log2l.o src/math/logb.o src/math/logbf.o src/math/logbl.o src/math/logf.o src/math/logl.o src/math/s_asinh.o src/math/s_asinhf.o src/math/s_atan.o src/math/s_atanf.o src/math/s_cbrt.o src/math/s_cbrtf.o src/math/s_ceil.o src/math/s_ceilf.o src/math/s_copysign.o src/math/s_copysignf.o src/math/s_cos.o src/math/s_cosf.o src/math/s_erf.o src/math/s_erff.o src/math/s_expm1.o src/math/s_expm1f.o src/math/s_fabs.o src/math/s_fabsf.o src/math/s_floor.o src/math/s_floorf.o src/math/s_ilogb.o src/math/s_ilogbf.o src/math/s_ldexp.o src/math/s_ldexpf.o src/math/s_llrint.o src/math/s_log1p.o src/math/s_log1pf.o src/math/s_logb.o src/math/s_logbf.o src/math/s_lrint.o src/math/s_lrintf.o src/math/s_modf.o src/math/s_modff.o src/math/s_nextafter.o src/math/s_nextafterf.o src/math/s_remquo.o src/math/s_remquof.o src/math/s_rint.o src/math/s_rintf.o src/math/s_round.o src/math/s_roundf.o src/math/s_scalbln.o src/math/s_scalblnf.o src/math/s_sin.o src/math/s_sinf.o src/math/s_tan.o src/math/s_tanf.o src/math/s_tanh.o src/math/s_tanhf.o src/math/s_trunc.o src/math/s_truncf.o src/misc/basename.o src/misc/bswap_32.o src/misc/bswap_64.o src/misc/crypt.o src/misc/cuserid.o src/misc/dirname.o src/misc/ffs.o src/misc/ftw.o src/misc/getdomainname.o src/misc/getgrouplist.o src/misc/getopt.o src/misc/getpriority.o src/misc/getrlimit.o src/misc/getrusage.o src/misc/getsubopt.o src/misc/ioctl.o src/misc/lockf.o src/misc/nftw.o src/misc/openpty.o src/misc/pty.o src/misc/realpath.o src/misc/sched_yield.o src/misc/setpriority.o src/misc/setrlimit.o src/misc/syslog.o src/misc/uname.o src/mman/madvise.o src/mman/mlock.o src/mman/mlockall.o src/mman/mmap.o src/mman/mprotect.o src/mman/mremap.o src/mman/msync.o src/mman/munlock.o src/mman/munlockall.o src/mman/munmap.o src/mman/posix_madvise.o src/multibyte/btowc.o src/multibyte/decode.o src/multibyte/internal.o src/multibyte/mblen.o src/multibyte/mbrlen.o src/multibyte/mbrtowc.o src/multibyte/mbsinit.o src/multibyte/mbsnrtowcs.o src/multibyte/mbsrtowcs.o src/multibyte/mbstowcs.o src/multibyte/mbtowc.o src/multibyte/wcrtomb.o src/multibyte/wcsnrtombs.o src/multibyte/wcsrtombs.o src/multibyte/wcstombs.o src/multibyte/wctob.o src/multibyte/wctomb.o src/network/__dns.o src/network/__ipparse.o src/network/accept.o src/network/bind.o src/network/connect.o src/network/dn_expand.o src/network/ent.o src/network/freeaddrinfo.o src/network/gai_strerror.o src/network/getaddrinfo.o src/network/gethostbyaddr.o src/network/gethostbyaddr_r.o src/network/gethostbyname.o src/network/gethostbyname2.o src/network/gethostbyname2_r.o src/network/gethostbyname_r.o src/network/getnameinfo.o src/network/getpeername.o src/network/getservbyname.o src/network/getservbyname_r.o src/network/getservbyport.o src/network/getservbyport_r.o src/network/getsockname.o src/network/getsockopt.o src/network/h_errno.o src/network/hstrerror.o src/network/htonl.o src/network/htons.o src/network/in6addr_any.o src/network/in6addr_loopback.o src/network/inet_addr.o src/network/inet_aton.o src/network/inet_ntoa.o src/network/inet_ntop.o src/network/inet_pton.o src/network/listen.o src/network/ntohl.o src/network/ntohs.o src/network/proto.o src/network/recv.o src/network/recvfrom.o src/network/recvmsg.o src/network/res_init.o src/network/res_query.o src/network/send.o src/network/sendmsg.o src/network/sendto.o src/network/serv.o src/network/setsockopt.o src/network/shutdown.o src/network/sockatmark.o src/network/socket.o src/network/socketpair.o src/passwd/getgr_r.o src/passwd/getgrent.o src/passwd/getgrent_a.o src/passwd/getpw_r.o src/passwd/getpwent.o src/passwd/getpwent_a.o src/passwd/getspent.o src/passwd/getspnam.o src/passwd/getspnam_r.o src/passwd/lckpwdf.o src/prng/__rand48_step.o src/prng/__seed48.o src/prng/drand48.o src/prng/lcong48.o src/prng/lrand48.o src/prng/mrand48.o src/prng/rand.o src/prng/rand_r.o src/prng/random.o src/prng/seed48.o src/prng/srand48.o src/prng/srandom.o src/process/execl.o src/process/execle.o src/process/execlp.o src/process/execv.o src/process/execve.o src/process/execvp.o src/process/fork.o src/process/system.o src/process/vfork.o src/process/wait.o src/process/waitid.o src/process/waitpid.o src/regex/fnmatch.o src/regex/glob.o src/regex/regcomp.o src/regex/regerror.o src/regex/regexec.o src/regex/tre-mem.o src/select/poll.o src/select/pselect.o src/select/select.o src/setjmp/longjmp.o src/setjmp/setjmp.o src/signal/getitimer.o src/signal/kill.o src/signal/killpg.o src/signal/raise.o src/signal/restore.o src/signal/setitimer.o src/signal/sigaction.o src/signal/sigaddset.o src/signal/sigaltstack.o src/signal/sigdelset.o src/signal/sigemptyset.o src/signal/sigfillset.o src/signal/sighold.o src/signal/sigignore.o src/signal/siginterrupt.o src/signal/sigismember.o src/signal/siglongjmp.o src/signal/signal.o src/signal/sigpause.o src/signal/sigpending.o src/signal/sigprocmask.o src/signal/sigqueue.o src/signal/sigrelse.o src/signal/sigrtmax.o src/signal/sigrtmin.o src/signal/sigset.o src/signal/sigsetjmp.o src/signal/sigsuspend.o src/signal/sigtimedwait.o src/signal/sigwait.o src/signal/sigwaitinfo.o src/stat/chmod.o src/stat/fchmod.o src/stat/fchmodat.o src/stat/fstat.o src/stat/fstatat.o src/stat/fstatvfs.o src/stat/lstat.o src/stat/mkdir.o src/stat/mkdirat.o src/stat/mkfifo.o src/stat/mkfifoat.o src/stat/mknod.o src/stat/mknodat.o src/stat/stat.o src/stat/statvfs.o src/stat/umask.o src/stdio/__fclose_ca.o src/stdio/__fdopen.o src/stdio/__fopen_rb_ca.o src/stdio/__fpending.o src/stdio/__ofl.o src/stdio/__overflow.o src/stdio/__scanf.o src/stdio/__stdio_close.o src/stdio/__stdio_read.o src/stdio/__stdio_seek.o src/stdio/__stdio_write.o src/stdio/__uflow.o src/stdio/__underflow.o src/stdio/asprintf.o src/stdio/clearerr.o src/stdio/dprintf.o src/stdio/fclose.o src/stdio/feof.o src/stdio/ferror.o src/stdio/fflush.o src/stdio/fgetc.o src/stdio/fgetpos.o src/stdio/fgets.o src/stdio/fgetwc.o src/stdio/fgetws.o src/stdio/fileno.o src/stdio/fmemopen.o src/stdio/fopen.o src/stdio/fprintf.o src/stdio/fputc.o src/stdio/fputs.o src/stdio/fputwc.o src/stdio/fputws.o src/stdio/fread.o src/stdio/freopen.o src/stdio/fscanf.o src/stdio/fseek.o src/stdio/fsetpos.o src/stdio/ftell.o src/stdio/fwide.o src/stdio/fwrite.o src/stdio/fwscanf.o src/stdio/getc.o src/stdio/getc_unlocked.o src/stdio/getchar.o src/stdio/getchar_unlocked.o src/stdio/getdelim.o src/stdio/getline.o src/stdio/gets.o src/stdio/getw.o src/stdio/getwc.o src/stdio/getwchar.o src/stdio/pclose.o src/stdio/perror.o src/stdio/popen.o src/stdio/printf.o src/stdio/putc.o src/stdio/putc_unlocked.o src/stdio/putchar.o src/stdio/putchar_unlocked.o src/stdio/puts.o src/stdio/putw.o src/stdio/putwc.o src/stdio/putwchar.o src/stdio/remove.o src/stdio/rename.o src/stdio/rewind.o src/stdio/scanf.o src/stdio/setbuf.o src/stdio/setvbuf.o src/stdio/snprintf.o src/stdio/sprintf.o src/stdio/sscanf.o src/stdio/stderr.o src/stdio/stdin.o src/stdio/stdout.o src/stdio/swscanf.o src/stdio/tempnam.o src/stdio/tmpfile.o src/stdio/tmpnam.o src/stdio/ungetc.o src/stdio/ungetwc.o src/stdio/vasprintf.o src/stdio/vdprintf.o src/stdio/vfprintf.o src/stdio/vfscanf.o src/stdio/vfwscanf.o src/stdio/vprintf.o src/stdio/vscanf.o src/stdio/vsnprintf.o src/stdio/vsprintf.o src/stdio/vsscanf.o src/stdio/vswscanf.o src/stdio/vwscanf.o src/stdio/wscanf.o src/stdlib/abs.o src/stdlib/atof.o src/stdlib/atoi.o src/stdlib/atol.o src/stdlib/atoll.o src/stdlib/bsearch.o src/stdlib/div.o src/stdlib/frexp.o src/stdlib/frexpf.o src/stdlib/frexpl.o src/stdlib/imaxabs.o src/stdlib/imaxdiv.o src/stdlib/labs.o src/stdlib/ldiv.o src/stdlib/llabs.o src/stdlib/lldiv.o src/stdlib/qsort.o src/stdlib/strtod.o src/stdlib/strtof.o src/stdlib/strtoimax.o src/stdlib/strtol.o src/stdlib/strtold.o src/stdlib/strtoll.o src/stdlib/strtoul.o src/stdlib/strtoull.o src/stdlib/strtoumax.o src/stdlib/wcstoimax.o src/stdlib/wcstol.o src/stdlib/wcstoll.o src/stdlib/wcstoul.o src/stdlib/wcstoull.o src/stdlib/wcstoumax.o src/string/bcmp.o src/string/bcopy.o src/string/bzero.o src/string/index.o src/string/memchr.o src/string/memcmp.o src/string/memcpy.o src/string/memmove.o src/string/mempcpy.o src/string/memset.o src/string/rindex.o src/string/stpcpy.o src/string/stpncpy.o src/string/strcasecmp.o src/string/strcasestr.o src/string/strcat.o src/string/strchr.o src/string/strchrnul.o src/string/strcmp.o src/string/strcpy.o src/string/strcspn.o src/string/strdup.o src/string/strerror_r.o src/string/strlcat.o src/string/strlcpy.o src/string/strlen.o src/string/strncasecmp.o src/string/strncat.o src/string/strncmp.o src/string/strncpy.o src/string/strndup.o src/string/strnlen.o src/string/strpbrk.o src/string/strrchr.o src/string/strsep.o src/string/strsignal.o src/string/strspn.o src/string/strstr.o src/string/strtok.o src/string/strtok_r.o src/string/swab.o src/string/wcscat.o src/string/wcschr.o src/string/wcscmp.o src/string/wcscpy.o src/string/wcscspn.o src/string/wcslen.o src/string/wcsncat.o src/string/wcsncmp.o src/string/wcsncpy.o src/string/wcspbrk.o src/string/wcsrchr.o src/string/wcsspn.o src/string/wcsstr.o src/string/wcswcs.o src/string/wmemchr.o src/string/wmemcmp.o src/string/wmemcpy.o src/string/wmemmove.o src/string/wmemset.o src/stub/utmpx.o src/temp/mkdtemp.o src/temp/mkstemp.o src/temp/mktemp.o src/termios/cfgetospeed.o src/termios/cfsetospeed.o src/termios/tcdrain.o src/termios/tcflow.o src/termios/tcflush.o src/termios/tcgetattr.o src/termios/tcgetsid.o src/termios/tcsendbreak.o src/termios/tcsetattr.o src/thread/__futex.o src/thread/__lock.o src/thread/__set_thread_area.o src/thread/__timedwait.o src/thread/__unmapself.o src/thread/__wait.o src/thread/__wake.o src/thread/cancellation.o src/thread/clone.o src/thread/pthread_attr_destroy.o src/thread/pthread_attr_getdetachstate.o src/thread/pthread_attr_getguardsize.o src/thread/pthread_attr_getscope.o src/thread/pthread_attr_getstacksize.o src/thread/pthread_attr_init.o src/thread/pthread_attr_setdetachstate.o src/thread/pthread_attr_setguardsize.o src/thread/pthread_attr_setscope.o src/thread/pthread_attr_setstacksize.o src/thread/pthread_barrier_destroy.o src/thread/pthread_barrier_init.o src/thread/pthread_barrier_wait.o src/thread/pthread_cancel.o src/thread/pthread_cond_broadcast.o src/thread/pthread_cond_destroy.o src/thread/pthread_cond_init.o src/thread/pthread_cond_signal.o src/thread/pthread_cond_timedwait.o src/thread/pthread_cond_wait.o src/thread/pthread_create.o src/thread/pthread_detach.o src/thread/pthread_equal.o src/thread/pthread_getspecific.o src/thread/pthread_join.o src/thread/pthread_key_create.o src/thread/pthread_key_delete.o src/thread/pthread_kill.o src/thread/pthread_mutex_destroy.o src/thread/pthread_mutex_init.o src/thread/pthread_mutex_lock.o src/thread/pthread_mutex_timedlock.o src/thread/pthread_mutex_trylock.o src/thread/pthread_mutex_unlock.o src/thread/pthread_mutexattr_destroy.o src/thread/pthread_mutexattr_gettype.o src/thread/pthread_mutexattr_init.o src/thread/pthread_mutexattr_settype.o src/thread/pthread_once.o src/thread/pthread_rwlock_destroy.o src/thread/pthread_rwlock_init.o src/thread/pthread_rwlock_rdlock.o src/thread/pthread_rwlock_timedrdlock.o src/thread/pthread_rwlock_timedwrlock.o src/thread/pthread_rwlock_tryrdlock.o src/thread/pthread_rwlock_trywrlock.o src/thread/pthread_rwlock_unlock.o src/thread/pthread_rwlock_wrlock.o src/thread/pthread_self.o src/thread/pthread_setcancelstate.o src/thread/pthread_setcanceltype.o src/thread/pthread_setspecific.o src/thread/pthread_spin_destroy.o src/thread/pthread_spin_init.o src/thread/pthread_spin_lock.o src/thread/pthread_spin_trylock.o src/thread/pthread_spin_unlock.o src/thread/pthread_testcancel.o src/time/__asctime.o src/time/__time_to_tm.o src/time/__tm_to_time.o src/time/asctime.o src/time/asctime_r.o src/time/clock.o src/time/clock_gettime.o src/time/ctime.o src/time/ctime_r.o src/time/difftime.o src/time/gettimeofday.o src/time/gmtime.o src/time/gmtime_r.o src/time/localtime.o src/time/localtime_r.o src/time/mktime.o src/time/nanosleep.o src/time/strftime.o src/time/strptime.o src/time/time.o src/time/times.o src/time/tzset.o src/time/utime.o src/unistd/_exit.o src/unistd/access.o src/unistd/alarm.o src/unistd/chdir.o src/unistd/chown.o src/unistd/close.o src/unistd/ctermid.o src/unistd/dup.o src/unistd/dup2.o src/unistd/faccessat.o src/unistd/fchdir.o src/unistd/fchown.o src/unistd/fchownat.o src/unistd/fdatasync.o src/unistd/fsync.o src/unistd/ftruncate.o src/unistd/getcwd.o src/unistd/getegid.o src/unistd/geteuid.o src/unistd/getgid.o src/unistd/getgroups.o src/unistd/gethostname.o src/unistd/getlogin.o src/unistd/getlogin_r.o src/unistd/getpgid.o src/unistd/getpgrp.o src/unistd/getpid.o src/unistd/getppid.o src/unistd/getsid.o src/unistd/getuid.o src/unistd/isatty.o src/unistd/lchown.o src/unistd/link.o src/unistd/linkat.o src/unistd/lseek.o src/unistd/nice.o src/unistd/pause.o src/unistd/pipe.o src/unistd/pread.o src/unistd/pwrite.o src/unistd/read.o src/unistd/readlink.o src/unistd/readlinkat.o src/unistd/readv.o src/unistd/renameat.o src/unistd/rmdir.o src/unistd/setegid.o src/unistd/seteuid.o src/unistd/setgid.o src/unistd/setpgid.o src/unistd/setpgrp.o src/unistd/setregid.o src/unistd/setreuid.o src/unistd/setsid.o src/unistd/setuid.o src/unistd/sleep.o src/unistd/symlink.o src/unistd/symlinkat.o src/unistd/sync.o src/unistd/tcgetpgrp.o src/unistd/tcsetpgrp.o src/unistd/truncate.o src/unistd/ttyname.o src/unistd/ttyname_r.o src/unistd/ualarm.o src/unistd/unlink.o src/unistd/unlinkat.o src/unistd/usleep.o src/unistd/write.o src/unistd/writev.o src/alloca86_64-bt.o src/alloca86_64.o src/libtcc1.o src/va_list.o src/syscall.o
./build.sh: line 830: ../tcc-0.9.27/tcc: not found
+ ../../busybox install -D -m 644 lib/libc.a ../musl-bootstrap-final/lib/libc.a
+ ../tcc-0.9.27/tcc -Os -nostdinc -ffreestanding '-std=c99' '-D_XOPEN_SOURCE=700' -pipe -g -I./include -I./src/internal -I./arch/x86_64 -c -o crt/crt1.o crt/x86_64/crt1.s
./build.sh: line 833: ../tcc-0.9.27/tcc: not found
+ ../../busybox cp crt/crt1.o lib/crt1.o
+ ../../busybox install -D -m 644 lib/crt1.o ../musl-bootstrap-final/lib/crt1.o
+ ../tcc-0.9.27/tcc -Os -nostdinc -ffreestanding '-std=c99' '-D_XOPEN_SOURCE=700' -pipe -g -I./include -I./src/internal -I./arch/x86_64 -c -o crt/crti.o crt/crti.c
./build.sh: line 836: ../tcc-0.9.27/tcc: not found
+ ../../busybox cp crt/crti.o lib/crti.o
+ ../../busybox install -D -m 644 lib/crti.o ../musl-bootstrap-final/lib/crti.o
+ ../tcc-0.9.27/tcc -Os -nostdinc -ffreestanding '-std=c99' '-D_XOPEN_SOURCE=700' -pipe -g -I./include -I./src/internal -I./arch/x86_64 -c -o crt/crtn.o crt/crtn.c
./build.sh: line 839: ../tcc-0.9.27/tcc: not found
+ ../../busybox cp crt/crtn.o lib/crtn.o
+ ../../busybox install -D -m 644 lib/crtn.o ../musl-bootstrap-final/lib/crtn.o
+ ../../busybox install -D -m 644 include/alloca.h ../musl-bootstrap-final/include/alloca.h
+ ../../busybox install -D -m 644 include/arpa/inet.h ../musl-bootstrap-final/include/arpa/inet.h
+ ../../busybox install -D -m 644 include/arpa/nameser.h ../musl-bootstrap-final/include/arpa/nameser.h
+ ../../busybox install -D -m 644 include/arpa/telnet.h ../musl-bootstrap-final/include/arpa/telnet.h
+ ../../busybox install -D -m 644 include/assert.h ../musl-bootstrap-final/include/assert.h
+ ../../busybox install -D -m 644 include/bits/alltypes.h ../musl-bootstrap-final/include/bits/alltypes.h
+ ../../busybox install -D -m 644 include/byteswap.h ../musl-bootstrap-final/include/byteswap.h
+ ../../busybox install -D -m 644 include/cpio.h ../musl-bootstrap-final/include/cpio.h
+ ../../busybox install -D -m 644 include/ctype.h ../musl-bootstrap-final/include/ctype.h
+ ../../busybox install -D -m 644 include/dirent.h ../musl-bootstrap-final/include/dirent.h
+ ../../busybox install -D -m 644 include/elf.h ../musl-bootstrap-final/include/elf.h
+ ../../busybox install -D -m 644 include/endian.h ../musl-bootstrap-final/include/endian.h
+ ../../busybox install -D -m 644 include/errno.h ../musl-bootstrap-final/include/errno.h
+ ../../busybox install -D -m 644 include/fcntl.h ../musl-bootstrap-final/include/fcntl.h
+ ../../busybox install -D -m 644 include/features.h ../musl-bootstrap-final/include/features.h
+ ../../busybox install -D -m 644 include/fenv.h ../musl-bootstrap-final/include/fenv.h
+ ../../busybox install -D -m 644 include/float.h ../musl-bootstrap-final/include/float.h
+ ../../busybox install -D -m 644 include/fnmatch.h ../musl-bootstrap-final/include/fnmatch.h
+ ../../busybox install -D -m 644 include/ftw.h ../musl-bootstrap-final/include/ftw.h
+ ../../busybox install -D -m 644 include/getopt.h ../musl-bootstrap-final/include/getopt.h
+ ../../busybox install -D -m 644 include/glob.h ../musl-bootstrap-final/include/glob.h
+ ../../busybox install -D -m 644 include/grp.h ../musl-bootstrap-final/include/grp.h
+ ../../busybox install -D -m 644 include/iconv.h ../musl-bootstrap-final/include/iconv.h
+ ../../busybox install -D -m 644 include/inttypes.h ../musl-bootstrap-final/include/inttypes.h
+ ../../busybox install -D -m 644 include/iso646.h ../musl-bootstrap-final/include/iso646.h
+ ../../busybox install -D -m 644 include/langinfo.h ../musl-bootstrap-final/include/langinfo.h
+ ../../busybox install -D -m 644 include/libgen.h ../musl-bootstrap-final/include/libgen.h
+ ../../busybox install -D -m 644 include/libintl.h ../musl-bootstrap-final/include/libintl.h
+ ../../busybox install -D -m 644 include/limits.h ../musl-bootstrap-final/include/limits.h
+ ../../busybox install -D -m 644 include/linux/loop.h ../musl-bootstrap-final/include/linux/loop.h
+ ../../busybox install -D -m 644 include/linux/version.h ../musl-bootstrap-final/include/linux/version.h
+ ../../busybox install -D -m 644 include/locale.h ../musl-bootstrap-final/include/locale.h
+ ../../busybox install -D -m 644 include/malloc.h ../musl-bootstrap-final/include/malloc.h
+ ../../busybox install -D -m 644 include/math.h ../musl-bootstrap-final/include/math.h
+ ../../busybox install -D -m 644 include/mntent.h ../musl-bootstrap-final/include/mntent.h
+ ../../busybox install -D -m 644 include/net/ethernet.h ../musl-bootstrap-final/include/net/ethernet.h
+ ../../busybox install -D -m 644 include/net/if.h ../musl-bootstrap-final/include/net/if.h
+ ../../busybox install -D -m 644 include/net/if_arp.h ../musl-bootstrap-final/include/net/if_arp.h
+ ../../busybox install -D -m 644 include/net/route.h ../musl-bootstrap-final/include/net/route.h
+ ../../busybox install -D -m 644 include/netdb.h ../musl-bootstrap-final/include/netdb.h
+ ../../busybox install -D -m 644 include/netinet/icmp6.h ../musl-bootstrap-final/include/netinet/icmp6.h
+ ../../busybox install -D -m 644 include/netinet/if_ether.h ../musl-bootstrap-final/include/netinet/if_ether.h
+ ../../busybox install -D -m 644 include/netinet/in.h ../musl-bootstrap-final/include/netinet/in.h
+ ../../busybox install -D -m 644 include/netinet/ip.h ../musl-bootstrap-final/include/netinet/ip.h
+ ../../busybox install -D -m 644 include/netinet/ip6.h ../musl-bootstrap-final/include/netinet/ip6.h
+ ../../busybox install -D -m 644 include/netinet/ip_icmp.h ../musl-bootstrap-final/include/netinet/ip_icmp.h
+ ../../busybox install -D -m 644 include/netinet/tcp.h ../musl-bootstrap-final/include/netinet/tcp.h
+ ../../busybox install -D -m 644 include/netinet/udp.h ../musl-bootstrap-final/include/netinet/udp.h
+ ../../busybox install -D -m 644 include/nl_types.h ../musl-bootstrap-final/include/nl_types.h
+ ../../busybox install -D -m 644 include/paths.h ../musl-bootstrap-final/include/paths.h
+ ../../busybox install -D -m 644 include/poll.h ../musl-bootstrap-final/include/poll.h
+ ../../busybox install -D -m 644 include/pthread.h ../musl-bootstrap-final/include/pthread.h
+ ../../busybox install -D -m 644 include/pty.h ../musl-bootstrap-final/include/pty.h
+ ../../busybox install -D -m 644 include/pwd.h ../musl-bootstrap-final/include/pwd.h
+ ../../busybox install -D -m 644 include/regex.h ../musl-bootstrap-final/include/regex.h
+ ../../busybox install -D -m 644 include/resolv.h ../musl-bootstrap-final/include/resolv.h
+ ../../busybox install -D -m 644 include/sched.h ../musl-bootstrap-final/include/sched.h
+ ../../busybox install -D -m 644 include/search.h ../musl-bootstrap-final/include/search.h
+ ../../busybox install -D -m 644 include/semaphore.h ../musl-bootstrap-final/include/semaphore.h
+ ../../busybox install -D -m 644 include/setjmp.h ../musl-bootstrap-final/include/setjmp.h
+ ../../busybox install -D -m 644 include/shadow.h ../musl-bootstrap-final/include/shadow.h
+ ../../busybox install -D -m 644 include/signal.h ../musl-bootstrap-final/include/signal.h
+ ../../busybox install -D -m 644 include/stdarg.h ../musl-bootstrap-final/include/stdarg.h
+ ../../busybox install -D -m 644 include/stdbool.h ../musl-bootstrap-final/include/stdbool.h
+ ../../busybox install -D -m 644 include/stddef.h ../musl-bootstrap-final/include/stddef.h
+ ../../busybox install -D -m 644 include/stdint.h ../musl-bootstrap-final/include/stdint.h
+ ../../busybox install -D -m 644 include/stdio.h ../musl-bootstrap-final/include/stdio.h
+ ../../busybox install -D -m 644 include/stdlib.h ../musl-bootstrap-final/include/stdlib.h
+ ../../busybox install -D -m 644 include/string.h ../musl-bootstrap-final/include/string.h
+ ../../busybox install -D -m 644 include/strings.h ../musl-bootstrap-final/include/strings.h
+ ../../busybox install -D -m 644 include/stropts.h ../musl-bootstrap-final/include/stropts.h
+ ../../busybox install -D -m 644 include/sys/epoll.h ../musl-bootstrap-final/include/sys/epoll.h
+ ../../busybox install -D -m 644 include/sys/file.h ../musl-bootstrap-final/include/sys/file.h
+ ../../busybox install -D -m 644 include/sys/ioctl.h ../musl-bootstrap-final/include/sys/ioctl.h
+ ../../busybox install -D -m 644 include/sys/ipc.h ../musl-bootstrap-final/include/sys/ipc.h
+ ../../busybox install -D -m 644 include/sys/kd.h ../musl-bootstrap-final/include/sys/kd.h
+ ../../busybox install -D -m 644 include/sys/klog.h ../musl-bootstrap-final/include/sys/klog.h
+ ../../busybox install -D -m 644 include/sys/mman.h ../musl-bootstrap-final/include/sys/mman.h
+ ../../busybox install -D -m 644 include/sys/mount.h ../musl-bootstrap-final/include/sys/mount.h
+ ../../busybox install -D -m 644 include/sys/msg.h ../musl-bootstrap-final/include/sys/msg.h
+ ../../busybox install -D -m 644 include/sys/mtio.h ../musl-bootstrap-final/include/sys/mtio.h
+ ../../busybox install -D -m 644 include/sys/param.h ../musl-bootstrap-final/include/sys/param.h
+ ../../busybox install -D -m 644 include/sys/poll.h ../musl-bootstrap-final/include/sys/poll.h
+ ../../busybox install -D -m 644 include/sys/prctl.h ../musl-bootstrap-final/include/sys/prctl.h
+ ../../busybox install -D -m 644 include/sys/procfs.h ../musl-bootstrap-final/include/sys/procfs.h
+ ../../busybox install -D -m 644 include/sys/ptrace.h ../musl-bootstrap-final/include/sys/ptrace.h
+ ../../busybox install -D -m 644 include/sys/reboot.h ../musl-bootstrap-final/include/sys/reboot.h
+ ../../busybox install -D -m 644 include/sys/reg.h ../musl-bootstrap-final/include/sys/reg.h
+ ../../busybox install -D -m 644 include/sys/resource.h ../musl-bootstrap-final/include/sys/resource.h
+ ../../busybox install -D -m 644 include/sys/select.h ../musl-bootstrap-final/include/sys/select.h
+ ../../busybox install -D -m 644 include/sys/sem.h ../musl-bootstrap-final/include/sys/sem.h
+ ../../busybox install -D -m 644 include/sys/shm.h ../musl-bootstrap-final/include/sys/shm.h
+ ../../busybox install -D -m 644 include/sys/signalfd.h ../musl-bootstrap-final/include/sys/signalfd.h
+ ../../busybox install -D -m 644 include/sys/socket.h ../musl-bootstrap-final/include/sys/socket.h
+ ../../busybox install -D -m 644 include/sys/soundcard.h ../musl-bootstrap-final/include/sys/soundcard.h
+ ../../busybox install -D -m 644 include/sys/stat.h ../musl-bootstrap-final/include/sys/stat.h
+ ../../busybox install -D -m 644 include/sys/statfs.h ../musl-bootstrap-final/include/sys/statfs.h
+ ../../busybox install -D -m 644 include/sys/statvfs.h ../musl-bootstrap-final/include/sys/statvfs.h
+ ../../busybox install -D -m 644 include/sys/stropts.h ../musl-bootstrap-final/include/sys/stropts.h
+ ../../busybox install -D -m 644 include/sys/swap.h ../musl-bootstrap-final/include/sys/swap.h
+ ../../busybox install -D -m 644 include/sys/sysctl.h ../musl-bootstrap-final/include/sys/sysctl.h
+ ../../busybox install -D -m 644 include/sys/sysinfo.h ../musl-bootstrap-final/include/sys/sysinfo.h
+ ../../busybox install -D -m 644 include/sys/sysmacros.h ../musl-bootstrap-final/include/sys/sysmacros.h
+ ../../busybox install -D -m 644 include/sys/time.h ../musl-bootstrap-final/include/sys/time.h
+ ../../busybox install -D -m 644 include/sys/times.h ../musl-bootstrap-final/include/sys/times.h
+ ../../busybox install -D -m 644 include/sys/types.h ../musl-bootstrap-final/include/sys/types.h
+ ../../busybox install -D -m 644 include/sys/ucontext.h ../musl-bootstrap-final/include/sys/ucontext.h
+ ../../busybox install -D -m 644 include/sys/uio.h ../musl-bootstrap-final/include/sys/uio.h
+ ../../busybox install -D -m 644 include/sys/un.h ../musl-bootstrap-final/include/sys/un.h
+ ../../busybox install -D -m 644 include/sys/user.h ../musl-bootstrap-final/include/sys/user.h
+ ../../busybox install -D -m 644 include/sys/utsname.h ../musl-bootstrap-final/include/sys/utsname.h
+ ../../busybox install -D -m 644 include/sys/vfs.h ../musl-bootstrap-final/include/sys/vfs.h
+ ../../busybox install -D -m 644 include/sys/vt.h ../musl-bootstrap-final/include/sys/vt.h
+ ../../busybox install -D -m 644 include/sys/wait.h ../musl-bootstrap-final/include/sys/wait.h
+ ../../busybox install -D -m 644 include/syslog.h ../musl-bootstrap-final/include/syslog.h
+ ../../busybox install -D -m 644 include/tar.h ../musl-bootstrap-final/include/tar.h
+ ../../busybox install -D -m 644 include/termios.h ../musl-bootstrap-final/include/termios.h
+ ../../busybox install -D -m 644 include/time.h ../musl-bootstrap-final/include/time.h
+ ../../busybox install -D -m 644 include/ucontext.h ../musl-bootstrap-final/include/ucontext.h
+ ../../busybox install -D -m 644 include/ulimit.h ../musl-bootstrap-final/include/ulimit.h
+ ../../busybox install -D -m 644 include/unistd.h ../musl-bootstrap-final/include/unistd.h
+ ../../busybox install -D -m 644 include/utime.h ../musl-bootstrap-final/include/utime.h
+ ../../busybox install -D -m 644 include/utmp.h ../musl-bootstrap-final/include/utmp.h
+ ../../busybox install -D -m 644 include/utmpx.h ../musl-bootstrap-final/include/utmpx.h
+ ../../busybox install -D -m 644 include/wchar.h ../musl-bootstrap-final/include/wchar.h
+ ../../busybox install -D -m 644 include/wctype.h ../musl-bootstrap-final/include/wctype.h
+ ../../busybox install -D -m 644 include/wordexp.h ../musl-bootstrap-final/include/wordexp.h
+ cd tcc-final
+ ../tcc-0.9.27/tcc -Wall -g -static -nostdinc -nostdlib -B ../tcc-bootstrap -I ../musl-final/include tcc.c ../musl-final/lib/crt1.o ../musl-final/lib/crti.o ../musl-final/lib/crtn.o ../musl-final/lib/libc.a -o tcc
/code/initboot.sh: line 63: ../tcc-0.9.27/tcc: not found
